Notes,Year,Year Code,State,State Code,Ten-Year Age Groups,Ten-Year Age Groups Code,Deaths,Population,Crude Rate
,1999,1999,Alabama,01,45-54 years,45-54,3157,585651,539.1
,1999,1999,Alabama,01,55-64 years,55-64,5041,410542,1227.9
,1999,1999,Alaska,02,45-54 years,45-54,310,92120,336.5
,1999,1999,Alaska,02,55-64 years,55-64,393,43341,906.8
,1999,1999,Arizona,04,45-54 years,45-54,2660,604767,439.8
,1999,1999,Arizona,04,55-64 years,55-64,4121,427747,963.4
,1999,1999,Arkansas,05,45-54 years,45-54,1734,340043,509.9
,1999,1999,Arkansas,05,55-64 years,55-64,2931,251017,1167.6
,1999,1999,California,06,45-54 years,45-54,16051,4189310,383.1
,1999,1999,California,06,55-64 years,55-64,22661,2543047,891.1
,1999,1999,Colorado,08,45-54 years,45-54,1900,593059,320.4
,1999,1999,Colorado,08,55-64 years,55-64,2662,329046,809.0
,1999,1999,Connecticut,09,45-54 years,45-54,1642,469320,349.9
,1999,1999,Connecticut,09,55-64 years,55-64,2552,302459,843.8
,1999,1999,Delaware,10,45-54 years,45-54,426,100828,422.5
,1999,1999,Delaware,10,55-64 years,55-64,674,69886,964.4
,1999,1999,District of Columbia,11,45-54 years,45-54,646,73239,882.0
,1999,1999,District of Columbia,11,55-64 years,55-64,717,48709,1472.0
,1999,1999,Florida,12,45-54 years,45-54,9178,1991942,460.8
,1999,1999,Florida,12,55-64 years,55-64,14894,1509450,986.7
,1999,1999,Georgia,13,45-54 years,45-54,5107,1046564,488.0
,1999,1999,Georgia,13,55-64 years,55-64,7609,642834,1183.7
,1999,1999,Hawaii,15,45-54 years,45-54,578,167257,345.6
,1999,1999,Hawaii,15,55-64 years,55-64,854,103642,824.0
,1999,1999,Idaho,16,45-54 years,45-54,543,164613,329.9
,1999,1999,Idaho,16,55-64 years,55-64,873,104652,834.2
,1999,1999,Illinois,17,45-54 years,45-54,6687,1584101,422.1
,1999,1999,Illinois,17,55-64 years,55-64,10728,1029288,1042.3
,1999,1999,Indiana,18,45-54 years,45-54,3386,795740,425.5
,1999,1999,Indiana,18,55-64 years,55-64,5546,522962,1060.5
,1999,1999,Iowa,19,45-54 years,45-54,1213,382540,317.1
,1999,1999,Iowa,19,55-64 years,55-64,2231,255776,872.2
,1999,1999,Kansas,20,45-54 years,45-54,1294,344157,376.0
,1999,1999,Kansas,20,55-64 years,55-64,2179,217720,1000.8
,1999,1999,Kentucky,21,45-54 years,45-54,2556,541439,472.1
,1999,1999,Kentucky,21,55-64 years,55-64,4497,365988,1228.7
,1999,1999,Louisiana,22,45-54 years,45-54,3161,570443,554.1
,1999,1999,Louisiana,22,55-64 years,55-64,4677,373236,1253.1
,1999,1999,Maine,23,45-54 years,45-54,633,186351,339.7
,1999,1999,Maine,23,55-64 years,55-64,1117,119812,932.3
,1999,1999,Maryland,24,45-54 years,45-54,3179,734690,432.7
,1999,1999,Maryland,24,55-64 years,55-64,4529,458782,987.2
,1999,1999,Massachusetts,25,45-54 years,45-54,2874,849890,338.2
,1999,1999,Massachusetts,25,55-64 years,55-64,4565,534483,854.1
,1999,1999,Michigan,26,45-54 years,45-54,5904,1330187,443.8
,1999,1999,Michigan,26,55-64 years,55-64,8839,849844,1040.1
,1999,1999,Minnesota,27,45-54 years,45-54,1926,643345,299.4
,1999,1999,Minnesota,27,55-64 years,55-64,3184,395829,804.4
,1999,1999,Mississippi,28,45-54 years,45-54,2057,351029,586.0
,1999,1999,Mississippi,28,55-64 years,55-64,3284,242369,1355.0
,1999,1999,Missouri,29,45-54 years,45-54,3189,721187,442.2
,1999,1999,Missouri,29,55-64 years,55-64,5431,499269,1087.8
,1999,1999,Montana,30,45-54 years,45-54,470,131005,358.8
,1999,1999,Montana,30,55-64 years,55-64,757,83236,909.5
,1999,1999,Nebraska,31,45-54 years,45-54,708,219376,322.7
,1999,1999,Nebraska,31,55-64 years,55-64,1298,140276,925.3
,1999,1999,Nevada,32,45-54 years,45-54,1220,256389,475.8
,1999,1999,Nevada,32,55-64 years,55-64,2064,181820,1135.2
,1999,1999,New Hampshire,33,45-54 years,45-54,560,177026,316.3
,1999,1999,New Hampshire,33,55-64 years,55-64,907,105806,857.2
,1999,1999,New Jersey,34,45-54 years,45-54,4534,1131136,400.8
,1999,1999,New Jersey,34,55-64 years,55-64,6894,741079,930.3
,1999,1999,New Mexico,35,45-54 years,45-54,1025,238706,429.4
,1999,1999,New Mexico,35,55-64 years,55-64,1355,155004,874.2
,1999,1999,New York,36,45-54 years,45-54,10345,2495085,414.6
,1999,1999,New York,36,55-64 years,55-64,15952,1665039,958.1
,1999,1999,North Carolina,37,45-54 years,45-54,4931,1055999,467.0
,1999,1999,North Carolina,37,55-64 years,55-64,7768,709827,1094.4
,1999,1999,North Dakota,38,45-54 years,45-54,252,82904,304.0
,1999,1999,North Dakota,38,55-64 years,55-64,488,53119,918.7
,1999,1999,Ohio,39,45-54 years,45-54,6329,1524753,415.1
,1999,1999,Ohio,39,55-64 years,55-64,10615,1002437,1058.9
,1999,1999,Oklahoma,40,45-54 years,45-54,2164,442669,488.9
,1999,1999,Oklahoma,40,55-64 years,55-64,3637,311587,1167.3
,1999,1999,Oregon,41,45-54 years,45-54,1849,494990,373.5
,1999,1999,Oregon,41,55-64 years,55-64,2646,295963,894.0
,1999,1999,Pennsylvania,42,45-54 years,45-54,6877,1659066,414.5
,1999,1999,Pennsylvania,42,55-64 years,55-64,11442,1120735,1020.9
,1999,1999,Rhode Island,44,45-54 years,45-54,482,137211,351.3
,1999,1999,Rhode Island,44,55-64 years,55-64,790,86875,909.4
,1999,1999,South Carolina,45,45-54 years,45-54,2984,534290,558.5
,1999,1999,South Carolina,45,55-64 years,55-64,4522,363014,1245.7
,1999,1999,South Dakota,46,45-54 years,45-54,367,94025,390.3
,1999,1999,South Dakota,46,55-64 years,55-64,559,61483,909.2
,1999,1999,Tennessee,47,45-54 years,45-54,3846,766932,501.5
,1999,1999,Tennessee,47,55-64 years,55-64,6209,523680,1185.6
,1999,1999,Texas,48,45-54 years,45-54,10650,2520859,422.5
,1999,1999,Texas,48,55-64 years,55-64,15931,1556665,1023.4
,1999,1999,Utah,49,45-54 years,45-54,797,229601,347.1
,1999,1999,Utah,49,55-64 years,55-64,1028,139586,736.5
,1999,1999,Vermont,50,45-54 years,45-54,299,90995,328.6
,1999,1999,Vermont,50,55-64 years,55-64,474,55054,861.0
,1999,1999,Virginia,51,45-54 years,45-54,3736,971938,384.4
,1999,1999,Virginia,51,55-64 years,55-64,6110,614851,993.7
,1999,1999,Washington,53,45-54 years,45-54,2730,823218,331.6
,1999,1999,Washington,53,55-64 years,55-64,4127,482712,855.0
,1999,1999,West Virginia,54,45-54 years,45-54,1186,264484,448.4
,1999,1999,West Virginia,54,55-64 years,55-64,2199,182958,1201.9
,1999,1999,Wisconsin,55,45-54 years,45-54,2365,709818,333.2
,1999,1999,Wisconsin,55,55-64 years,55-64,4009,450254,890.4
,1999,1999,Wyoming,56,45-54 years,45-54,277,71532,387.2
,1999,1999,Wyoming,56,55-64 years,55-64,409,43236,946.0
,2000,2000,Alabama,01,45-54 years,45-54,3265,600209,544.0
,2000,2000,Alabama,01,55-64 years,55-64,5110,415532,1229.7
,2000,2000,Alaska,02,45-54 years,45-54,358,94952,377.0
,2000,2000,Alaska,02,55-64 years,55-64,389,44750,869.3
,2000,2000,Arizona,04,45-54 years,45-54,2783,627904,443.2
,2000,2000,Arizona,04,55-64 years,55-64,4071,442372,920.3
,2000,2000,Arkansas,05,45-54 years,45-54,1808,349519,517.3
,2000,2000,Arkansas,05,55-64 years,55-64,3075,256783,1197.5
,2000,2000,California,06,45-54 years,45-54,16430,4331635,379.3
,2000,2000,California,06,55-64 years,55-64,22896,2614093,875.9
,2000,2000,Colorado,08,45-54 years,45-54,2068,614125,336.7
,2000,2000,Colorado,08,55-64 years,55-64,2666,339307,785.7
,2000,2000,Connecticut,09,45-54 years,45-54,1732,480807,360.2
,2000,2000,Connecticut,09,55-64 years,55-64,2657,308613,860.9
,2000,2000,Delaware,10,45-54 years,45-54,441,103999,424.0
,2000,2000,Delaware,10,55-64 years,55-64,727,71519,1016.5
,2000,2000,District of Columbia,11,45-54 years,45-54,633,75310,840.5
,2000,2000,District of Columbia,11,55-64 years,55-64,733,49783,1472.4
,2000,2000,Florida,12,45-54 years,45-54,10132,2069479,489.6
,2000,2000,Florida,12,55-64 years,55-64,15079,1559013,967.2
,2000,2000,Georgia,13,45-54 years,45-54,5424,1079992,502.2
,2000,2000,Georgia,13,55-64 years,55-64,7705,661456,1164.9
,2000,2000,Hawaii,15,45-54 years,45-54,598,170979,349.8
,2000,2000,Hawaii,15,55-64 years,55-64,889,106961,831.1
,2000,2000,Idaho,16,45-54 years,45-54,571,170248,335.4
,2000,2000,Idaho,16,55-64 years,55-64,899,107529,836.1
,2000,2000,Illinois,17,45-54 years,45-54,6906,1626742,424.5
,2000,2000,Illinois,17,55-64 years,55-64,10423,1040633,1001.6
,2000,2000,Indiana,18,45-54 years,45-54,3522,816865,431.2
,2000,2000,Indiana,18,55-64 years,55-64,5657,529844,1067.7
,2000,2000,Iowa,19,45-54 years,45-54,1320,392794,336.1
,2000,2000,Iowa,19,55-64 years,55-64,2211,257412,858.9
,2000,2000,Kansas,20,45-54 years,45-54,1281,354147,361.7
,2000,2000,Kansas,20,55-64 years,55-64,2054,220253,932.6
,2000,2000,Kentucky,21,45-54 years,45-54,2679,556932,481.0
,2000,2000,Kentucky,21,55-64 years,55-64,4402,372595,1181.4
,2000,2000,Louisiana,22,45-54 years,45-54,3341,586271,569.9
,2000,2000,Louisiana,22,55-64 years,55-64,4944,379048,1304.3
,2000,2000,Maine,23,45-54 years,45-54,684,192596,355.1
,2000,2000,Maine,23,55-64 years,55-64,1113,123187,903.5
,2000,2000,Maryland,24,45-54 years,45-54,3372,755032,446.6
,2000,2000,Maryland,24,55-64 years,55-64,4696,470376,998.4
,2000,2000,Massachusetts,25,45-54 years,45-54,3096,873353,354.5
,2000,2000,Massachusetts,25,55-64 years,55-64,4764,546407,871.9
,2000,2000,Michigan,26,45-54 years,45-54,6030,1367939,440.8
,2000,2000,Michigan,26,55-64 years,55-64,8781,863039,1017.5
,2000,2000,Minnesota,27,45-54 years,45-54,2034,665696,305.5
,2000,2000,Minnesota,27,55-64 years,55-64,3106,404869,767.2
,2000,2000,Mississippi,28,45-54 years,45-54,2167,361981,598.7
,2000,2000,Mississippi,28,55-64 years,55-64,3298,245823,1341.6
,2000,2000,Missouri,29,45-54 years,45-54,3275,742462,441.1
,2000,2000,Missouri,29,55-64 years,55-64,5409,507398,1066.0
,2000,2000,Montana,30,45-54 years,45-54,465,135088,344.2
,2000,2000,Montana,30,55-64 years,55-64,778,85119,914.0
,2000,2000,Nebraska,31,45-54 years,45-54,759,225754,336.2
,2000,2000,Nebraska,31,55-64 years,55-64,1163,141540,821.7
,2000,2000,Nevada,32,45-54 years,45-54,1339,269050,497.7
,2000,2000,Nevada,32,55-64 years,55-64,2130,190199,1119.9
,2000,2000,New Hampshire,33,45-54 years,45-54,602,183986,327.2
,2000,2000,New Hampshire,33,55-64 years,55-64,890,109659,811.6
,2000,2000,New Jersey,34,45-54 years,45-54,4648,1158898,401.1
,2000,2000,New Jersey,34,55-64 years,55-64,6927,753984,918.7
,2000,2000,New Mexico,35,45-54 years,45-54,1016,245819,413.3
,2000,2000,New Mexico,35,55-64 years,55-64,1344,158752,846.6
,2000,2000,New York,36,45-54 years,45-54,10525,2552936,412.3
,2000,2000,New York,36,55-64 years,55-64,15685,1687987,929.2
,2000,2000,North Carolina,37,45-54 years,45-54,5290,1085150,487.5
,2000,2000,North Carolina,37,55-64 years,55-64,8049,723712,1112.2
,2000,2000,North Dakota,38,45-54 years,45-54,260,85431,304.3
,2000,2000,North Dakota,38,55-64 years,55-64,454,53433,849.7
,2000,2000,Ohio,39,45-54 years,45-54,6706,1566384,428.1
,2000,2000,Ohio,39,55-64 years,55-64,10621,1008906,1052.7
,2000,2000,Oklahoma,40,45-54 years,45-54,2261,453761,498.3
,2000,2000,Oklahoma,40,55-64 years,55-64,3822,316329,1208.2
,2000,2000,Oregon,41,45-54 years,45-54,1838,507155,362.4
,2000,2000,Oregon,41,55-64 years,55-64,2697,304388,886.0
,2000,2000,Pennsylvania,42,45-54 years,45-54,7182,1705032,421.2
,2000,2000,Pennsylvania,42,55-64 years,55-64,11493,1131625,1015.6
,2000,2000,Rhode Island,44,45-54 years,45-54,513,141863,361.6
,2000,2000,Rhode Island,44,55-64 years,55-64,775,88989,870.9
,2000,2000,South Carolina,45,45-54 years,45-54,3113,550321,565.7
,2000,2000,South Carolina,45,55-64 years,55-64,4458,372911,1195.5
,2000,2000,South Dakota,46,45-54 years,45-54,359,97682,367.5
,2000,2000,South Dakota,46,55-64 years,55-64,538,62349,862.9
,2000,2000,Tennessee,47,45-54 years,45-54,3999,786916,508.2
,2000,2000,Tennessee,47,55-64 years,55-64,6371,533251,1194.7
,2000,2000,Texas,48,45-54 years,45-54,11330,2611137,433.9
,2000,2000,Texas,48,55-64 years,55-64,16394,1598190,1025.8
,2000,2000,Utah,49,45-54 years,45-54,775,237710,326.0
,2000,2000,Utah,49,55-64 years,55-64,1102,142508,773.3
,2000,2000,Vermont,50,45-54 years,45-54,318,93832,338.9
,2000,2000,Vermont,50,55-64 years,55-64,439,56920,771.3
,2000,2000,Virginia,51,45-54 years,45-54,4008,999256,401.1
,2000,2000,Virginia,51,55-64 years,55-64,6248,631611,989.2
,2000,2000,Washington,53,45-54 years,45-54,2927,845972,346.0
,2000,2000,Washington,53,55-64 years,55-64,4190,496580,843.8
,2000,2000,West Virginia,54,45-54 years,45-54,1292,270466,477.7
,2000,2000,West Virginia,54,55-64 years,55-64,2223,184816,1202.8
,2000,2000,Wisconsin,55,45-54 years,45-54,2588,732306,353.4
,2000,2000,Wisconsin,55,55-64 years,55-64,3908,457741,853.8
,2000,2000,Wyoming,56,45-54 years,45-54,278,74079,375.3
,2000,2000,Wyoming,56,55-64 years,55-64,393,44590,881.4
,2001,2001,Alabama,01,45-54 years,45-54,3495,623455,560.6
,2001,2001,Alabama,01,55-64 years,55-64,5127,425024,1206.3
,2001,2001,Alaska,02,45-54 years,45-54,400,99953,400.2
,2001,2001,Alaska,02,55-64 years,55-64,417,47643,875.3
,2001,2001,Arizona,04,45-54 years,45-54,2864,664404,431.1
,2001,2001,Arizona,04,55-64 years,55-64,4178,464349,899.8
,2001,2001,Arkansas,05,45-54 years,45-54,1865,363232,513.4
,2001,2001,Arkansas,05,55-64 years,55-64,3062,262728,1165.5
,2001,2001,California,06,45-54 years,45-54,17495,4534278,385.8
,2001,2001,California,06,55-64 years,55-64,23522,2728417,862.1
,2001,2001,Colorado,08,45-54 years,45-54,2185,649273,336.5
,2001,2001,Colorado,08,55-64 years,55-64,2683,357994,749.5
,2001,2001,Connecticut,09,45-54 years,45-54,1720,500419,343.7
,2001,2001,Connecticut,09,55-64 years,55-64,2549,319614,797.5
,2001,2001,Delaware,10,45-54 years,45-54,497,109563,453.6
,2001,2001,Delaware,10,55-64 years,55-64,780,74242,1050.6
,2001,2001,District of Columbia,11,45-54 years,45-54,678,77125,879.1
,2001,2001,District of Columbia,11,55-64 years,55-64,716,51090,1401.4
,2001,2001,Florida,12,45-54 years,45-54,10400,2187061,475.5
,2001,2001,Florida,12,55-64 years,55-64,15600,1628075,958.2
,2001,2001,Georgia,13,45-54 years,45-54,5673,1135370,499.7
,2001,2001,Georgia,13,55-64 years,55-64,7905,692052,1142.3
,2001,2001,Hawaii,15,45-54 years,45-54,679,177362,382.8
,2001,2001,Hawaii,15,55-64 years,55-64,869,112826,770.2
,2001,2001,Idaho,16,45-54 years,45-54,599,178911,334.8
,2001,2001,Idaho,16,55-64 years,55-64,948,112692,841.2
,2001,2001,Illinois,17,45-54 years,45-54,7099,1693476,419.2
,2001,2001,Illinois,17,55-64 years,55-64,10661,1063657,1002.3
,2001,2001,Indiana,18,45-54 years,45-54,3684,851664,432.6
,2001,2001,Indiana,18,55-64 years,55-64,5599,542610,1031.9
,2001,2001,Iowa,19,45-54 years,45-54,1309,408822,320.2
,2001,2001,Iowa,19,55-64 years,55-64,2158,262251,822.9
,2001,2001,Kansas,20,45-54 years,45-54,1400,370908,377.5
,2001,2001,Kansas,20,55-64 years,55-64,2127,225990,941.2
,2001,2001,Kentucky,21,45-54 years,45-54,2893,579011,499.6
,2001,2001,Kentucky,21,55-64 years,55-64,4596,382298,1202.2
,2001,2001,Louisiana,22,45-54 years,45-54,3457,611506,565.3
,2001,2001,Louisiana,22,55-64 years,55-64,4987,388603,1283.3
,2001,2001,Maine,23,45-54 years,45-54,662,201588,328.4
,2001,2001,Maine,23,55-64 years,55-64,1152,127562,903.1
,2001,2001,Maryland,24,45-54 years,45-54,3476,788762,440.7
,2001,2001,Maryland,24,55-64 years,55-64,4729,488309,968.4
,2001,2001,Massachusetts,25,45-54 years,45-54,3256,908019,358.6
,2001,2001,Massachusetts,25,55-64 years,55-64,4756,564678,842.2
,2001,2001,Michigan,26,45-54 years,45-54,6303,1424713,442.4
,2001,2001,Michigan,26,55-64 years,55-64,8798,885690,993.3
,2001,2001,Minnesota,27,45-54 years,45-54,2096,700082,299.4
,2001,2001,Minnesota,27,55-64 years,55-64,3198,419324,762.7
,2001,2001,Mississippi,28,45-54 years,45-54,2234,377472,591.8
,2001,2001,Mississippi,28,55-64 years,55-64,3247,251411,1291.5
,2001,2001,Missouri,29,45-54 years,45-54,3460,776650,445.5
,2001,2001,Missouri,29,55-64 years,55-64,5372,520334,1032.4
,2001,2001,Montana,30,45-54 years,45-54,489,140941,347.0
,2001,2001,Montana,30,55-64 years,55-64,809,88135,917.9
,2001,2001,Nebraska,31,45-54 years,45-54,800,236398,338.4
,2001,2001,Nebraska,31,55-64 years,55-64,1181,144935,814.8
,2001,2001,Nevada,32,45-54 years,45-54,1402,288804,485.5
,2001,2001,Nevada,32,55-64 years,55-64,2206,203982,1081.5
,2001,2001,New Hampshire,33,45-54 years,45-54,600,193773,309.6
,2001,2001,New Hampshire,33,55-64 years,55-64,934,114338,816.9
,2001,2001,New Jersey,34,45-54 years,45-54,4953,1204079,411.4
,2001,2001,New Jersey,34,55-64 years,55-64,7063,777179,908.8
,2001,2001,New Mexico,35,45-54 years,45-54,1169,255769,457.1
,2001,2001,New Mexico,35,55-64 years,55-64,1427,164474,867.6
,2001,2001,New York,36,45-54 years,45-54,11094,2638062,420.5
,2001,2001,New York,36,55-64 years,55-64,15750,1731539,909.6
,2001,2001,North Carolina,37,45-54 years,45-54,5334,1138402,468.6
,2001,2001,North Carolina,37,55-64 years,55-64,7921,752652,1052.4
,2001,2001,North Dakota,38,45-54 years,45-54,297,89160,333.1
,2001,2001,North Dakota,38,55-64 years,55-64,458,54454,841.1
,2001,2001,Ohio,39,45-54 years,45-54,6979,1632195,427.6
,2001,2001,Ohio,39,55-64 years,55-64,10546,1028082,1025.8
,2001,2001,Oklahoma,40,45-54 years,45-54,2386,471378,506.2
,2001,2001,Oklahoma,40,55-64 years,55-64,3675,323194,1137.1
,2001,2001,Oregon,41,45-54 years,45-54,1979,527723,375.0
,2001,2001,Oregon,41,55-64 years,55-64,2870,318978,899.7
,2001,2001,Pennsylvania,42,45-54 years,45-54,7564,1775122,426.1
,2001,2001,Pennsylvania,42,55-64 years,55-64,11399,1152727,988.9
,2001,2001,Rhode Island,44,45-54 years,45-54,562,148366,378.8
,2001,2001,Rhode Island,44,55-64 years,55-64,795,92134,862.9
,2001,2001,South Carolina,45,45-54 years,45-54,3090,573346,538.9
,2001,2001,South Carolina,45,55-64 years,55-64,4560,387682,1176.2
,2001,2001,South Dakota,46,45-54 years,45-54,370,102896,359.6
,2001,2001,South Dakota,46,55-64 years,55-64,570,63986,890.8
,2001,2001,Tennessee,47,45-54 years,45-54,4280,819249,522.4
,2001,2001,Tennessee,47,55-64 years,55-64,6352,548525,1158.0
,2001,2001,Texas,48,45-54 years,45-54,12045,2754067,437.4
,2001,2001,Texas,48,55-64 years,55-64,17032,1665762,1022.5
,2001,2001,Utah,49,45-54 years,45-54,874,252066,346.7
,2001,2001,Utah,49,55-64 years,55-64,1188,148851,798.1
,2001,2001,Vermont,50,45-54 years,45-54,312,97573,319.8
,2001,2001,Vermont,50,55-64 years,55-64,461,59255,778.0
,2001,2001,Virginia,51,45-54 years,45-54,4235,1045375,405.1
,2001,2001,Virginia,51,55-64 years,55-64,6196,658030,941.6
,2001,2001,Washington,53,45-54 years,45-54,3022,884847,341.5
,2001,2001,Washington,53,55-64 years,55-64,4338,521330,832.1
,2001,2001,West Virginia,54,45-54 years,45-54,1384,278869,496.3
,2001,2001,West Virginia,54,55-64 years,55-64,2189,188133,1163.5
,2001,2001,Wisconsin,55,45-54 years,45-54,2653,767103,345.8
,2001,2001,Wisconsin,55,55-64 years,55-64,4076,471454,864.6
,2001,2001,Wyoming,56,45-54 years,45-54,313,77626,403.2
,2001,2001,Wyoming,56,55-64 years,55-64,407,46021,884.4
,2002,2002,Alabama,01,45-54 years,45-54,3574,629906,567.4
,2002,2002,Alabama,01,55-64 years,55-64,5297,447523,1183.6
,2002,2002,Alaska,02,45-54 years,45-54,427,102844,415.2
,2002,2002,Alaska,02,55-64 years,55-64,480,52428,915.5
,2002,2002,Arizona,04,45-54 years,45-54,3160,682453,463.0
,2002,2002,Arizona,04,55-64 years,55-64,4434,496951,892.2
,2002,2002,Arkansas,05,45-54 years,45-54,1967,366034,537.4
,2002,2002,Arkansas,05,55-64 years,55-64,3275,276471,1184.6
,2002,2002,California,06,45-54 years,45-54,17509,4622331,378.8
,2002,2002,California,06,55-64 years,55-64,24315,2909487,835.7
,2002,2002,Colorado,08,45-54 years,45-54,2368,661761,357.8
,2002,2002,Colorado,08,55-64 years,55-64,2956,387560,762.7
,2002,2002,Connecticut,09,45-54 years,45-54,1771,505227,350.5
,2002,2002,Connecticut,09,55-64 years,55-64,2618,341014,767.7
,2002,2002,Delaware,10,45-54 years,45-54,512,111493,459.2
,2002,2002,Delaware,10,55-64 years,55-64,701,79580,880.9
,2002,2002,District of Columbia,11,45-54 years,45-54,712,76836,926.6
,2002,2002,District of Columbia,11,55-64 years,55-64,729,53562,1361.0
,2002,2002,Florida,12,45-54 years,45-54,10730,2248479,477.2
,2002,2002,Florida,12,55-64 years,55-64,16137,1734211,930.5
,2002,2002,Georgia,13,45-54 years,45-54,5904,1157257,510.2
,2002,2002,Georgia,13,55-64 years,55-64,8348,742675,1124.0
,2002,2002,Hawaii,15,45-54 years,45-54,655,180966,361.9
,2002,2002,Hawaii,15,55-64 years,55-64,960,120150,799.0
,2002,2002,Idaho,16,45-54 years,45-54,680,182900,371.8
,2002,2002,Idaho,16,55-64 years,55-64,943,120481,782.7
,2002,2002,Illinois,17,45-54 years,45-54,7381,1713507,430.8
,2002,2002,Illinois,17,55-64 years,55-64,10845,1121108,967.3
,2002,2002,Indiana,18,45-54 years,45-54,3832,861047,445.0
,2002,2002,Indiana,18,55-64 years,55-64,5796,574351,1009.1
,2002,2002,Iowa,19,45-54 years,45-54,1372,413615,331.7
,2002,2002,Iowa,19,55-64 years,55-64,2204,275536,799.9
,2002,2002,Kansas,20,45-54 years,45-54,1500,376928,398.0
,2002,2002,Kansas,20,55-64 years,55-64,2184,239555,911.7
,2002,2002,Kentucky,21,45-54 years,45-54,2922,584781,499.7
,2002,2002,Kentucky,21,55-64 years,55-64,4871,405555,1201.1
,2002,2002,Louisiana,22,45-54 years,45-54,3514,621153,565.7
,2002,2002,Louisiana,22,55-64 years,55-64,5018,410797,1221.5
,2002,2002,Maine,23,45-54 years,45-54,691,204357,338.1
,2002,2002,Maine,23,55-64 years,55-64,1244,136668,910.2
,2002,2002,Maryland,24,45-54 years,45-54,3609,799419,451.5
,2002,2002,Maryland,24,55-64 years,55-64,4884,522424,934.9
,2002,2002,Massachusetts,25,45-54 years,45-54,3362,913819,367.9
,2002,2002,Massachusetts,25,55-64 years,55-64,4998,602113,830.1
,2002,2002,Michigan,26,45-54 years,45-54,6568,1441826,455.5
,2002,2002,Michigan,26,55-64 years,55-64,9078,939378,966.4
,2002,2002,Minnesota,27,45-54 years,45-54,2218,713687,310.8
,2002,2002,Minnesota,27,55-64 years,55-64,3221,445928,722.3
,2002,2002,Mississippi,28,45-54 years,45-54,2343,382407,612.7
,2002,2002,Mississippi,28,55-64 years,55-64,3475,265001,1311.3
,2002,2002,Missouri,29,45-54 years,45-54,3636,787934,461.5
,2002,2002,Missouri,29,55-64 years,55-64,5598,549240,1019.2
,2002,2002,Montana,30,45-54 years,45-54,558,143136,389.8
,2002,2002,Montana,30,55-64 years,55-64,865,93830,921.9
,2002,2002,Nebraska,31,45-54 years,45-54,798,240090,332.4
,2002,2002,Nebraska,31,55-64 years,55-64,1342,152607,879.4
,2002,2002,Nevada,32,45-54 years,45-54,1486,298359,498.1
,2002,2002,Nevada,32,55-64 years,55-64,2284,222218,1027.8
,2002,2002,New Hampshire,33,45-54 years,45-54,625,197003,317.3
,2002,2002,New Hampshire,33,55-64 years,55-64,990,123874,799.2
,2002,2002,New Jersey,34,45-54 years,45-54,4788,1216969,393.4
,2002,2002,New Jersey,34,55-64 years,55-64,7134,823026,866.8
,2002,2002,New Mexico,35,45-54 years,45-54,1138,260715,436.5
,2002,2002,New Mexico,35,55-64 years,55-64,1578,175716,898.0
,2002,2002,New York,36,45-54 years,45-54,10718,2655372,403.6
,2002,2002,New York,36,55-64 years,55-64,15913,1821153,873.8
,2002,2002,North Carolina,37,45-54 years,45-54,5406,1157208,467.2
,2002,2002,North Carolina,37,55-64 years,55-64,8209,805084,1019.6
,2002,2002,North Dakota,38,45-54 years,45-54,299,90865,329.1
,2002,2002,North Dakota,38,55-64 years,55-64,454,57007,796.4
,2002,2002,Ohio,39,45-54 years,45-54,7183,1646129,436.4
,2002,2002,Ohio,39,55-64 years,55-64,11106,1088895,1019.9
,2002,2002,Oklahoma,40,45-54 years,45-54,2536,476212,532.5
,2002,2002,Oklahoma,40,55-64 years,55-64,4118,340815,1208.3
,2002,2002,Oregon,41,45-54 years,45-54,2067,532776,388.0
,2002,2002,Oregon,41,55-64 years,55-64,3051,345146,884.0
,2002,2002,Pennsylvania,42,45-54 years,45-54,7521,1792738,419.5
,2002,2002,Pennsylvania,42,55-64 years,55-64,11667,1219528,956.7
,2002,2002,Rhode Island,44,45-54 years,45-54,557,150219,370.8
,2002,2002,Rhode Island,44,55-64 years,55-64,916,98687,928.2
,2002,2002,South Carolina,45,45-54 years,45-54,3189,579678,550.1
,2002,2002,South Carolina,45,55-64 years,55-64,4677,414059,1129.5
,2002,2002,South Dakota,46,45-54 years,45-54,375,105287,356.2
,2002,2002,South Dakota,46,55-64 years,55-64,541,67263,804.3
,2002,2002,Tennessee,47,45-54 years,45-54,4420,827157,534.4
,2002,2002,Tennessee,47,55-64 years,55-64,6720,583586,1151.5
,2002,2002,Texas,48,45-54 years,45-54,12673,2823773,448.8
,2002,2002,Texas,48,55-64 years,55-64,17646,1779656,991.5
,2002,2002,Utah,49,45-54 years,45-54,854,259305,329.3
,2002,2002,Utah,49,55-64 years,55-64,1142,159100,717.8
,2002,2002,Vermont,50,45-54 years,45-54,318,98643,322.4
,2002,2002,Vermont,50,55-64 years,55-64,495,63642,777.8
,2002,2002,Virginia,51,45-54 years,45-54,4231,1059835,399.2
,2002,2002,Virginia,51,55-64 years,55-64,6367,705917,901.9
,2002,2002,Washington,53,45-54 years,45-54,3236,897507,360.6
,2002,2002,Washington,53,55-64 years,55-64,4626,564617,819.3
,2002,2002,West Virginia,54,45-54 years,45-54,1432,279419,512.5
,2002,2002,West Virginia,54,55-64 years,55-64,2192,198874,1102.2
,2002,2002,Wisconsin,55,45-54 years,45-54,2744,781480,351.1
,2002,2002,Wisconsin,55,55-64 years,55-64,4291,499877,858.4
,2002,2002,Wyoming,56,45-54 years,45-54,316,79352,398.2
,2002,2002,Wyoming,56,55-64 years,55-64,409,49408,827.8
,2003,2003,Alabama,01,45-54 years,45-54,3738,639357,584.6
,2003,2003,Alabama,01,55-64 years,55-64,5611,465670,1204.9
,2003,2003,Alaska,02,45-54 years,45-54,395,105868,373.1
,2003,2003,Alaska,02,55-64 years,55-64,490,56268,870.8
,2003,2003,Arizona,04,45-54 years,45-54,3232,703231,459.6
,2003,2003,Arizona,04,55-64 years,55-64,4583,527386,869.0
,2003,2003,Arkansas,05,45-54 years,45-54,2079,370826,560.6
,2003,2003,Arkansas,05,55-64 years,55-64,3299,286595,1151.1
,2003,2003,California,06,45-54 years,45-54,18562,4735416,392.0
,2003,2003,California,06,55-64 years,55-64,25304,3062563,826.2
,2003,2003,Colorado,08,45-54 years,45-54,2384,675924,352.7
,2003,2003,Colorado,08,55-64 years,55-64,3169,413675,766.1
,2003,2003,Connecticut,09,45-54 years,45-54,1776,515928,344.2
,2003,2003,Connecticut,09,55-64 years,55-64,2789,356867,781.5
,2003,2003,Delaware,10,45-54 years,45-54,576,114541,502.9
,2003,2003,Delaware,10,55-64 years,55-64,751,84166,892.3
,2003,2003,District of Columbia,11,45-54 years,45-54,682,76007,897.3
,2003,2003,District of Columbia,11,55-64 years,55-64,711,55081,1290.8
,2003,2003,Florida,12,45-54 years,45-54,11341,2318843,489.1
,2003,2003,Florida,12,55-64 years,55-64,17114,1825070,937.7
,2003,2003,Georgia,13,45-54 years,45-54,6010,1182880,508.1
,2003,2003,Georgia,13,55-64 years,55-64,8759,787342,1112.5
,2003,2003,Hawaii,15,45-54 years,45-54,661,183780,359.7
,2003,2003,Hawaii,15,55-64 years,55-64,960,127779,751.3
,2003,2003,Idaho,16,45-54 years,45-54,716,187022,382.8
,2003,2003,Idaho,16,55-64 years,55-64,1047,127910,818.5
,2003,2003,Illinois,17,45-54 years,45-54,7275,1743547,417.3
,2003,2003,Illinois,17,55-64 years,55-64,10755,1164884,923.3
,2003,2003,Indiana,18,45-54 years,45-54,3937,877666,448.6
,2003,2003,Indiana,18,55-64 years,55-64,6063,598272,1013.4
,2003,2003,Iowa,19,45-54 years,45-54,1521,420249,361.9
,2003,2003,Iowa,19,55-64 years,55-64,2434,286451,849.7
,2003,2003,Kansas,20,45-54 years,45-54,1545,384264,402.1
,2003,2003,Kansas,20,55-64 years,55-64,2265,250711,903.4
,2003,2003,Kentucky,21,45-54 years,45-54,2971,595970,498.5
,2003,2003,Kentucky,21,55-64 years,55-64,4937,423593,1165.5
,2003,2003,Louisiana,22,45-54 years,45-54,3684,633482,581.5
,2003,2003,Louisiana,22,55-64 years,55-64,5296,429397,1233.4
,2003,2003,Maine,23,45-54 years,45-54,704,208403,337.8
,2003,2003,Maine,23,55-64 years,55-64,1307,144561,904.1
,2003,2003,Maryland,24,45-54 years,45-54,3655,814261,448.9
,2003,2003,Maryland,24,55-64 years,55-64,5006,549132,911.6
,2003,2003,Massachusetts,25,45-54 years,45-54,3367,926545,363.4
,2003,2003,Massachusetts,25,55-64 years,55-64,5137,630522,814.7
,2003,2003,Michigan,26,45-54 years,45-54,6567,1466575,447.8
,2003,2003,Michigan,26,55-64 years,55-64,9364,981919,953.6
,2003,2003,Minnesota,27,45-54 years,45-54,2210,731840,302.0
,2003,2003,Minnesota,27,55-64 years,55-64,3273,467572,700.0
,2003,2003,Mississippi,28,45-54 years,45-54,2410,389247,619.1
,2003,2003,Mississippi,28,55-64 years,55-64,3517,275436,1276.9
,2003,2003,Missouri,29,45-54 years,45-54,3844,805117,477.4
,2003,2003,Missouri,29,55-64 years,55-64,5818,571811,1017.5
,2003,2003,Montana,30,45-54 years,45-54,569,146358,388.8
,2003,2003,Montana,30,55-64 years,55-64,835,98903,844.3
,2003,2003,Nebraska,31,45-54 years,45-54,818,245206,333.6
,2003,2003,Nebraska,31,55-64 years,55-64,1282,159323,804.7
,2003,2003,Nevada,32,45-54 years,45-54,1537,309307,496.9
,2003,2003,Nevada,32,55-64 years,55-64,2531,237753,1064.6
,2003,2003,New Hampshire,33,45-54 years,45-54,637,201261,316.5
,2003,2003,New Hampshire,33,55-64 years,55-64,1023,132028,774.8
,2003,2003,New Jersey,34,45-54 years,45-54,4826,1238999,389.5
,2003,2003,New Jersey,34,55-64 years,55-64,7114,856564,830.5
,2003,2003,New Mexico,35,45-54 years,45-54,1177,266333,441.9
,2003,2003,New Mexico,35,55-64 years,55-64,1641,185465,884.8
,2003,2003,New York,36,45-54 years,45-54,10695,2690285,397.5
,2003,2003,New York,36,55-64 years,55-64,16160,1888829,855.6
,2003,2003,North Carolina,37,45-54 years,45-54,5663,1182428,478.9
,2003,2003,North Carolina,37,55-64 years,55-64,8661,850994,1017.8
,2003,2003,North Dakota,38,45-54 years,45-54,306,92832,329.6
,2003,2003,North Dakota,38,55-64 years,55-64,500,59292,843.3
,2003,2003,Ohio,39,45-54 years,45-54,7326,1673279,437.8
,2003,2003,Ohio,39,55-64 years,55-64,11386,1134752,1003.4
,2003,2003,Oklahoma,40,45-54 years,45-54,2590,484296,534.8
,2003,2003,Oklahoma,40,55-64 years,55-64,4096,353939,1157.3
,2003,2003,Oregon,41,45-54 years,45-54,2100,538913,389.7
,2003,2003,Oregon,41,55-64 years,55-64,3297,366967,898.4
,2003,2003,Pennsylvania,42,45-54 years,45-54,7597,1824279,416.4
,2003,2003,Pennsylvania,42,55-64 years,55-64,12018,1272073,944.8
,2003,2003,Rhode Island,44,45-54 years,45-54,593,153478,386.4
,2003,2003,Rhode Island,44,55-64 years,55-64,851,103626,821.2
,2003,2003,South Carolina,45,45-54 years,45-54,3271,589035,555.3
,2003,2003,South Carolina,45,55-64 years,55-64,5126,436968,1173.1
,2003,2003,South Dakota,46,45-54 years,45-54,447,107934,414.1
,2003,2003,South Dakota,46,55-64 years,55-64,606,70504,859.5
,2003,2003,Tennessee,47,45-54 years,45-54,4734,839516,563.9
,2003,2003,Tennessee,47,55-64 years,55-64,6995,611333,1144.2
,2003,2003,Texas,48,45-54 years,45-54,12804,2907324,440.4
,2003,2003,Texas,48,55-64 years,55-64,18221,1877300,970.6
,2003,2003,Utah,49,45-54 years,45-54,921,266394,345.7
,2003,2003,Utah,49,55-64 years,55-64,1296,168065,771.1
,2003,2003,Vermont,50,45-54 years,45-54,308,100092,307.7
,2003,2003,Vermont,50,55-64 years,55-64,515,67438,763.7
,2003,2003,Virginia,51,45-54 years,45-54,4229,1077907,392.3
,2003,2003,Virginia,51,55-64 years,55-64,6740,743980,905.9
,2003,2003,Washington,53,45-54 years,45-54,3298,914898,360.5
,2003,2003,Washington,53,55-64 years,55-64,4805,599307,801.8
,2003,2003,West Virginia,54,45-54 years,45-54,1405,281534,499.1
,2003,2003,West Virginia,54,55-64 years,55-64,2344,207416,1130.1
,2003,2003,Wisconsin,55,45-54 years,45-54,2765,800385,345.5
,2003,2003,Wisconsin,55,55-64 years,55-64,4239,523176,810.2
,2003,2003,Wyoming,56,45-54 years,45-54,323,80892,399.3
,2003,2003,Wyoming,56,55-64 years,55-64,478,52317,913.7
,2004,2004,Alabama,01,45-54 years,45-54,3743,648373,577.3
,2004,2004,Alabama,01,55-64 years,55-64,5769,485363,1188.6
,2004,2004,Alaska,02,45-54 years,45-54,408,108069,377.5
,2004,2004,Alaska,02,55-64 years,55-64,452,60988,741.1
,2004,2004,Arizona,04,45-54 years,45-54,3217,726370,442.9
,2004,2004,Arizona,04,55-64 years,55-64,4811,559670,859.6
,2004,2004,Arkansas,05,45-54 years,45-54,2116,376080,562.6
,2004,2004,Arkansas,05,55-64 years,55-64,3413,297658,1146.6
,2004,2004,California,06,45-54 years,45-54,18408,4829266,381.2
,2004,2004,California,06,55-64 years,55-64,25459,3205945,794.1
,2004,2004,Colorado,08,45-54 years,45-54,2384,687453,346.8
,2004,2004,Colorado,08,55-64 years,55-64,3186,437960,727.5
,2004,2004,Connecticut,09,45-54 years,45-54,1775,526547,337.1
,2004,2004,Connecticut,09,55-64 years,55-64,2731,370289,737.5
,2004,2004,Delaware,10,45-54 years,45-54,535,117821,454.1
,2004,2004,Delaware,10,55-64 years,55-64,808,88569,912.3
,2004,2004,District of Columbia,11,45-54 years,45-54,614,75563,812.6
,2004,2004,District of Columbia,11,55-64 years,55-64,722,56734,1272.6
,2004,2004,Florida,12,45-54 years,45-54,11701,2401422,487.3
,2004,2004,Florida,12,55-64 years,55-64,17524,1923778,910.9
,2004,2004,Georgia,13,45-54 years,45-54,6244,1208860,516.5
,2004,2004,Georgia,13,55-64 years,55-64,8899,829508,1072.8
,2004,2004,Hawaii,15,45-54 years,45-54,701,188238,372.4
,2004,2004,Hawaii,15,55-64 years,55-64,955,136741,698.4
,2004,2004,Idaho,16,45-54 years,45-54,720,191376,376.2
,2004,2004,Idaho,16,55-64 years,55-64,1006,135383,743.1
,2004,2004,Illinois,17,45-54 years,45-54,7324,1772561,413.2
,2004,2004,Illinois,17,55-64 years,55-64,10961,1206900,908.2
,2004,2004,Indiana,18,45-54 years,45-54,3845,891692,431.2
,2004,2004,Indiana,18,55-64 years,55-64,6014,622598,966.0
,2004,2004,Iowa,19,45-54 years,45-54,1464,426965,342.9
,2004,2004,Iowa,19,55-64 years,55-64,2346,297811,787.7
,2004,2004,Kansas,20,45-54 years,45-54,1601,390810,409.7
,2004,2004,Kansas,20,55-64 years,55-64,2258,261557,863.3
,2004,2004,Kentucky,21,45-54 years,45-54,3082,603605,510.6
,2004,2004,Kentucky,21,55-64 years,55-64,4779,440485,1084.9
,2004,2004,Louisiana,22,45-54 years,45-54,3779,645313,585.6
,2004,2004,Louisiana,22,55-64 years,55-64,5299,447326,1184.6
,2004,2004,Maine,23,45-54 years,45-54,711,211842,335.6
,2004,2004,Maine,23,55-64 years,55-64,1231,152551,806.9
,2004,2004,Maryland,24,45-54 years,45-54,3740,829672,450.8
,2004,2004,Maryland,24,55-64 years,55-64,4980,574946,866.2
,2004,2004,Massachusetts,25,45-54 years,45-54,3313,939434,352.7
,2004,2004,Massachusetts,25,55-64 years,55-64,5063,657707,769.8
,2004,2004,Michigan,26,45-54 years,45-54,6555,1488467,440.4
,2004,2004,Michigan,26,55-64 years,55-64,9309,1024311,908.8
,2004,2004,Minnesota,27,45-54 years,45-54,2214,750129,295.1
,2004,2004,Minnesota,27,55-64 years,55-64,3434,489300,701.8
,2004,2004,Mississippi,28,45-54 years,45-54,2494,396612,628.8
,2004,2004,Mississippi,28,55-64 years,55-64,3651,286523,1274.2
,2004,2004,Missouri,29,45-54 years,45-54,3710,821320,451.7
,2004,2004,Missouri,29,55-64 years,55-64,5925,593721,997.9
,2004,2004,Montana,30,45-54 years,45-54,541,148742,363.7
,2004,2004,Montana,30,55-64 years,55-64,841,104861,802.0
,2004,2004,Nebraska,31,45-54 years,45-54,819,249096,328.8
,2004,2004,Nebraska,31,55-64 years,55-64,1357,167065,812.3
,2004,2004,Nevada,32,45-54 years,45-54,1549,322985,479.6
,2004,2004,Nevada,32,55-64 years,55-64,2550,254534,1001.8
,2004,2004,New Hampshire,33,45-54 years,45-54,633,206287,306.9
,2004,2004,New Hampshire,33,55-64 years,55-64,992,139799,709.6
,2004,2004,New Jersey,34,45-54 years,45-54,4668,1265208,369.0
,2004,2004,New Jersey,34,55-64 years,55-64,7260,885260,820.1
,2004,2004,New Mexico,35,45-54 years,45-54,1194,271484,439.8
,2004,2004,New Mexico,35,55-64 years,55-64,1692,195983,863.3
,2004,2004,New York,36,45-54 years,45-54,10502,2724083,385.5
,2004,2004,New York,36,55-64 years,55-64,16280,1953661,833.3
,2004,2004,North Carolina,37,45-54 years,45-54,5698,1206025,472.5
,2004,2004,North Carolina,37,55-64 years,55-64,8742,894026,977.8
,2004,2004,North Dakota,38,45-54 years,45-54,281,94939,296.0
,2004,2004,North Dakota,38,55-64 years,55-64,444,61906,717.2
,2004,2004,Ohio,39,45-54 years,45-54,7537,1697332,444.0
,2004,2004,Ohio,39,55-64 years,55-64,11341,1181099,960.2
,2004,2004,Oklahoma,40,45-54 years,45-54,2651,491348,539.5
,2004,2004,Oklahoma,40,55-64 years,55-64,4151,366550,1132.5
,2004,2004,Oregon,41,45-54 years,45-54,2139,541989,394.7
,2004,2004,Oregon,41,55-64 years,55-64,3156,388633,812.1
,2004,2004,Pennsylvania,42,45-54 years,45-54,7709,1857366,415.1
,2004,2004,Pennsylvania,42,55-64 years,55-64,12051,1322301,911.4
,2004,2004,Rhode Island,44,45-54 years,45-54,610,156031,390.9
,2004,2004,Rhode Island,44,55-64 years,55-64,867,108229,801.1
,2004,2004,South Carolina,45,45-54 years,45-54,3364,599469,561.2
,2004,2004,South Carolina,45,55-64 years,55-64,5036,459419,1096.2
,2004,2004,South Dakota,46,45-54 years,45-54,398,110367,360.6
,2004,2004,South Dakota,46,55-64 years,55-64,572,74448,768.3
,2004,2004,Tennessee,47,45-54 years,45-54,4779,851057,561.5
,2004,2004,Tennessee,47,55-64 years,55-64,7092,638188,1111.3
,2004,2004,Texas,48,45-54 years,45-54,12992,2989846,434.5
,2004,2004,Texas,48,55-64 years,55-64,18607,1977043,941.2
,2004,2004,Utah,49,45-54 years,45-54,935,273642,341.7
,2004,2004,Utah,49,55-64 years,55-64,1375,177578,774.3
,2004,2004,Vermont,50,45-54 years,45-54,327,101298,322.8
,2004,2004,Vermont,50,55-64 years,55-64,494,71444,691.5
,2004,2004,Virginia,51,45-54 years,45-54,4240,1101994,384.8
,2004,2004,Virginia,51,55-64 years,55-64,6691,782317,855.3
,2004,2004,Washington,53,45-54 years,45-54,3277,932340,351.5
,2004,2004,Washington,53,55-64 years,55-64,4940,636967,775.6
,2004,2004,West Virginia,54,45-54 years,45-54,1405,282119,498.0
,2004,2004,West Virginia,54,55-64 years,55-64,2417,216478,1116.5
,2004,2004,Wisconsin,55,45-54 years,45-54,2722,818709,332.5
,2004,2004,Wisconsin,55,55-64 years,55-64,4305,548147,785.4
,2004,2004,Wyoming,56,45-54 years,45-54,329,82314,399.7
,2004,2004,Wyoming,56,55-64 years,55-64,459,55046,833.8
,2005,2005,Alabama,01,45-54 years,45-54,3924,659231,595.2
,2005,2005,Alabama,01,55-64 years,55-64,6076,504487,1204.4
,2005,2005,Alaska,02,45-54 years,45-54,423,109846,385.1
,2005,2005,Alaska,02,55-64 years,55-64,498,65507,760.2
,2005,2005,Arizona,04,45-54 years,45-54,3496,756024,462.4
,2005,2005,Arizona,04,55-64 years,55-64,5190,596994,869.4
,2005,2005,Arkansas,05,45-54 years,45-54,2138,383112,558.1
,2005,2005,Arkansas,05,55-64 years,55-64,3526,308071,1144.5
,2005,2005,California,06,45-54 years,45-54,18743,4926826,380.4
,2005,2005,California,06,55-64 years,55-64,26564,3352893,792.3
,2005,2005,Colorado,08,45-54 years,45-54,2539,702618,361.4
,2005,2005,Colorado,08,55-64 years,55-64,3249,465940,697.3
,2005,2005,Connecticut,09,45-54 years,45-54,1764,538362,327.7
,2005,2005,Connecticut,09,55-64 years,55-64,2743,383215,715.8
,2005,2005,Delaware,10,45-54 years,45-54,560,121443,461.1
,2005,2005,Delaware,10,55-64 years,55-64,860,93127,923.5
,2005,2005,District of Columbia,11,45-54 years,45-54,642,75180,854.0
,2005,2005,District of Columbia,11,55-64 years,55-64,756,58249,1297.9
,2005,2005,Florida,12,45-54 years,45-54,12029,2495162,482.1
,2005,2005,Florida,12,55-64 years,55-64,17976,2023617,888.3
,2005,2005,Georgia,13,45-54 years,45-54,6347,1243775,510.3
,2005,2005,Georgia,13,55-64 years,55-64,9223,876063,1052.8
,2005,2005,Hawaii,15,45-54 years,45-54,709,189980,373.2
,2005,2005,Hawaii,15,55-64 years,55-64,1093,144668,755.5
,2005,2005,Idaho,16,45-54 years,45-54,691,197326,350.2
,2005,2005,Idaho,16,55-64 years,55-64,1064,144231,737.7
,2005,2005,Illinois,17,45-54 years,45-54,7329,1802236,406.7
,2005,2005,Illinois,17,55-64 years,55-64,11279,1254152,899.3
,2005,2005,Indiana,18,45-54 years,45-54,3998,907838,440.4
,2005,2005,Indiana,18,55-64 years,55-64,6183,649036,952.6
,2005,2005,Iowa,19,45-54 years,45-54,1537,433677,354.4
,2005,2005,Iowa,19,55-64 years,55-64,2442,309928,787.9
,2005,2005,Kansas,20,45-54 years,45-54,1641,397798,412.5
,2005,2005,Kansas,20,55-64 years,55-64,2422,273620,885.2
,2005,2005,Kentucky,21,45-54 years,45-54,3142,613982,511.7
,2005,2005,Kentucky,21,55-64 years,55-64,5089,458920,1108.9
,2005,2005,Louisiana,22,45-54 years,45-54,4083,657153,621.3
,2005,2005,Louisiana,22,55-64 years,55-64,5682,466747,1217.4
,2005,2005,Maine,23,45-54 years,45-54,781,214580,364.0
,2005,2005,Maine,23,55-64 years,55-64,1410,160575,878.1
,2005,2005,Maryland,24,45-54 years,45-54,3694,846247,436.5
,2005,2005,Maryland,24,55-64 years,55-64,5318,597231,890.4
,2005,2005,Massachusetts,25,45-54 years,45-54,3271,953799,342.9
,2005,2005,Massachusetts,25,55-64 years,55-64,5109,683120,747.9
,2005,2005,Michigan,26,45-54 years,45-54,6725,1506718,446.3
,2005,2005,Michigan,26,55-64 years,55-64,10047,1067060,941.6
,2005,2005,Minnesota,27,45-54 years,45-54,2319,767692,302.1
,2005,2005,Minnesota,27,55-64 years,55-64,3529,512412,688.7
,2005,2005,Mississippi,28,45-54 years,45-54,2647,403606,655.8
,2005,2005,Mississippi,28,55-64 years,55-64,3802,297902,1276.3
,2005,2005,Missouri,29,45-54 years,45-54,4033,840254,480.0
,2005,2005,Missouri,29,55-64 years,55-64,5908,616966,957.6
,2005,2005,Montana,30,45-54 years,45-54,611,151320,403.8
,2005,2005,Montana,30,55-64 years,55-64,899,110849,811.0
,2005,2005,Nebraska,31,45-54 years,45-54,813,253807,320.3
,2005,2005,Nebraska,31,55-64 years,55-64,1361,175147,777.1
,2005,2005,Nevada,32,45-54 years,45-54,1736,336036,516.6
,2005,2005,Nevada,32,55-64 years,55-64,2723,268302,1014.9
,2005,2005,New Hampshire,33,45-54 years,45-54,668,211339,316.1
,2005,2005,New Hampshire,33,55-64 years,55-64,1076,146914,732.4
,2005,2005,New Jersey,34,45-54 years,45-54,4736,1289695,367.2
,2005,2005,New Jersey,34,55-64 years,55-64,7360,914151,805.1
,2005,2005,New Mexico,35,45-54 years,45-54,1334,277192,481.3
,2005,2005,New Mexico,35,55-64 years,55-64,1719,207446,828.6
,2005,2005,New York,36,45-54 years,45-54,10544,2758280,382.3
,2005,2005,New York,36,55-64 years,55-64,16256,2017490,805.8
,2005,2005,North Carolina,37,45-54 years,45-54,6012,1237927,485.7
,2005,2005,North Carolina,37,55-64 years,55-64,9136,940018,971.9
,2005,2005,North Dakota,38,45-54 years,45-54,308,96553,319.0
,2005,2005,North Dakota,38,55-64 years,55-64,488,65048,750.2
,2005,2005,Ohio,39,45-54 years,45-54,7846,1718622,456.5
,2005,2005,Ohio,39,55-64 years,55-64,11769,1229686,957.1
,2005,2005,Oklahoma,40,45-54 years,45-54,2800,500561,559.4
,2005,2005,Oklahoma,40,55-64 years,55-64,4482,378946,1182.8
,2005,2005,Oregon,41,45-54 years,45-54,2193,546035,401.6
,2005,2005,Oregon,41,55-64 years,55-64,3363,412758,814.8
,2005,2005,Pennsylvania,42,45-54 years,45-54,8037,1887459,425.8
,2005,2005,Pennsylvania,42,55-64 years,55-64,12541,1374904,912.1
,2005,2005,Rhode Island,44,45-54 years,45-54,575,157832,364.3
,2005,2005,Rhode Island,44,55-64 years,55-64,914,112190,814.7
,2005,2005,South Carolina,45,45-54 years,45-54,3457,610862,565.9
,2005,2005,South Carolina,45,55-64 years,55-64,5200,483000,1076.6
,2005,2005,South Dakota,46,45-54 years,45-54,408,112676,362.1
,2005,2005,South Dakota,46,55-64 years,55-64,702,78419,895.2
,2005,2005,Tennessee,47,45-54 years,45-54,4921,866901,567.7
,2005,2005,Tennessee,47,55-64 years,55-64,7374,665531,1108.0
,2005,2005,Texas,48,45-54 years,45-54,13431,3077770,436.4
,2005,2005,Texas,48,55-64 years,55-64,19315,2082926,927.3
,2005,2005,Utah,49,45-54 years,45-54,955,281835,338.9
,2005,2005,Utah,49,55-64 years,55-64,1313,188875,695.2
,2005,2005,Vermont,50,45-54 years,45-54,307,102414,299.8
,2005,2005,Vermont,50,55-64 years,55-64,472,74917,630.0
,2005,2005,Virginia,51,45-54 years,45-54,4466,1125356,396.9
,2005,2005,Virginia,51,55-64 years,55-64,7199,815526,882.7
,2005,2005,Washington,53,45-54 years,45-54,3467,948345,365.6
,2005,2005,Washington,53,55-64 years,55-64,5102,675247,755.6
,2005,2005,West Virginia,54,45-54 years,45-54,1499,282387,530.8
,2005,2005,West Virginia,54,55-64 years,55-64,2460,225624,1090.3
,2005,2005,Wisconsin,55,45-54 years,45-54,2884,836877,344.6
,2005,2005,Wisconsin,55,55-64 years,55-64,4531,574727,788.4
,2005,2005,Wyoming,56,45-54 years,45-54,317,83358,380.3
,2005,2005,Wyoming,56,55-64 years,55-64,508,58125,874.0
,2006,2006,Alabama,01,45-54 years,45-54,4020,671910,598.3
,2006,2006,Alabama,01,55-64 years,55-64,6086,524312,1160.8
,2006,2006,Alaska,02,45-54 years,45-54,430,111530,385.5
,2006,2006,Alaska,02,55-64 years,55-64,502,69753,719.7
,2006,2006,Arizona,04,45-54 years,45-54,3503,784538,446.5
,2006,2006,Arizona,04,55-64 years,55-64,5369,633263,847.8
,2006,2006,Arkansas,05,45-54 years,45-54,2198,391289,561.7
,2006,2006,Arkansas,05,55-64 years,55-64,3578,318693,1122.7
,2006,2006,California,06,45-54 years,45-54,18992,5010240,379.1
,2006,2006,California,06,55-64 years,55-64,27160,3487880,778.7
,2006,2006,Colorado,08,45-54 years,45-54,2475,716963,345.2
,2006,2006,Colorado,08,55-64 years,55-64,3383,494724,683.8
,2006,2006,Connecticut,09,45-54 years,45-54,1794,550459,325.9
,2006,2006,Connecticut,09,55-64 years,55-64,2774,396246,700.1
,2006,2006,Delaware,10,45-54 years,45-54,572,124712,458.7
,2006,2006,Delaware,10,55-64 years,55-64,855,97724,874.9
,2006,2006,District of Columbia,11,45-54 years,45-54,613,74510,822.7
,2006,2006,District of Columbia,11,55-64 years,55-64,724,59845,1209.8
,2006,2006,Florida,12,45-54 years,45-54,12204,2573923,474.1
,2006,2006,Florida,12,55-64 years,55-64,18624,2108308,883.4
,2006,2006,Georgia,13,45-54 years,45-54,6371,1280676,497.5
,2006,2006,Georgia,13,55-64 years,55-64,9600,920050,1043.4
,2006,2006,Hawaii,15,45-54 years,45-54,722,191878,376.3
,2006,2006,Hawaii,15,55-64 years,55-64,1100,151933,724.0
,2006,2006,Idaho,16,45-54 years,45-54,715,202842,352.5
,2006,2006,Idaho,16,55-64 years,55-64,1131,153217,738.2
,2006,2006,Illinois,17,45-54 years,45-54,7379,1827063,403.9
,2006,2006,Illinois,17,55-64 years,55-64,11370,1301167,873.8
,2006,2006,Indiana,18,45-54 years,45-54,4175,923639,452.0
,2006,2006,Indiana,18,55-64 years,55-64,6448,674227,956.4
,2006,2006,Iowa,19,45-54 years,45-54,1491,439226,339.5
,2006,2006,Iowa,19,55-64 years,55-64,2543,323025,787.2
,2006,2006,Kansas,20,45-54 years,45-54,1635,402650,406.1
,2006,2006,Kansas,20,55-64 years,55-64,2466,285458,863.9
,2006,2006,Kentucky,21,45-54 years,45-54,3191,624604,510.9
,2006,2006,Kentucky,21,55-64 years,55-64,5063,477485,1060.3
,2006,2006,Louisiana,22,45-54 years,45-54,3734,632503,590.4
,2006,2006,Louisiana,22,55-64 years,55-64,5394,463919,1162.7
,2006,2006,Maine,23,45-54 years,45-54,820,216891,378.1
,2006,2006,Maine,23,55-64 years,55-64,1401,168298,832.5
,2006,2006,Maryland,24,45-54 years,45-54,3690,860487,428.8
,2006,2006,Maryland,24,55-64 years,55-64,5322,618251,860.8
,2006,2006,Massachusetts,25,45-54 years,45-54,3367,967175,348.1
,2006,2006,Massachusetts,25,55-64 years,55-64,5337,708544,753.2
,2006,2006,Michigan,26,45-54 years,45-54,6736,1519529,443.3
,2006,2006,Michigan,26,55-64 years,55-64,10059,1109265,906.8
,2006,2006,Minnesota,27,45-54 years,45-54,2311,783846,294.8
,2006,2006,Minnesota,27,55-64 years,55-64,3621,536391,675.1
,2006,2006,Mississippi,28,45-54 years,45-54,2672,408153,654.7
,2006,2006,Mississippi,28,55-64 years,55-64,3785,308496,1226.9
,2006,2006,Missouri,29,45-54 years,45-54,4056,858053,472.7
,2006,2006,Missouri,29,55-64 years,55-64,6175,640898,963.5
,2006,2006,Montana,30,45-54 years,45-54,595,153021,388.8
,2006,2006,Montana,30,55-64 years,55-64,921,117054,786.8
,2006,2006,Nebraska,31,45-54 years,45-54,907,256836,353.1
,2006,2006,Nebraska,31,55-64 years,55-64,1403,183424,764.9
,2006,2006,Nevada,32,45-54 years,45-54,1683,349284,481.8
,2006,2006,Nevada,32,55-64 years,55-64,2736,281046,973.5
,2006,2006,New Hampshire,33,45-54 years,45-54,667,217045,307.3
,2006,2006,New Hampshire,33,55-64 years,55-64,1115,154056,723.8
,2006,2006,New Jersey,34,45-54 years,45-54,4967,1312605,378.4
,2006,2006,New Jersey,34,55-64 years,55-64,7514,942325,797.4
,2006,2006,New Mexico,35,45-54 years,45-54,1321,283687,465.7
,2006,2006,New Mexico,35,55-64 years,55-64,1870,219588,851.6
,2006,2006,New York,36,45-54 years,45-54,10307,2788370,369.6
,2006,2006,New York,36,55-64 years,55-64,16440,2079639,790.5
,2006,2006,North Carolina,37,45-54 years,45-54,6076,1272402,477.5
,2006,2006,North Carolina,37,55-64 years,55-64,9616,986089,975.2
,2006,2006,North Dakota,38,45-54 years,45-54,342,97594,350.4
,2006,2006,North Dakota,38,55-64 years,55-64,506,68009,744.0
,2006,2006,Ohio,39,45-54 years,45-54,7859,1737816,452.2
,2006,2006,Ohio,39,55-64 years,55-64,12165,1276348,953.1
,2006,2006,Oklahoma,40,45-54 years,45-54,2812,510666,550.7
,2006,2006,Oklahoma,40,55-64 years,55-64,4428,393271,1125.9
,2006,2006,Oregon,41,45-54 years,45-54,2220,550403,403.3
,2006,2006,Oregon,41,55-64 years,55-64,3518,436836,805.3
,2006,2006,Pennsylvania,42,45-54 years,45-54,7925,1914680,413.9
,2006,2006,Pennsylvania,42,55-64 years,55-64,12745,1427051,893.1
,2006,2006,Rhode Island,44,45-54 years,45-54,609,159996,380.6
,2006,2006,Rhode Island,44,55-64 years,55-64,908,116178,781.6
,2006,2006,South Carolina,45,45-54 years,45-54,3491,624649,558.9
,2006,2006,South Carolina,45,55-64 years,55-64,5471,507662,1077.7
,2006,2006,South Dakota,46,45-54 years,45-54,416,114829,362.3
,2006,2006,South Dakota,46,55-64 years,55-64,674,82567,816.3
,2006,2006,Tennessee,47,45-54 years,45-54,4980,885545,562.4
,2006,2006,Tennessee,47,55-64 years,55-64,7716,694825,1110.5
,2006,2006,Texas,48,45-54 years,45-54,13881,3180431,436.5
,2006,2006,Texas,48,55-64 years,55-64,19947,2196687,908.0
,2006,2006,Utah,49,45-54 years,45-54,1018,290380,350.6
,2006,2006,Utah,49,55-64 years,55-64,1412,200672,703.6
,2006,2006,Vermont,50,45-54 years,45-54,320,103277,309.8
,2006,2006,Vermont,50,55-64 years,55-64,581,78434,740.8
,2006,2006,Virginia,51,45-54 years,45-54,4583,1148758,399.0
,2006,2006,Virginia,51,55-64 years,55-64,7020,846130,829.7
,2006,2006,Washington,53,45-54 years,45-54,3402,965611,352.3
,2006,2006,Washington,53,55-64 years,55-64,5372,713269,753.2
,2006,2006,West Virginia,54,45-54 years,45-54,1589,281943,563.6
,2006,2006,West Virginia,54,55-64 years,55-64,2487,234904,1058.7
,2006,2006,Wisconsin,55,45-54 years,45-54,2840,852655,333.1
,2006,2006,Wisconsin,55,55-64 years,55-64,4465,601223,742.7
,2006,2006,Wyoming,56,45-54 years,45-54,355,84387,420.7
,2006,2006,Wyoming,56,55-64 years,55-64,501,61454,815.2
,2007,2007,Alabama,01,45-54 years,45-54,3957,680795,581.2
,2007,2007,Alabama,01,55-64 years,55-64,6228,542075,1148.9
,2007,2007,Alaska,02,45-54 years,45-54,466,111676,417.3
,2007,2007,Alaska,02,55-64 years,55-64,570,73679,773.6
,2007,2007,Arizona,04,45-54 years,45-54,3455,807802,427.7
,2007,2007,Arizona,04,55-64 years,55-64,5423,660397,821.2
,2007,2007,Arkansas,05,45-54 years,45-54,2294,396686,578.3
,2007,2007,Arkansas,05,55-64 years,55-64,3592,327923,1095.4
,2007,2007,California,06,45-54 years,45-54,18860,5087486,370.7
,2007,2007,California,06,55-64 years,55-64,27738,3618423,766.6
,2007,2007,Colorado,08,45-54 years,45-54,2588,728891,355.1
,2007,2007,Colorado,08,55-64 years,55-64,3582,523432,684.3
,2007,2007,Connecticut,09,45-54 years,45-54,1813,559120,324.3
,2007,2007,Connecticut,09,55-64 years,55-64,2833,407514,695.2
,2007,2007,Delaware,10,45-54 years,45-54,589,127926,460.4
,2007,2007,Delaware,10,55-64 years,55-64,846,101227,835.7
,2007,2007,District of Columbia,11,45-54 years,45-54,561,74489,753.1
,2007,2007,District of Columbia,11,55-64 years,55-64,752,60898,1234.9
,2007,2007,Florida,12,45-54 years,45-54,12324,2628886,468.8
,2007,2007,Florida,12,55-64 years,55-64,18686,2171797,860.4
,2007,2007,Georgia,13,45-54 years,45-54,6323,1318918,479.4
,2007,2007,Georgia,13,55-64 years,55-64,9584,963487,994.7
,2007,2007,Hawaii,15,45-54 years,45-54,710,193146,367.6
,2007,2007,Hawaii,15,55-64 years,55-64,1113,159336,698.5
,2007,2007,Idaho,16,45-54 years,45-54,725,206463,351.2
,2007,2007,Idaho,16,55-64 years,55-64,1161,161630,718.3
,2007,2007,Illinois,17,45-54 years,45-54,7327,1847204,396.7
,2007,2007,Illinois,17,55-64 years,55-64,11548,1342516,860.2
,2007,2007,Indiana,18,45-54 years,45-54,4046,934167,433.1
,2007,2007,Indiana,18,55-64 years,55-64,6422,699158,918.5
,2007,2007,Iowa,19,45-54 years,45-54,1535,441001,348.1
,2007,2007,Iowa,19,55-64 years,55-64,2619,336911,777.4
,2007,2007,Kansas,20,45-54 years,45-54,1694,406909,416.3
,2007,2007,Kansas,20,55-64 years,55-64,2453,297973,823.2
,2007,2007,Kentucky,21,45-54 years,45-54,3192,630641,506.2
,2007,2007,Kentucky,21,55-64 years,55-64,5279,493319,1070.1
,2007,2007,Louisiana,22,45-54 years,45-54,3604,642735,560.7
,2007,2007,Louisiana,22,55-64 years,55-64,5407,482395,1120.9
,2007,2007,Maine,23,45-54 years,45-54,757,218981,345.7
,2007,2007,Maine,23,55-64 years,55-64,1434,175043,819.2
,2007,2007,Maryland,24,45-54 years,45-54,3679,872796,421.5
,2007,2007,Maryland,24,55-64 years,55-64,5287,636108,831.1
,2007,2007,Massachusetts,25,45-54 years,45-54,3230,980801,329.3
,2007,2007,Massachusetts,25,55-64 years,55-64,5382,732176,735.1
,2007,2007,Michigan,26,45-54 years,45-54,6863,1524683,450.1
,2007,2007,Michigan,26,55-64 years,55-64,10373,1146857,904.5
,2007,2007,Minnesota,27,45-54 years,45-54,2297,794764,289.0
,2007,2007,Minnesota,27,55-64 years,55-64,3734,561123,665.5
,2007,2007,Mississippi,28,45-54 years,45-54,2588,413046,626.6
,2007,2007,Mississippi,28,55-64 years,55-64,3885,318811,1218.6
,2007,2007,Missouri,29,45-54 years,45-54,4026,871654,461.9
,2007,2007,Missouri,29,55-64 years,55-64,6079,662533,917.5
,2007,2007,Montana,30,45-54 years,45-54,653,153740,424.7
,2007,2007,Montana,30,55-64 years,55-64,969,123481,784.7
,2007,2007,Nebraska,31,45-54 years,45-54,884,258706,341.7
,2007,2007,Nebraska,31,55-64 years,55-64,1414,191381,738.8
,2007,2007,Nevada,32,45-54 years,45-54,1719,361379,475.7
,2007,2007,Nevada,32,55-64 years,55-64,2777,292057,950.8
,2007,2007,New Hampshire,33,45-54 years,45-54,676,220408,306.7
,2007,2007,New Hampshire,33,55-64 years,55-64,1164,160698,724.3
,2007,2007,New Jersey,34,45-54 years,45-54,4625,1333526,346.8
,2007,2007,New Jersey,34,55-64 years,55-64,7234,965741,749.1
,2007,2007,New Mexico,35,45-54 years,45-54,1359,287922,472.0
,2007,2007,New Mexico,35,55-64 years,55-64,1939,230911,839.7
,2007,2007,New York,36,45-54 years,45-54,10210,2813797,362.9
,2007,2007,New York,36,55-64 years,55-64,16625,2133869,779.1
,2007,2007,North Carolina,37,45-54 years,45-54,6098,1308099,466.2
,2007,2007,North Carolina,37,55-64 years,55-64,9830,1033276,951.3
,2007,2007,North Dakota,38,45-54 years,45-54,319,97687,326.6
,2007,2007,North Dakota,38,55-64 years,55-64,478,71725,666.4
,2007,2007,Ohio,39,45-54 years,45-54,7808,1747772,446.7
,2007,2007,Ohio,39,55-64 years,55-64,12384,1319693,938.4
,2007,2007,Oklahoma,40,45-54 years,45-54,2945,517633,568.9
,2007,2007,Oklahoma,40,55-64 years,55-64,4554,405474,1123.1
,2007,2007,Oregon,41,45-54 years,45-54,2276,551628,412.6
,2007,2007,Oregon,41,55-64 years,55-64,3677,457934,803.0
,2007,2007,Pennsylvania,42,45-54 years,45-54,7793,1929914,403.8
,2007,2007,Pennsylvania,42,55-64 years,55-64,13068,1477670,884.4
,2007,2007,Rhode Island,44,45-54 years,45-54,576,161203,357.3
,2007,2007,Rhode Island,44,55-64 years,55-64,976,119726,815.2
,2007,2007,South Carolina,45,45-54 years,45-54,3461,637341,543.0
,2007,2007,South Carolina,45,55-64 years,55-64,5736,530939,1080.4
,2007,2007,South Dakota,46,45-54 years,45-54,405,116299,348.2
,2007,2007,South Dakota,46,55-64 years,55-64,671,87090,770.5
,2007,2007,Tennessee,47,45-54 years,45-54,4940,899142,549.4
,2007,2007,Tennessee,47,55-64 years,55-64,7738,719742,1075.1
,2007,2007,Texas,48,45-54 years,45-54,14152,3264871,433.5
,2007,2007,Texas,48,55-64 years,55-64,20993,2300130,912.7
,2007,2007,Utah,49,45-54 years,45-54,1083,297546,364.0
,2007,2007,Utah,49,55-64 years,55-64,1523,211226,721.0
,2007,2007,Vermont,50,45-54 years,45-54,352,103671,339.5
,2007,2007,Vermont,50,55-64 years,55-64,548,81761,670.2
,2007,2007,Virginia,51,45-54 years,45-54,4505,1168246,385.6
,2007,2007,Virginia,51,55-64 years,55-64,7248,873986,829.3
,2007,2007,Washington,53,45-54 years,45-54,3420,979052,349.3
,2007,2007,Washington,53,55-64 years,55-64,5604,747598,749.6
,2007,2007,West Virginia,54,45-54 years,45-54,1631,280693,581.1
,2007,2007,West Virginia,54,55-64 years,55-64,2673,243082,1099.6
,2007,2007,Wisconsin,55,45-54 years,45-54,2952,862902,342.1
,2007,2007,Wisconsin,55,55-64 years,55-64,4776,627843,760.7
,2007,2007,Wyoming,56,45-54 years,45-54,341,85096,400.7
,2007,2007,Wyoming,56,55-64 years,55-64,501,64660,774.8
,2008,2008,Alabama,01,45-54 years,45-54,4158,688154,604.2
,2008,2008,Alabama,01,55-64 years,55-64,6508,556340,1169.8
,2008,2008,Alaska,02,45-54 years,45-54,443,111163,398.5
,2008,2008,Alaska,02,55-64 years,55-64,578,77967,741.3
,2008,2008,Arizona,04,45-54 years,45-54,3484,825478,422.1
,2008,2008,Arizona,04,55-64 years,55-64,5637,682249,826.2
,2008,2008,Arkansas,05,45-54 years,45-54,2401,401762,597.6
,2008,2008,Arkansas,05,55-64 years,55-64,3818,335312,1138.6
,2008,2008,California,06,45-54 years,45-54,18211,5158516,353.0
,2008,2008,California,06,55-64 years,55-64,28450,3748885,758.9
,2008,2008,Colorado,08,45-54 years,45-54,2643,736903,358.7
,2008,2008,Colorado,08,55-64 years,55-64,3838,549645,698.3
,2008,2008,Connecticut,09,45-54 years,45-54,1835,566046,324.2
,2008,2008,Connecticut,09,55-64 years,55-64,2840,416490,681.9
,2008,2008,Delaware,10,45-54 years,45-54,646,130321,495.7
,2008,2008,Delaware,10,55-64 years,55-64,909,104777,867.6
,2008,2008,District of Columbia,11,45-54 years,45-54,554,74908,739.6
,2008,2008,District of Columbia,11,55-64 years,55-64,802,61624,1301.4
,2008,2008,Florida,12,45-54 years,45-54,12476,2674832,466.4
,2008,2008,Florida,12,55-64 years,55-64,19147,2217834,863.3
,2008,2008,Georgia,13,45-54 years,45-54,6416,1348621,475.7
,2008,2008,Georgia,13,55-64 years,55-64,10008,997267,1003.5
,2008,2008,Hawaii,15,45-54 years,45-54,699,193822,360.6
,2008,2008,Hawaii,15,55-64 years,55-64,1144,165503,691.2
,2008,2008,Idaho,16,45-54 years,45-54,726,208454,348.3
,2008,2008,Idaho,16,55-64 years,55-64,1239,168248,736.4
,2008,2008,Illinois,17,45-54 years,45-54,7566,1860587,406.6
,2008,2008,Illinois,17,55-64 years,55-64,11914,1380334,863.1
,2008,2008,Indiana,18,45-54 years,45-54,4016,941733,426.4
,2008,2008,Indiana,18,55-64 years,55-64,6986,719819,970.5
,2008,2008,Iowa,19,45-54 years,45-54,1629,442580,368.1
,2008,2008,Iowa,19,55-64 years,55-64,2719,348104,781.1
,2008,2008,Kansas,20,45-54 years,45-54,1601,408413,392.0
,2008,2008,Kansas,20,55-64 years,55-64,2650,308123,860.0
,2008,2008,Kentucky,21,45-54 years,45-54,3429,638081,537.4
,2008,2008,Kentucky,21,55-64 years,55-64,5400,508641,1061.7
,2008,2008,Louisiana,22,45-54 years,45-54,3820,650435,587.3
,2008,2008,Louisiana,22,55-64 years,55-64,5699,499672,1140.5
,2008,2008,Maine,23,45-54 years,45-54,769,220114,349.4
,2008,2008,Maine,23,55-64 years,55-64,1429,180655,791.0
,2008,2008,Maryland,24,45-54 years,45-54,3689,882574,418.0
,2008,2008,Maryland,24,55-64 years,55-64,5337,652083,818.5
,2008,2008,Massachusetts,25,45-54 years,45-54,3265,993293,328.7
,2008,2008,Massachusetts,25,55-64 years,55-64,5203,752529,691.4
,2008,2008,Michigan,26,45-54 years,45-54,6814,1523637,447.2
,2008,2008,Michigan,26,55-64 years,55-64,10642,1175776,905.1
,2008,2008,Minnesota,27,45-54 years,45-54,2390,803929,297.3
,2008,2008,Minnesota,27,55-64 years,55-64,3870,582155,664.8
,2008,2008,Mississippi,28,45-54 years,45-54,2618,416943,627.9
,2008,2008,Mississippi,28,55-64 years,55-64,4105,327476,1253.5
,2008,2008,Missouri,29,45-54 years,45-54,4315,882787,488.8
,2008,2008,Missouri,29,55-64 years,55-64,6624,680290,973.7
,2008,2008,Montana,30,45-54 years,45-54,593,153172,387.1
,2008,2008,Montana,30,55-64 years,55-64,1001,128789,777.2
,2008,2008,Nebraska,31,45-54 years,45-54,897,259716,345.4
,2008,2008,Nebraska,31,55-64 years,55-64,1515,198421,763.5
,2008,2008,Nevada,32,45-54 years,45-54,1721,369080,466.3
,2008,2008,Nevada,32,55-64 years,55-64,2862,299377,956.0
,2008,2008,New Hampshire,33,45-54 years,45-54,716,223313,320.6
,2008,2008,New Hampshire,33,55-64 years,55-64,1141,166583,684.9
,2008,2008,New Jersey,34,45-54 years,45-54,4688,1352140,346.7
,2008,2008,New Jersey,34,55-64 years,55-64,7480,984093,760.1
,2008,2008,New Mexico,35,45-54 years,45-54,1381,290837,474.8
,2008,2008,New Mexico,35,55-64 years,55-64,1962,239930,817.7
,2008,2008,New York,36,45-54 years,45-54,9889,2841215,348.1
,2008,2008,New York,36,55-64 years,55-64,16865,2178218,774.3
,2008,2008,North Carolina,37,45-54 years,45-54,6253,1336505,467.9
,2008,2008,North Carolina,37,55-64 years,55-64,10010,1068596,936.7
,2008,2008,North Dakota,38,45-54 years,45-54,326,97575,334.1
,2008,2008,North Dakota,38,55-64 years,55-64,579,75112,770.8
,2008,2008,Ohio,39,45-54 years,45-54,8090,1751899,461.8
,2008,2008,Ohio,39,55-64 years,55-64,12734,1356505,938.7
,2008,2008,Oklahoma,40,45-54 years,45-54,3168,523204,605.5
,2008,2008,Oklahoma,40,55-64 years,55-64,4803,416838,1152.2
,2008,2008,Oregon,41,45-54 years,45-54,2163,548986,394.0
,2008,2008,Oregon,41,55-64 years,55-64,3769,476616,790.8
,2008,2008,Pennsylvania,42,45-54 years,45-54,7923,1937827,408.9
,2008,2008,Pennsylvania,42,55-64 years,55-64,13155,1518364,866.4
,2008,2008,Rhode Island,44,45-54 years,45-54,613,162107,378.1
,2008,2008,Rhode Island,44,55-64 years,55-64,971,122375,793.5
,2008,2008,South Carolina,45,45-54 years,45-54,3594,647973,554.7
,2008,2008,South Carolina,45,55-64 years,55-64,5619,550714,1020.3
,2008,2008,South Dakota,46,45-54 years,45-54,384,117282,327.4
,2008,2008,South Dakota,46,55-64 years,55-64,678,90851,746.3
,2008,2008,Tennessee,47,45-54 years,45-54,5020,914098,549.2
,2008,2008,Tennessee,47,55-64 years,55-64,7949,741055,1072.7
,2008,2008,Texas,48,45-54 years,45-54,14180,3336384,425.0
,2008,2008,Texas,48,55-64 years,55-64,22034,2399890,918.1
,2008,2008,Utah,49,45-54 years,45-54,1084,303088,357.7
,2008,2008,Utah,49,55-64 years,55-64,1482,221066,670.4
,2008,2008,Vermont,50,45-54 years,45-54,358,103507,345.9
,2008,2008,Vermont,50,55-64 years,55-64,569,84427,674.0
,2008,2008,Virginia,51,45-54 years,45-54,4538,1186006,382.6
,2008,2008,Virginia,51,55-64 years,55-64,7412,896712,826.6
,2008,2008,Washington,53,45-54 years,45-54,3530,985424,358.2
,2008,2008,Washington,53,55-64 years,55-64,5879,777195,756.4
,2008,2008,West Virginia,54,45-54 years,45-54,1535,278851,550.5
,2008,2008,West Virginia,54,55-64 years,55-64,2793,249897,1117.7
,2008,2008,Wisconsin,55,45-54 years,45-54,2896,871193,332.4
,2008,2008,Wisconsin,55,55-64 years,55-64,4938,649975,759.7
,2008,2008,Wyoming,56,45-54 years,45-54,389,84979,457.8
,2008,2008,Wyoming,56,55-64 years,55-64,486,67666,718.2
,2009,2009,Alabama,01,45-54 years,45-54,4079,692734,588.8
,2009,2009,Alabama,01,55-64 years,55-64,6654,572887,1161.5
,2009,2009,Alaska,02,45-54 years,45-54,487,112318,433.6
,2009,2009,Alaska,02,55-64 years,55-64,574,83075,690.9
,2009,2009,Arizona,04,45-54 years,45-54,3503,836017,419.0
,2009,2009,Arizona,04,55-64 years,55-64,5654,704828,802.2
,2009,2009,Arkansas,05,45-54 years,45-54,2405,405489,593.1
,2009,2009,Arkansas,05,55-64 years,55-64,3790,343649,1102.9
,2009,2009,California,06,45-54 years,45-54,18530,5220443,355.0
,2009,2009,California,06,55-64 years,55-64,28824,3905550,738.0
,2009,2009,Colorado,08,45-54 years,45-54,2653,742434,357.3
,2009,2009,Colorado,08,55-64 years,55-64,3994,577217,691.9
,2009,2009,Connecticut,09,45-54 years,45-54,1793,572740,313.1
,2009,2009,Connecticut,09,55-64 years,55-64,2890,430784,670.9
,2009,2009,Delaware,10,45-54 years,45-54,636,132682,479.3
,2009,2009,Delaware,10,55-64 years,55-64,896,107654,832.3
,2009,2009,District of Columbia,11,45-54 years,45-54,526,75543,696.3
,2009,2009,District of Columbia,11,55-64 years,55-64,734,62750,1169.7
,2009,2009,Florida,12,45-54 years,45-54,12329,2715193,454.1
,2009,2009,Florida,12,55-64 years,55-64,19755,2274599,868.5
,2009,2009,Georgia,13,45-54 years,45-54,6582,1374167,479.0
,2009,2009,Georgia,13,55-64 years,55-64,10307,1036484,994.4
,2009,2009,Hawaii,15,45-54 years,45-54,698,193429,360.9
,2009,2009,Hawaii,15,55-64 years,55-64,1238,171079,723.6
,2009,2009,Idaho,16,45-54 years,45-54,788,208898,377.2
,2009,2009,Idaho,16,55-64 years,55-64,1326,174897,758.2
,2009,2009,Illinois,17,45-54 years,45-54,7392,1871148,395.1
,2009,2009,Illinois,17,55-64 years,55-64,11976,1428967,838.1
,2009,2009,Indiana,18,45-54 years,45-54,4355,946400,460.2
,2009,2009,Indiana,18,55-64 years,55-64,6949,747106,930.1
,2009,2009,Iowa,19,45-54 years,45-54,1541,442237,348.5
,2009,2009,Iowa,19,55-64 years,55-64,2795,361422,773.3
,2009,2009,Kansas,20,45-54 years,45-54,1642,408687,401.8
,2009,2009,Kansas,20,55-64 years,55-64,2716,320851,846.5
,2009,2009,Kentucky,21,45-54 years,45-54,3591,641717,559.6
,2009,2009,Kentucky,21,55-64 years,55-64,5819,524383,1109.7
,2009,2009,Louisiana,22,45-54 years,45-54,3789,654126,579.2
,2009,2009,Louisiana,22,55-64 years,55-64,5784,519317,1113.8
,2009,2009,Maine,23,45-54 years,45-54,793,219374,361.5
,2009,2009,Maine,23,55-64 years,55-64,1409,186977,753.6
,2009,2009,Maryland,24,45-54 years,45-54,3702,895759,413.3
,2009,2009,Maryland,24,55-64 years,55-64,5733,675736,848.4
,2009,2009,Massachusetts,25,45-54 years,45-54,3339,1006698,331.7
,2009,2009,Massachusetts,25,55-64 years,55-64,5421,779883,695.1
,2009,2009,Michigan,26,45-54 years,45-54,6667,1519908,438.6
,2009,2009,Michigan,26,55-64 years,55-64,10915,1216437,897.3
,2009,2009,Minnesota,27,45-54 years,45-54,2458,808480,304.0
,2009,2009,Minnesota,27,55-64 years,55-64,4077,608257,670.3
,2009,2009,Mississippi,28,45-54 years,45-54,2557,417705,612.2
,2009,2009,Mississippi,28,55-64 years,55-64,4007,337648,1186.7
,2009,2009,Missouri,29,45-54 years,45-54,4186,888545,471.1
,2009,2009,Missouri,29,55-64 years,55-64,6704,702887,953.8
,2009,2009,Montana,30,45-54 years,45-54,654,151768,430.9
,2009,2009,Montana,30,55-64 years,55-64,1055,134566,784.0
,2009,2009,Nebraska,31,45-54 years,45-54,933,259696,359.3
,2009,2009,Nebraska,31,55-64 years,55-64,1533,206615,742.0
,2009,2009,Nevada,32,45-54 years,45-54,1749,374399,467.1
,2009,2009,Nevada,32,55-64 years,55-64,2998,307809,974.0
,2009,2009,New Hampshire,33,45-54 years,45-54,675,225392,299.5
,2009,2009,New Hampshire,33,55-64 years,55-64,1239,172791,717.1
,2009,2009,New Jersey,34,45-54 years,45-54,4536,1370539,331.0
,2009,2009,New Jersey,34,55-64 years,55-64,7461,1017034,733.6
,2009,2009,New Mexico,35,45-54 years,45-54,1374,291819,470.8
,2009,2009,New Mexico,35,55-64 years,55-64,2052,249269,823.2
,2009,2009,New York,36,45-54 years,45-54,10110,2869544,352.3
,2009,2009,New York,36,55-64 years,55-64,16892,2244247,752.7
,2009,2009,North Carolina,37,45-54 years,45-54,6251,1357941,460.3
,2009,2009,North Carolina,37,55-64 years,55-64,10283,1108180,927.9
,2009,2009,North Dakota,38,45-54 years,45-54,346,97263,355.7
,2009,2009,North Dakota,38,55-64 years,55-64,565,78775,717.2
,2009,2009,Ohio,39,45-54 years,45-54,8030,1751039,458.6
,2009,2009,Ohio,39,55-64 years,55-64,13150,1407110,934.5
,2009,2009,Oklahoma,40,45-54 years,45-54,3107,526476,590.2
,2009,2009,Oklahoma,40,55-64 years,55-64,4898,429509,1140.4
,2009,2009,Oregon,41,45-54 years,45-54,2197,543859,404.0
,2009,2009,Oregon,41,55-64 years,55-64,4044,495581,816.0
,2009,2009,Pennsylvania,42,45-54 years,45-54,8098,1943598,416.6
,2009,2009,Pennsylvania,42,55-64 years,55-64,13470,1573126,856.3
,2009,2009,Rhode Island,44,45-54 years,45-54,623,162676,383.0
,2009,2009,Rhode Island,44,55-64 years,55-64,970,126712,765.5
,2009,2009,South Carolina,45,45-54 years,45-54,3519,656957,535.7
,2009,2009,South Carolina,45,55-64 years,55-64,6027,568892,1059.4
,2009,2009,South Dakota,46,45-54 years,45-54,417,117152,355.9
,2009,2009,South Dakota,46,55-64 years,55-64,713,94612,753.6
,2009,2009,Tennessee,47,45-54 years,45-54,5186,922529,562.2
,2009,2009,Tennessee,47,55-64 years,55-64,8256,765176,1079.0
,2009,2009,Texas,48,45-54 years,45-54,14366,3401438,422.4
,2009,2009,Texas,48,55-64 years,55-64,22549,2508152,899.0
,2009,2009,Utah,49,45-54 years,45-54,1086,305929,355.0
,2009,2009,Utah,49,55-64 years,55-64,1572,231203,679.9
,2009,2009,Vermont,50,45-54 years,45-54,312,103347,301.9
,2009,2009,Vermont,50,55-64 years,55-64,583,87424,666.9
,2009,2009,Virginia,51,45-54 years,45-54,4576,1204125,380.0
,2009,2009,Virginia,51,55-64 years,55-64,7635,928240,822.5
,2009,2009,Washington,53,45-54 years,45-54,3535,989369,357.3
,2009,2009,Washington,53,55-64 years,55-64,6079,809219,751.2
,2009,2009,West Virginia,54,45-54 years,45-54,1636,277570,589.4
,2009,2009,West Virginia,54,55-64 years,55-64,2835,257937,1099.1
,2009,2009,Wisconsin,55,45-54 years,45-54,2906,875251,332.0
,2009,2009,Wisconsin,55,55-64 years,55-64,4980,677099,735.5
,2009,2009,Wyoming,56,45-54 years,45-54,325,84541,384.4
,2009,2009,Wyoming,56,55-64 years,55-64,527,70998,742.3
,2010,2010,Alabama,01,45-54 years,45-54,4040,693854,582.3
,2010,2010,Alabama,01,55-64 years,55-64,6753,588033,1148.4
,2010,2010,Alaska,02,45-54 years,45-54,466,111026,419.7
,2010,2010,Alaska,02,55-64 years,55-64,633,85909,736.8
,2010,2010,Arizona,04,45-54 years,45-54,3479,842546,412.9
,2010,2010,Arizona,04,55-64 years,55-64,5962,726228,821.0
,2010,2010,Arkansas,05,45-54 years,45-54,2365,407266,580.7
,2010,2010,Arkansas,05,55-64 years,55-64,3805,350991,1084.1
,2010,2010,California,06,45-54 years,45-54,17140,5252371,326.3
,2010,2010,California,06,55-64 years,55-64,29568,4036493,732.5
,2010,2010,Colorado,08,45-54 years,45-54,2448,742698,329.6
,2010,2010,Colorado,08,55-64 years,55-64,4159,597644,695.9
,2010,2010,Connecticut,09,45-54 years,45-54,1770,575597,307.5
,2010,2010,Connecticut,09,55-64 years,55-64,2955,443452,666.4
,2010,2010,Delaware,10,45-54 years,45-54,627,133554,469.5
,2010,2010,Delaware,10,55-64 years,55-64,960,110929,865.4
,2010,2010,District of Columbia,11,45-54 years,45-54,497,75703,656.5
,2010,2010,District of Columbia,11,55-64 years,55-64,748,63977,1169.2
,2010,2010,Florida,12,45-54 years,45-54,12001,2741493,437.8
,2010,2010,Florida,12,55-64 years,55-64,20528,2337668,878.1
,2010,2010,Georgia,13,45-54 years,45-54,6502,1391252,467.3
,2010,2010,Georgia,13,55-64 years,55-64,10786,1069557,1008.5
,2010,2010,Hawaii,15,45-54 years,45-54,669,193765,345.3
,2010,2010,Hawaii,15,55-64 years,55-64,1205,175562,686.4
,2010,2010,Idaho,16,45-54 years,45-54,705,208537,338.1
,2010,2010,Idaho,16,55-64 years,55-64,1340,180313,743.2
,2010,2010,Illinois,17,45-54 years,45-54,7089,1870879,378.9
,2010,2010,Illinois,17,55-64 years,55-64,12059,1473207,818.6
,2010,2010,Indiana,18,45-54 years,45-54,4344,946768,458.8
,2010,2010,Indiana,18,55-64 years,55-64,7267,769143,944.8
,2010,2010,Iowa,19,45-54 years,45-54,1665,439726,378.6
,2010,2010,Iowa,19,55-64 years,55-64,2830,372750,759.2
,2010,2010,Kansas,20,45-54 years,45-54,1644,406264,404.7
,2010,2010,Kansas,20,55-64 years,55-64,2833,331247,855.3
,2010,2010,Kentucky,21,45-54 years,45-54,3630,643097,564.5
,2010,2010,Kentucky,21,55-64 years,55-64,5867,538993,1088.5
,2010,2010,Louisiana,22,45-54 years,45-54,3661,654375,559.5
,2010,2010,Louisiana,22,55-64 years,55-64,5906,535562,1102.8
,2010,2010,Maine,23,45-54 years,45-54,802,218575,366.9
,2010,2010,Maine,23,55-64 years,55-64,1511,192101,786.6
,2010,2010,Maryland,24,45-54 years,45-54,3508,902204,388.8
,2010,2010,Maryland,24,55-64 years,55-64,5685,695768,817.1
,2010,2010,Massachusetts,25,45-54 years,45-54,3189,1012435,315.0
,2010,2010,Massachusetts,25,55-64 years,55-64,5599,803369,696.9
,2010,2010,Michigan,26,45-54 years,45-54,6634,1510033,439.3
,2010,2010,Michigan,26,55-64 years,55-64,11252,1251997,898.7
,2010,2010,Minnesota,27,45-54 years,45-54,2375,807898,294.0
,2010,2010,Minnesota,27,55-64 years,55-64,4089,629364,649.7
,2010,2010,Mississippi,28,45-54 years,45-54,2644,416976,634.1
,2010,2010,Mississippi,28,55-64 years,55-64,4213,347325,1213.0
,2010,2010,Missouri,29,45-54 years,45-54,4206,888572,473.3
,2010,2010,Missouri,29,55-64 years,55-64,6757,723278,934.2
,2010,2010,Montana,30,45-54 years,45-54,593,149832,395.8
,2010,2010,Montana,30,55-64 years,55-64,1025,138858,738.2
,2010,2010,Nebraska,31,45-54 years,45-54,903,258726,349.0
,2010,2010,Nebraska,31,55-64 years,55-64,1632,213176,765.6
,2010,2010,Nevada,32,45-54 years,45-54,1696,376527,450.4
,2010,2010,Nevada,32,55-64 years,55-64,3013,315499,955.0
,2010,2010,New Hampshire,33,45-54 years,45-54,680,225961,300.9
,2010,2010,New Hampshire,33,55-64 years,55-64,1144,178243,641.8
,2010,2010,New Jersey,34,45-54 years,45-54,4604,1379196,333.8
,2010,2010,New Jersey,34,55-64 years,55-64,7783,1046165,744.0
,2010,2010,New Mexico,35,45-54 years,45-54,1375,292009,470.9
,2010,2010,New Mexico,35,55-64 years,55-64,2073,256936,806.8
,2010,2010,New York,36,45-54 years,45-54,9748,2878691,338.6
,2010,2010,New York,36,55-64 years,55-64,17196,2303668,746.5
,2010,2010,North Carolina,37,45-54 years,45-54,6202,1368646,453.1
,2010,2010,North Carolina,37,55-64 years,55-64,10552,1138761,926.6
,2010,2010,North Dakota,38,45-54 years,45-54,316,96657,326.9
,2010,2010,North Dakota,38,55-64 years,55-64,570,81819,696.7
,2010,2010,Ohio,39,45-54 years,45-54,7838,1742191,449.9
,2010,2010,Ohio,39,55-64 years,55-64,13537,1452266,932.1
,2010,2010,Oklahoma,40,45-54 years,45-54,3008,525611,572.3
,2010,2010,Oklahoma,40,55-64 years,55-64,5080,440482,1153.3
,2010,2010,Oregon,41,45-54 years,45-54,2127,539075,394.6
,2010,2010,Oregon,41,55-64 years,55-64,4009,509566,786.7
,2010,2010,Pennsylvania,42,45-54 years,45-54,7900,1940404,407.1
,2010,2010,Pennsylvania,42,55-64 years,55-64,13647,1622344,841.2
,2010,2010,Rhode Island,44,45-54 years,45-54,592,162350,364.6
,2010,2010,Rhode Island,44,55-64 years,55-64,1000,130589,765.8
,2010,2010,South Carolina,45,45-54 years,45-54,3648,659428,553.2
,2010,2010,South Carolina,45,55-64 years,55-64,6199,583795,1061.8
,2010,2010,South Dakota,46,45-54 years,45-54,391,116918,334.4
,2010,2010,South Dakota,46,55-64 years,55-64,759,97804,776.0
,2010,2010,Tennessee,47,45-54 years,45-54,5196,926436,560.9
,2010,2010,Tennessee,47,55-64 years,55-64,8394,785715,1068.3
,2010,2010,Texas,48,45-54 years,45-54,14271,3435336,415.4
,2010,2010,Texas,48,55-64 years,55-64,23247,2597691,894.9
,2010,2010,Utah,49,45-54 years,45-54,1000,306964,325.8
,2010,2010,Utah,49,55-64 years,55-64,1657,240241,689.7
,2010,2010,Vermont,50,45-54 years,45-54,319,102603,310.9
,2010,2010,Vermont,50,55-64 years,55-64,634,89973,704.7
,2010,2010,Virginia,51,45-54 years,45-54,4492,1214000,370.0
,2010,2010,Virginia,51,55-64 years,55-64,7599,954964,795.7
,2010,2010,Washington,53,45-54 years,45-54,3342,988205,338.2
,2010,2010,Washington,53,55-64 years,55-64,6114,835165,732.1
,2010,2010,West Virginia,54,45-54 years,45-54,1577,276156,571.1
,2010,2010,West Virginia,54,55-64 years,55-64,2896,264825,1093.6
,2010,2010,Wisconsin,55,45-54 years,45-54,2908,873753,332.8
,2010,2010,Wisconsin,55,55-64 years,55-64,5163,699811,737.8
,2010,2010,Wyoming,56,45-54 years,45-54,381,83577,455.9
,2010,2010,Wyoming,56,55-64 years,55-64,609,73513,828.4
,2011,2011,Alabama,01,45-54 years,45-54,4043,685148,590.1
,2011,2011,Alabama,01,55-64 years,55-64,7111,610224,1165.3
,2011,2011,Alaska,02,45-54 years,45-54,462,109611,421.5
,2011,2011,Alaska,02,55-64 years,55-64,721,90885,793.3
,2011,2011,Arizona,04,45-54 years,45-54,3463,842402,411.1
,2011,2011,Arizona,04,55-64 years,55-64,6166,756230,815.4
,2011,2011,Arkansas,05,45-54 years,45-54,2335,403512,578.7
,2011,2011,Arkansas,05,55-64 years,55-64,4121,363599,1133.4
,2011,2011,California,06,45-54 years,45-54,17494,5250438,333.2
,2011,2011,California,06,55-64 years,55-64,30575,4219756,724.6
,2011,2011,Colorado,08,45-54 years,45-54,2575,734382,350.6
,2011,2011,Colorado,08,55-64 years,55-64,4445,628620,707.1
,2011,2011,Connecticut,09,45-54 years,45-54,1768,572499,308.8
,2011,2011,Connecticut,09,55-64 years,55-64,3039,461663,658.3
,2011,2011,Delaware,10,45-54 years,45-54,606,133296,454.6
,2011,2011,Delaware,10,55-64 years,55-64,983,116232,845.7
,2011,2011,District of Columbia,11,45-54 years,45-54,451,75830,594.8
,2011,2011,District of Columbia,11,55-64 years,55-64,786,66752,1177.5
,2011,2011,Florida,12,45-54 years,45-54,12095,2749413,439.9
,2011,2011,Florida,12,55-64 years,55-64,20867,2433669,857.4
,2011,2011,Georgia,13,45-54 years,45-54,6462,1395170,463.2
,2011,2011,Georgia,13,55-64 years,55-64,10949,1115955,981.1
,2011,2011,Hawaii,15,45-54 years,45-54,703,189490,371.0
,2011,2011,Hawaii,15,55-64 years,55-64,1274,179596,709.4
,2011,2011,Idaho,16,45-54 years,45-54,756,206361,366.3
,2011,2011,Idaho,16,55-64 years,55-64,1426,188817,755.2
,2011,2011,Illinois,17,45-54 years,45-54,6891,1850775,372.3
,2011,2011,Illinois,17,55-64 years,55-64,12463,1537348,810.7
,2011,2011,Indiana,18,45-54 years,45-54,4243,935186,453.7
,2011,2011,Indiana,18,55-64 years,55-64,7703,803177,959.1
,2011,2011,Iowa,19,45-54 years,45-54,1597,432049,369.6
,2011,2011,Iowa,19,55-64 years,55-64,2960,389049,760.8
,2011,2011,Kansas,20,45-54 years,45-54,1627,398902,407.9
,2011,2011,Kansas,20,55-64 years,55-64,2965,346152,856.6
,2011,2011,Kentucky,21,45-54 years,45-54,3670,637556,575.6
,2011,2011,Kentucky,21,55-64 years,55-64,5992,560468,1069.1
,2011,2011,Louisiana,22,45-54 years,45-54,3617,645604,560.3
,2011,2011,Louisiana,22,55-64 years,55-64,6024,560025,1075.7
,2011,2011,Maine,23,45-54 years,45-54,745,214744,346.9
,2011,2011,Maine,23,55-64 years,55-64,1541,199958,770.7
,2011,2011,Maryland,24,45-54 years,45-54,3393,900717,376.7
,2011,2011,Maryland,24,55-64 years,55-64,5753,726370,792.0
,2011,2011,Massachusetts,25,45-54 years,45-54,3209,1009590,317.9
,2011,2011,Massachusetts,25,55-64 years,55-64,5645,837865,673.7
,2011,2011,Michigan,26,45-54 years,45-54,6591,1482011,444.7
,2011,2011,Michigan,26,55-64 years,55-64,11690,1304153,896.4
,2011,2011,Minnesota,27,45-54 years,45-54,2418,799748,302.3
,2011,2011,Minnesota,27,55-64 years,55-64,4342,661215,656.7
,2011,2011,Mississippi,28,45-54 years,45-54,2639,410608,642.7
,2011,2011,Mississippi,28,55-64 years,55-64,4380,360476,1215.1
,2011,2011,Missouri,29,45-54 years,45-54,4121,874959,471.0
,2011,2011,Missouri,29,55-64 years,55-64,7184,753697,953.2
,2011,2011,Montana,30,45-54 years,45-54,645,145062,444.6
,2011,2011,Montana,30,55-64 years,55-64,1107,144927,763.8
,2011,2011,Nebraska,31,45-54 years,45-54,882,254266,346.9
,2011,2011,Nebraska,31,55-64 years,55-64,1687,223573,754.6
,2011,2011,Nevada,32,45-54 years,45-54,1742,375378,464.1
,2011,2011,Nevada,32,55-64 years,55-64,3053,326307,935.6
,2011,2011,New Hampshire,33,45-54 years,45-54,712,223338,318.8
,2011,2011,New Hampshire,33,55-64 years,55-64,1298,186217,697.0
,2011,2011,New Jersey,34,45-54 years,45-54,4665,1373968,339.5
,2011,2011,New Jersey,34,55-64 years,55-64,8047,1087367,740.0
,2011,2011,New Mexico,35,45-54 years,45-54,1398,286363,488.2
,2011,2011,New Mexico,35,55-64 years,55-64,2246,266321,843.3
,2011,2011,New York,36,45-54 years,45-54,9593,2864680,334.9
,2011,2011,New York,36,55-64 years,55-64,17527,2389166,733.6
,2011,2011,North Carolina,37,45-54 years,45-54,6190,1369699,451.9
,2011,2011,North Carolina,37,55-64 years,55-64,11066,1187466,931.9
,2011,2011,North Dakota,38,45-54 years,45-54,344,94609,363.6
,2011,2011,North Dakota,38,55-64 years,55-64,611,86016,710.3
,2011,2011,Ohio,39,45-54 years,45-54,7912,1710977,462.4
,2011,2011,Ohio,39,55-64 years,55-64,14219,1515607,938.2
,2011,2011,Oklahoma,40,45-54 years,45-54,3037,516711,587.8
,2011,2011,Oklahoma,40,55-64 years,55-64,5289,457541,1156.0
,2011,2011,Oregon,41,45-54 years,45-54,2044,530021,385.6
,2011,2011,Oregon,41,55-64 years,55-64,4198,529187,793.3
,2011,2011,Pennsylvania,42,45-54 years,45-54,7881,1915798,411.4
,2011,2011,Pennsylvania,42,55-64 years,55-64,14599,1694836,861.4
,2011,2011,Rhode Island,44,45-54 years,45-54,559,159963,349.5
,2011,2011,Rhode Island,44,55-64 years,55-64,1083,135676,798.2
,2011,2011,South Carolina,45,45-54 years,45-54,3561,657900,541.3
,2011,2011,South Carolina,45,55-64 years,55-64,6154,606691,1014.4
,2011,2011,South Dakota,46,45-54 years,45-54,425,114809,370.2
,2011,2011,South Dakota,46,55-64 years,55-64,760,103315,735.6
,2011,2011,Tennessee,47,45-54 years,45-54,5256,921225,570.5
,2011,2011,Tennessee,47,55-64 years,55-64,8934,817117,1093.4
,2011,2011,Texas,48,45-54 years,45-54,14173,3455586,410.1
,2011,2011,Texas,48,55-64 years,55-64,24407,2734763,892.5
,2011,2011,Utah,49,45-54 years,45-54,1100,306320,359.1
,2011,2011,Utah,49,55-64 years,55-64,1764,254030,694.4
,2011,2011,Vermont,50,45-54 years,45-54,343,100189,342.4
,2011,2011,Vermont,50,55-64 years,55-64,656,93531,701.4
,2011,2011,Virginia,51,45-54 years,45-54,4547,1209404,376.0
,2011,2011,Virginia,51,55-64 years,55-64,7914,995298,795.1
,2011,2011,Washington,53,45-54 years,45-54,3272,976313,335.1
,2011,2011,Washington,53,55-64 years,55-64,6481,872440,742.9
,2011,2011,West Virginia,54,45-54 years,45-54,1677,270449,620.1
,2011,2011,West Virginia,54,55-64 years,55-64,2959,272741,1084.9
,2011,2011,Wisconsin,55,45-54 years,45-54,2971,864238,343.8
,2011,2011,Wisconsin,55,55-64 years,55-64,5559,732936,758.5
,2011,2011,Wyoming,56,45-54 years,45-54,344,80936,425.0
,2011,2011,Wyoming,56,55-64 years,55-64,592,77120,767.6
,2012,2012,Alabama,01,45-54 years,45-54,3963,673464,588.5
,2012,2012,Alabama,01,55-64 years,55-64,7199,615408,1169.8
,2012,2012,Alaska,02,45-54 years,45-54,455,106266,428.2
,2012,2012,Alaska,02,55-64 years,55-64,717,92816,772.5
,2012,2012,Arizona,04,45-54 years,45-54,3438,839039,409.8
,2012,2012,Arizona,04,55-64 years,55-64,6463,764833,845.0
,2012,2012,Arkansas,05,45-54 years,45-54,2262,396935,569.9
,2012,2012,Arkansas,05,55-64 years,55-64,4244,364152,1165.4
,2012,2012,California,06,45-54 years,45-54,17217,5231936,329.1
,2012,2012,California,06,55-64 years,55-64,31306,4303873,727.4
,2012,2012,Colorado,08,45-54 years,45-54,2435,725419,335.7
,2012,2012,Colorado,08,55-64 years,55-64,4524,641878,704.8
,2012,2012,Connecticut,09,45-54 years,45-54,1834,566537,323.7
,2012,2012,Connecticut,09,55-64 years,55-64,3058,467473,654.2
,2012,2012,Delaware,10,45-54 years,45-54,622,132413,469.7
,2012,2012,Delaware,10,55-64 years,55-64,998,117715,847.8
,2012,2012,District of Columbia,11,45-54 years,45-54,428,75690,565.5
,2012,2012,District of Columbia,11,55-64 years,55-64,753,67538,1114.9
,2012,2012,Florida,12,45-54 years,45-54,11748,2746309,427.8
,2012,2012,Florida,12,55-64 years,55-64,21641,2463778,878.4
,2012,2012,Georgia,13,45-54 years,45-54,6331,1394548,454.0
,2012,2012,Georgia,13,55-64 years,55-64,11187,1134511,986.1
,2012,2012,Hawaii,15,45-54 years,45-54,622,186382,333.7
,2012,2012,Hawaii,15,55-64 years,55-64,1333,181200,735.7
,2012,2012,Idaho,16,45-54 years,45-54,759,203034,373.8
,2012,2012,Idaho,16,55-64 years,55-64,1401,192165,729.1
,2012,2012,Illinois,17,45-54 years,45-54,6882,1824083,377.3
,2012,2012,Illinois,17,55-64 years,55-64,12929,1557881,829.9
,2012,2012,Indiana,18,45-54 years,45-54,4342,920303,471.8
,2012,2012,Indiana,18,55-64 years,55-64,7688,812629,946.1
,2012,2012,Iowa,19,45-54 years,45-54,1538,423537,363.1
,2012,2012,Iowa,19,55-64 years,55-64,3103,393632,788.3
,2012,2012,Kansas,20,45-54 years,45-54,1608,388791,413.6
,2012,2012,Kansas,20,55-64 years,55-64,2988,351110,851.0
,2012,2012,Kentucky,21,45-54 years,45-54,3629,627061,578.7
,2012,2012,Kentucky,21,55-64 years,55-64,6379,562778,1133.5
,2012,2012,Louisiana,22,45-54 years,45-54,3577,633679,564.5
,2012,2012,Louisiana,22,55-64 years,55-64,6355,566887,1121.0
,2012,2012,Maine,23,45-54 years,45-54,772,210092,367.5
,2012,2012,Maine,23,55-64 years,55-64,1562,201448,775.4
,2012,2012,Maryland,24,45-54 years,45-54,3332,896020,371.9
,2012,2012,Maryland,24,55-64 years,55-64,6014,736727,816.3
,2012,2012,Massachusetts,25,45-54 years,45-54,3150,1005035,313.4
,2012,2012,Massachusetts,25,55-64 years,55-64,5639,850031,663.4
,2012,2012,Michigan,26,45-54 years,45-54,6128,1453683,421.5
,2012,2012,Michigan,26,55-64 years,55-64,11753,1321837,889.1
,2012,2012,Minnesota,27,45-54 years,45-54,2346,787115,298.1
,2012,2012,Minnesota,27,55-64 years,55-64,4411,675419,653.1
,2012,2012,Mississippi,28,45-54 years,45-54,2519,402569,625.7
,2012,2012,Mississippi,28,55-64 years,55-64,4449,363272,1224.7
,2012,2012,Missouri,29,45-54 years,45-54,4095,856529,478.1
,2012,2012,Missouri,29,55-64 years,55-64,7239,762756,949.1
,2012,2012,Montana,30,45-54 years,45-54,574,140331,409.0
,2012,2012,Montana,30,55-64 years,55-64,1168,146833,795.5
,2012,2012,Nebraska,31,45-54 years,45-54,881,249377,353.3
,2012,2012,Nebraska,31,55-64 years,55-64,1716,227046,755.8
,2012,2012,Nevada,32,45-54 years,45-54,1677,376553,445.4
,2012,2012,Nevada,32,55-64 years,55-64,3182,331410,960.1
,2012,2012,New Hampshire,33,45-54 years,45-54,686,220151,311.6
,2012,2012,New Hampshire,33,55-64 years,55-64,1291,189512,681.2
,2012,2012,New Jersey,34,45-54 years,45-54,4487,1366234,328.4
,2012,2012,New Jersey,34,55-64 years,55-64,7968,1103563,722.0
,2012,2012,New Mexico,35,45-54 years,45-54,1375,279183,492.5
,2012,2012,New Mexico,35,55-64 years,55-64,2296,267370,858.7
,2012,2012,New York,36,45-54 years,45-54,9396,2840330,330.8
,2012,2012,New York,36,55-64 years,55-64,17770,2414879,735.9
,2012,2012,North Carolina,37,45-54 years,45-54,6130,1366362,448.6
,2012,2012,North Carolina,37,55-64 years,55-64,11257,1199314,938.6
,2012,2012,North Dakota,38,45-54 years,45-54,366,93151,392.9
,2012,2012,North Dakota,38,55-64 years,55-64,613,87948,697.0
,2012,2012,Ohio,39,45-54 years,45-54,7575,1674522,452.4
,2012,2012,Ohio,39,55-64 years,55-64,14538,1529618,950.4
,2012,2012,Oklahoma,40,45-54 years,45-54,2959,506474,584.2
,2012,2012,Oklahoma,40,55-64 years,55-64,5280,461599,1143.8
,2012,2012,Oregon,41,45-54 years,45-54,2043,520579,392.4
,2012,2012,Oregon,41,55-64 years,55-64,4225,532698,793.1
,2012,2012,Pennsylvania,42,45-54 years,45-54,7522,1880836,399.9
,2012,2012,Pennsylvania,42,55-64 years,55-64,14268,1710262,834.3
,2012,2012,Rhode Island,44,45-54 years,45-54,540,157715,342.4
,2012,2012,Rhode Island,44,55-64 years,55-64,1027,136882,750.3
,2012,2012,South Carolina,45,45-54 years,45-54,3489,652738,534.5
,2012,2012,South Carolina,45,55-64 years,55-64,6397,610723,1047.4
,2012,2012,South Dakota,46,45-54 years,45-54,442,112718,392.1
,2012,2012,South Dakota,46,55-64 years,55-64,784,106504,736.1
,2012,2012,Tennessee,47,45-54 years,45-54,5208,910875,571.8
,2012,2012,Tennessee,47,55-64 years,55-64,9155,822636,1112.9
,2012,2012,Texas,48,45-54 years,45-54,14099,3450815,408.6
,2012,2012,Texas,48,55-64 years,55-64,25293,2800415,903.2
,2012,2012,Utah,49,45-54 years,45-54,1101,305787,360.1
,2012,2012,Utah,49,55-64 years,55-64,1791,261375,685.2
,2012,2012,Vermont,50,45-54 years,45-54,309,97727,316.2
,2012,2012,Vermont,50,55-64 years,55-64,642,94367,680.3
,2012,2012,Virginia,51,45-54 years,45-54,4426,1201653,368.3
,2012,2012,Virginia,51,55-64 years,55-64,7995,1006448,794.4
,2012,2012,Washington,53,45-54 years,45-54,3326,964294,344.9
,2012,2012,Washington,53,55-64 years,55-64,6442,884586,728.3
,2012,2012,West Virginia,54,45-54 years,45-54,1601,263998,606.4
,2012,2012,West Virginia,54,55-64 years,55-64,3061,271725,1126.5
,2012,2012,Wisconsin,55,45-54 years,45-54,2872,850902,337.5
,2012,2012,Wisconsin,55,55-64 years,55-64,5509,745803,738.7
,2012,2012,Wyoming,56,45-54 years,45-54,347,78964,439.4
,2012,2012,Wyoming,56,55-64 years,55-64,605,78939,766.4
,2013,2013,Alabama,01,45-54 years,45-54,4018,664435,604.7
,2013,2013,Alabama,01,55-64 years,55-64,7406,622799,1189.1
,2013,2013,Alaska,02,45-54 years,45-54,421,100482,419.0
,2013,2013,Alaska,02,55-64 years,55-64,795,92820,856.5
,2013,2013,Arizona,04,45-54 years,45-54,3477,836217,415.8
,2013,2013,Arizona,04,55-64 years,55-64,6590,776850,848.3
,2013,2013,Arkansas,05,45-54 years,45-54,2194,391101,561.0
,2013,2013,Arkansas,05,55-64 years,55-64,4326,366965,1178.9
,2013,2013,California,06,45-54 years,45-54,16822,5212165,322.7
,2013,2013,California,06,55-64 years,55-64,31783,4403436,721.8
,2013,2013,Colorado,08,45-54 years,45-54,2446,717115,341.1
,2013,2013,Colorado,08,55-64 years,55-64,4530,656161,690.4
,2013,2013,Connecticut,09,45-54 years,45-54,1746,556378,313.8
,2013,2013,Connecticut,09,55-64 years,55-64,3142,477383,658.2
,2013,2013,Delaware,10,45-54 years,45-54,602,130997,459.6
,2013,2013,Delaware,10,55-64 years,55-64,1136,120827,940.2
,2013,2013,District of Columbia,11,45-54 years,45-54,414,76199,543.3
,2013,2013,District of Columbia,11,55-64 years,55-64,803,68604,1170.5
,2013,2013,Florida,12,45-54 years,45-54,11431,2732326,418.4
,2013,2013,Florida,12,55-64 years,55-64,22147,2506318,883.6
,2013,2013,Georgia,13,45-54 years,45-54,6426,1396297,460.2
,2013,2013,Georgia,13,55-64 years,55-64,11658,1155188,1009.2
,2013,2013,Hawaii,15,45-54 years,45-54,658,180381,364.8
,2013,2013,Hawaii,15,55-64 years,55-64,1291,179346,719.8
,2013,2013,Idaho,16,45-54 years,45-54,787,200427,392.7
,2013,2013,Idaho,16,55-64 years,55-64,1589,196012,810.7
,2013,2013,Illinois,17,45-54 years,45-54,6635,1795460,369.5
,2013,2013,Illinois,17,55-64 years,55-64,13065,1589904,821.7
,2013,2013,Indiana,18,45-54 years,45-54,4164,904904,460.2
,2013,2013,Indiana,18,55-64 years,55-64,8047,829486,970.1
,2013,2013,Iowa,19,45-54 years,45-54,1591,414402,383.9
,2013,2013,Iowa,19,55-64 years,55-64,3149,401545,784.2
,2013,2013,Kansas,20,45-54 years,45-54,1583,376468,420.5
,2013,2013,Kansas,20,55-64 years,55-64,3000,356847,840.7
,2013,2013,Kentucky,21,45-54 years,45-54,3430,619528,553.6
,2013,2013,Kentucky,21,55-64 years,55-64,6431,571744,1124.8
,2013,2013,Louisiana,22,45-54 years,45-54,3512,623435,563.3
,2013,2013,Louisiana,22,55-64 years,55-64,6818,577651,1180.3
,2013,2013,Maine,23,45-54 years,45-54,741,205341,360.9
,2013,2013,Maine,23,55-64 years,55-64,1572,204129,770.1
,2013,2013,Maryland,24,45-54 years,45-54,3313,887094,373.5
,2013,2013,Maryland,24,55-64 years,55-64,6132,750387,817.2
,2013,2013,Massachusetts,25,45-54 years,45-54,3133,995945,314.6
,2013,2013,Massachusetts,25,55-64 years,55-64,5869,867128,676.8
,2013,2013,Michigan,26,45-54 years,45-54,6237,1422014,438.6
,2013,2013,Michigan,26,55-64 years,55-64,12051,1347308,894.5
,2013,2013,Minnesota,27,45-54 years,45-54,2319,771891,300.4
,2013,2013,Minnesota,27,55-64 years,55-64,4466,695366,642.3
,2013,2013,Mississippi,28,45-54 years,45-54,2595,395872,655.5
,2013,2013,Mississippi,28,55-64 years,55-64,4766,367728,1296.1
,2013,2013,Missouri,29,45-54 years,45-54,3957,837125,472.7
,2013,2013,Missouri,29,55-64 years,55-64,7643,778014,982.4
,2013,2013,Montana,30,45-54 years,45-54,566,134842,419.8
,2013,2013,Montana,30,55-64 years,55-64,1174,149156,787.1
,2013,2013,Nebraska,31,45-54 years,45-54,840,243643,344.8
,2013,2013,Nebraska,31,55-64 years,55-64,1709,231304,738.9
,2013,2013,Nevada,32,45-54 years,45-54,1697,378885,447.9
,2013,2013,Nevada,32,55-64 years,55-64,3261,337169,967.2
,2013,2013,New Hampshire,33,45-54 years,45-54,703,215035,326.9
,2013,2013,New Hampshire,33,55-64 years,55-64,1308,193326,676.6
,2013,2013,New Jersey,34,45-54 years,45-54,4436,1352614,328.0
,2013,2013,New Jersey,34,55-64 years,55-64,7953,1127705,705.2
,2013,2013,New Mexico,35,45-54 years,45-54,1341,270218,496.3
,2013,2013,New Mexico,35,55-64 years,55-64,2326,267967,868.0
,2013,2013,New York,36,45-54 years,45-54,9376,2814951,333.1
,2013,2013,New York,36,55-64 years,55-64,17811,2457489,724.8
,2013,2013,North Carolina,37,45-54 years,45-54,6115,1366545,447.5
,2013,2013,North Carolina,37,55-64 years,55-64,11495,1219917,942.3
,2013,2013,North Dakota,38,45-54 years,45-54,366,91251,401.1
,2013,2013,North Dakota,38,55-64 years,55-64,681,90186,755.1
,2013,2013,Ohio,39,45-54 years,45-54,7704,1634933,471.2
,2013,2013,Ohio,39,55-64 years,55-64,14683,1555900,943.7
,2013,2013,Oklahoma,40,45-54 years,45-54,3023,497489,607.7
,2013,2013,Oklahoma,40,55-64 years,55-64,5617,469130,1197.3
,2013,2013,Oregon,41,45-54 years,45-54,1951,513313,380.1
,2013,2013,Oregon,41,55-64 years,55-64,4405,536794,820.6
,2013,2013,Pennsylvania,42,45-54 years,45-54,7399,1840179,402.1
,2013,2013,Pennsylvania,42,55-64 years,55-64,14735,1740849,846.4
,2013,2013,Rhode Island,44,45-54 years,45-54,612,155104,394.6
,2013,2013,Rhode Island,44,55-64 years,55-64,1084,139878,775.0
,2013,2013,South Carolina,45,45-54 years,45-54,3461,650169,532.3
,2013,2013,South Carolina,45,55-64 years,55-64,6583,620062,1061.7
,2013,2013,South Dakota,46,45-54 years,45-54,416,109881,378.6
,2013,2013,South Dakota,46,55-64 years,55-64,795,109656,725.0
,2013,2013,Tennessee,47,45-54 years,45-54,5116,902043,567.2
,2013,2013,Tennessee,47,55-64 years,55-64,9381,832204,1127.2
,2013,2013,Texas,48,45-54 years,45-54,14127,3445227,410.0
,2013,2013,Texas,48,55-64 years,55-64,25992,2874895,904.1
,2013,2013,Utah,49,45-54 years,45-54,1021,305312,334.4
,2013,2013,Utah,49,55-64 years,55-64,1900,269589,704.8
,2013,2013,Vermont,50,45-54 years,45-54,330,94354,349.7
,2013,2013,Vermont,50,55-64 years,55-64,630,95257,661.4
,2013,2013,Virginia,51,45-54 years,45-54,4354,1188281,366.4
,2013,2013,Virginia,51,55-64 years,55-64,8301,1022922,811.5
,2013,2013,Washington,53,45-54 years,45-54,3226,951348,339.1
,2013,2013,Washington,53,55-64 years,55-64,6722,897344,749.1
,2013,2013,West Virginia,54,45-54 years,45-54,1597,257708,619.7
,2013,2013,West Virginia,54,55-64 years,55-64,3053,271930,1122.7
,2013,2013,Wisconsin,55,45-54 years,45-54,2953,833950,354.1
,2013,2013,Wisconsin,55,55-64 years,55-64,5706,765445,745.4
,2013,2013,Wyoming,56,45-54 years,45-54,342,76258,448.5
,2013,2013,Wyoming,56,55-64 years,55-64,617,80411,767.3
,2014,2014,Alabama,01,45-54 years,45-54,3780,656585,575.7
,2014,2014,Alabama,01,55-64 years,55-64,7572,629476,1202.9
,2014,2014,Alaska,02,45-54 years,45-54,448,97583,459.1
,2014,2014,Alaska,02,55-64 years,55-64,786,93050,844.7
,2014,2014,Arizona,04,45-54 years,45-54,3424,839503,407.9
,2014,2014,Arizona,04,55-64 years,55-64,6703,793914,844.3
,2014,2014,Arkansas,05,45-54 years,45-54,2278,385750,590.5
,2014,2014,Arkansas,05,55-64 years,55-64,4369,369673,1181.9
,2014,2014,California,06,45-54 years,45-54,16665,5243544,317.8
,2014,2014,California,06,55-64 years,55-64,32473,4519600,718.5
,2014,2014,Colorado,08,45-54 years,45-54,2395,714315,335.3
,2014,2014,Colorado,08,55-64 years,55-64,4736,670286,706.6
,2014,2014,Connecticut,09,45-54 years,45-54,1724,547253,315.0
,2014,2014,Connecticut,09,55-64 years,55-64,3141,487261,644.6
,2014,2014,Delaware,10,45-54 years,45-54,535,129592,412.8
,2014,2014,Delaware,10,55-64 years,55-64,1077,124032,868.3
,2014,2014,District of Columbia,11,45-54 years,45-54,433,76624,565.1
,2014,2014,District of Columbia,11,55-64 years,55-64,844,69000,1223.2
,2014,2014,Florida,12,45-54 years,45-54,11315,2737087,413.4
,2014,2014,Florida,12,55-64 years,55-64,23117,2573746,898.2
,2014,2014,Georgia,13,45-54 years,45-54,6270,1398530,448.3
,2014,2014,Georgia,13,55-64 years,55-64,11941,1179203,1012.6
,2014,2014,Hawaii,15,45-54 years,45-54,713,178199,400.1
,2014,2014,Hawaii,15,55-64 years,55-64,1390,179789,773.1
,2014,2014,Idaho,16,45-54 years,45-54,714,199241,358.4
,2014,2014,Idaho,16,55-64 years,55-64,1544,199565,773.7
,2014,2014,Illinois,17,45-54 years,45-54,6612,1771582,373.2
,2014,2014,Illinois,17,55-64 years,55-64,13432,1619080,829.6
,2014,2014,Indiana,18,45-54 years,45-54,4168,891112,467.7
,2014,2014,Indiana,18,55-64 years,55-64,8268,842381,981.5
,2014,2014,Iowa,19,45-54 years,45-54,1557,406732,382.8
,2014,2014,Iowa,19,55-64 years,55-64,3221,407141,791.1
,2014,2014,Kansas,20,45-54 years,45-54,1559,368739,422.8
,2014,2014,Kansas,20,55-64 years,55-64,3195,362462,881.5
,2014,2014,Kentucky,21,45-54 years,45-54,3582,610933,586.3
,2014,2014,Kentucky,21,55-64 years,55-64,6659,578122,1151.8
,2014,2014,Louisiana,22,45-54 years,45-54,3612,613254,589.0
,2014,2014,Louisiana,22,55-64 years,55-64,6971,587866,1185.8
,2014,2014,Maine,23,45-54 years,45-54,781,200510,389.5
,2014,2014,Maine,23,55-64 years,55-64,1568,206375,759.8
,2014,2014,Maryland,24,45-54 years,45-54,3291,877727,374.9
,2014,2014,Maryland,24,55-64 years,55-64,6257,765391,817.5
,2014,2014,Massachusetts,25,45-54 years,45-54,3214,986611,325.8
,2014,2014,Massachusetts,25,55-64 years,55-64,6008,885298,678.6
,2014,2014,Michigan,26,45-54 years,45-54,5934,1395800,425.1
,2014,2014,Michigan,26,55-64 years,55-64,12613,1366332,923.1
,2014,2014,Minnesota,27,45-54 years,45-54,2237,758493,294.9
,2014,2014,Minnesota,27,55-64 years,55-64,4567,711836,641.6
,2014,2014,Mississippi,28,45-54 years,45-54,2550,389738,654.3
,2014,2014,Mississippi,28,55-64 years,55-64,4988,372995,1337.3
,2014,2014,Missouri,29,45-54 years,45-54,3987,820286,486.0
,2014,2014,Missouri,29,55-64 years,55-64,8003,790529,1012.4
,2014,2014,Montana,30,45-54 years,45-54,552,131079,421.1
,2014,2014,Montana,30,55-64 years,55-64,1228,150394,816.5
,2014,2014,Nebraska,31,45-54 years,45-54,910,238996,380.8
,2014,2014,Nebraska,31,55-64 years,55-64,1805,234892,768.4
,2014,2014,Nevada,32,45-54 years,45-54,1686,383865,439.2
,2014,2014,Nevada,32,55-64 years,55-64,3282,345541,949.8
,2014,2014,New Hampshire,33,45-54 years,45-54,678,209935,323.0
,2014,2014,New Hampshire,33,55-64 years,55-64,1419,197695,717.8
,2014,2014,New Jersey,34,45-54 years,45-54,4361,1339172,325.6
,2014,2014,New Jersey,34,55-64 years,55-64,8135,1154228,704.8
,2014,2014,New Mexico,35,45-54 years,45-54,1372,264055,519.6
,2014,2014,New Mexico,35,55-64 years,55-64,2455,269400,911.3
,2014,2014,New York,36,45-54 years,45-54,9077,2788889,325.5
,2014,2014,New York,36,55-64 years,55-64,18119,2499610,724.9
,2014,2014,North Carolina,37,45-54 years,45-54,6047,1367565,442.2
,2014,2014,North Carolina,37,55-64 years,55-64,11891,1242592,957.0
,2014,2014,North Dakota,38,45-54 years,45-54,334,89729,372.2
,2014,2014,North Dakota,38,55-64 years,55-64,680,92232,737.3
,2014,2014,Ohio,39,45-54 years,45-54,7356,1602965,458.9
,2014,2014,Ohio,39,55-64 years,55-64,15248,1576266,967.3
,2014,2014,Oklahoma,40,45-54 years,45-54,2906,490546,592.4
,2014,2014,Oklahoma,40,55-64 years,55-64,5835,475218,1227.9
,2014,2014,Oregon,41,45-54 years,45-54,1972,512246,385.0
,2014,2014,Oregon,41,55-64 years,55-64,4534,540634,838.6
,2014,2014,Pennsylvania,42,45-54 years,45-54,7277,1804769,403.2
,2014,2014,Pennsylvania,42,55-64 years,55-64,15142,1767678,856.6
,2014,2014,Rhode Island,44,45-54 years,45-54,579,152630,379.3
,2014,2014,Rhode Island,44,55-64 years,55-64,1069,142384,750.8
,2014,2014,South Carolina,45,45-54 years,45-54,3471,648906,534.9
,2014,2014,South Carolina,45,55-64 years,55-64,6864,631307,1087.3
,2014,2014,South Dakota,46,45-54 years,45-54,449,107422,418.0
,2014,2014,South Dakota,46,55-64 years,55-64,860,111795,769.3
,2014,2014,Tennessee,47,45-54 years,45-54,5152,896731,574.5
,2014,2014,Tennessee,47,55-64 years,55-64,9741,842266,1156.5
,2014,2014,Texas,48,45-54 years,45-54,14242,3471743,410.2
,2014,2014,Texas,48,55-64 years,55-64,27214,2962296,918.7
,2014,2014,Utah,49,45-54 years,45-54,1119,306598,365.0
,2014,2014,Utah,49,55-64 years,55-64,1962,276569,709.4
,2014,2014,Vermont,50,45-54 years,45-54,293,91638,319.7
,2014,2014,Vermont,50,55-64 years,55-64,645,96224,670.3
,2014,2014,Virginia,51,45-54 years,45-54,4354,1176456,370.1
,2014,2014,Virginia,51,55-64 years,55-64,8597,1040424,826.3
,2014,2014,Washington,53,45-54 years,45-54,3266,945765,345.3
,2014,2014,Washington,53,55-64 years,55-64,6971,911851,764.5
,2014,2014,West Virginia,54,45-54 years,45-54,1556,251912,617.7
,2014,2014,West Virginia,54,55-64 years,55-64,3167,270492,1170.8
,2014,2014,Wisconsin,55,45-54 years,45-54,2802,816544,343.2
,2014,2014,Wisconsin,55,55-64 years,55-64,5854,780371,750.2
,2014,2014,Wyoming,56,45-54 years,45-54,328,73372,447.0
,2014,2014,Wyoming,56,55-64 years,55-64,648,80819,801.8
,2015,2015,Alabama,01,45-54 years,45-54,3975,649442,612.1
,2015,2015,Alabama,01,55-64 years,55-64,7763,637997,1216.8
,2015,2015,Alaska,02,45-54 years,45-54,433,94440,458.5
,2015,2015,Alaska,02,55-64 years,55-64,806,93624,860.9
,2015,2015,Arizona,04,45-54 years,45-54,3490,843768,413.6
,2015,2015,Arizona,04,55-64 years,55-64,7039,813701,865.1
,2015,2015,Arkansas,05,45-54 years,45-54,2242,382362,586.4
,2015,2015,Arkansas,05,55-64 years,55-64,4531,374520,1209.8
,2015,2015,California,06,45-54 years,45-54,16582,5246813,316.0
,2015,2015,California,06,55-64 years,55-64,33339,4629863,720.1
,2015,2015,Colorado,08,45-54 years,45-54,2375,714364,332.5
,2015,2015,Colorado,08,55-64 years,55-64,4890,685560,713.3
,2015,2015,Connecticut,09,45-54 years,45-54,1692,537967,314.5
,2015,2015,Connecticut,09,55-64 years,55-64,3335,496966,671.1
,2015,2015,Delaware,10,45-54 years,45-54,547,128808,424.7
,2015,2015,Delaware,10,55-64 years,55-64,1116,127788,873.3
,2015,2015,District of Columbia,11,45-54 years,45-54,406,77493,523.9
,2015,2015,District of Columbia,11,55-64 years,55-64,907,69689,1301.5
,2015,2015,Florida,12,45-54 years,45-54,11415,2748503,415.3
,2015,2015,Florida,12,55-64 years,55-64,23899,2653663,900.6
,2015,2015,Georgia,13,45-54 years,45-54,6189,1406709,440.0
,2015,2015,Georgia,13,55-64 years,55-64,12332,1209172,1019.9
,2015,2015,Hawaii,15,45-54 years,45-54,650,175609,370.1
,2015,2015,Hawaii,15,55-64 years,55-64,1399,179443,779.6
,2015,2015,Idaho,16,45-54 years,45-54,704,198782,354.2
,2015,2015,Idaho,16,55-64 years,55-64,1645,203570,808.1
,2015,2015,Illinois,17,45-54 years,45-54,6431,1746424,368.2
,2015,2015,Illinois,17,55-64 years,55-64,13871,1644616,843.4
,2015,2015,Indiana,18,45-54 years,45-54,4063,878974,462.2
,2015,2015,Indiana,18,55-64 years,55-64,8537,855764,997.6
,2015,2015,Iowa,19,45-54 years,45-54,1446,398825,362.6
,2015,2015,Iowa,19,55-64 years,55-64,3300,413317,798.4
,2015,2015,Kansas,20,45-54 years,45-54,1557,360892,431.4
,2015,2015,Kansas,20,55-64 years,55-64,3308,367203,900.9
,2015,2015,Kentucky,21,45-54 years,45-54,3638,603912,602.4
,2015,2015,Kentucky,21,55-64 years,55-64,7044,585545,1203.0
,2015,2015,Louisiana,22,45-54 years,45-54,3398,602603,563.9
,2015,2015,Louisiana,22,55-64 years,55-64,7107,597530,1189.4
,2015,2015,Maine,23,45-54 years,45-54,814,195755,415.8
,2015,2015,Maine,23,55-64 years,55-64,1652,208606,791.9
,2015,2015,Maryland,24,45-54 years,45-54,3272,868312,376.8
,2015,2015,Maryland,24,55-64 years,55-64,6391,781728,817.5
,2015,2015,Massachusetts,25,45-54 years,45-54,3176,978302,324.6
,2015,2015,Massachusetts,25,55-64 years,55-64,6176,904845,682.5
,2015,2015,Michigan,26,45-54 years,45-54,5925,1374428,431.1
,2015,2015,Michigan,26,55-64 years,55-64,12710,1383886,918.4
,2015,2015,Minnesota,27,45-54 years,45-54,2213,744454,297.3
,2015,2015,Minnesota,27,55-64 years,55-64,4795,727971,658.7
,2015,2015,Mississippi,28,45-54 years,45-54,2475,383794,644.9
,2015,2015,Mississippi,28,55-64 years,55-64,4984,377667,1319.7
,2015,2015,Missouri,29,45-54 years,45-54,3850,805291,478.1
,2015,2015,Missouri,29,55-64 years,55-64,8250,805142,1024.7
,2015,2015,Montana,30,45-54 years,45-54,619,127870,484.1
,2015,2015,Montana,30,55-64 years,55-64,1299,151479,857.5
,2015,2015,Nebraska,31,45-54 years,45-54,885,234477,377.4
,2015,2015,Nebraska,31,55-64 years,55-64,1950,238715,816.9
,2015,2015,Nevada,32,45-54 years,45-54,1700,389219,436.8
,2015,2015,Nevada,32,55-64 years,55-64,3390,354173,957.2
,2015,2015,New Hampshire,33,45-54 years,45-54,671,205589,326.4
,2015,2015,New Hampshire,33,55-64 years,55-64,1420,201847,703.5
,2015,2015,New Jersey,34,45-54 years,45-54,4183,1323820,316.0
,2015,2015,New Jersey,34,55-64 years,55-64,8365,1179790,709.0
,2015,2015,New Mexico,35,45-54 years,45-54,1375,257813,533.3
,2015,2015,New Mexico,35,55-64 years,55-64,2370,271481,873.0
,2015,2015,New York,36,45-54 years,45-54,8965,2758889,324.9
,2015,2015,New York,36,55-64 years,55-64,18008,2544000,707.9
,2015,2015,North Carolina,37,45-54 years,45-54,6100,1372414,444.5
,2015,2015,North Carolina,37,55-64 years,55-64,12223,1270500,962.1
,2015,2015,North Dakota,38,45-54 years,45-54,340,88268,385.2
,2015,2015,North Dakota,38,55-64 years,55-64,724,94184,768.7
,2015,2015,Ohio,39,45-54 years,45-54,7484,1577105,474.5
,2015,2015,Ohio,39,55-64 years,55-64,15530,1595430,973.4
,2015,2015,Oklahoma,40,45-54 years,45-54,2866,483988,592.2
,2015,2015,Oklahoma,40,55-64 years,55-64,5959,483511,1232.4
,2015,2015,Oregon,41,45-54 years,45-54,1965,515250,381.4
,2015,2015,Oregon,41,55-64 years,55-64,4532,545128,831.4
,2015,2015,Pennsylvania,42,45-54 years,45-54,7409,1773653,417.7
,2015,2015,Pennsylvania,42,55-64 years,55-64,15456,1791880,862.6
,2015,2015,Rhode Island,44,45-54 years,45-54,523,149831,349.1
,2015,2015,Rhode Island,44,55-64 years,55-64,1161,144825,801.7
,2015,2015,South Carolina,45,45-54 years,45-54,3446,649585,530.5
,2015,2015,South Carolina,45,55-64 years,55-64,6983,644291,1083.8
,2015,2015,South Dakota,46,45-54 years,45-54,438,104744,418.2
,2015,2015,South Dakota,46,55-64 years,55-64,866,114266,757.9
,2015,2015,Tennessee,47,45-54 years,45-54,5044,894910,563.6
,2015,2015,Tennessee,47,55-64 years,55-64,10064,855183,1176.8
,2015,2015,Texas,48,45-54 years,45-54,14007,3502717,399.9
,2015,2015,Texas,48,55-64 years,55-64,27665,3051631,906.6
,2015,2015,Utah,49,45-54 years,45-54,1066,309941,343.9
,2015,2015,Utah,49,55-64 years,55-64,2102,284433,739.0
,2015,2015,Vermont,50,45-54 years,45-54,305,89255,341.7
,2015,2015,Vermont,50,55-64 years,55-64,733,96745,757.7
,2015,2015,Virginia,51,45-54 years,45-54,4243,1167116,363.5
,2015,2015,Virginia,51,55-64 years,55-64,8885,1060937,837.5
,2015,2015,Washington,53,45-54 years,45-54,3251,946393,343.5
,2015,2015,Washington,53,55-64 years,55-64,7069,928871,761.0
,2015,2015,West Virginia,54,45-54 years,45-54,1570,247696,633.8
,2015,2015,West Virginia,54,55-64 years,55-64,3311,268922,1231.2
,2015,2015,Wisconsin,55,45-54 years,45-54,2765,799522,345.8
,2015,2015,Wisconsin,55,55-64 years,55-64,5928,794933,745.7
,2015,2015,Wyoming,56,45-54 years,45-54,316,71070,444.6
,2015,2015,Wyoming,56,55-64 years,55-64,666,81288,819.3
,2016,2016,Alabama,01,45-54 years,45-54,3870,644018,600.9
,2016,2016,Alabama,01,55-64 years,55-64,7779,645092,1205.9
,2016,2016,Alaska,02,45-54 years,45-54,399,94167,423.7
,2016,2016,Alaska,02,55-64 years,55-64,815,95322,855.0
,2016,2016,Arizona,04,45-54 years,45-54,3640,846897,429.8
,2016,2016,Arizona,04,55-64 years,55-64,7315,831142,880.1
,2016,2016,Arkansas,05,45-54 years,45-54,2152,378897,568.0
,2016,2016,Arkansas,05,55-64 years,55-64,4695,378345,1240.9
,2016,2016,California,06,45-54 years,45-54,16370,5195297,315.1
,2016,2016,California,06,55-64 years,55-64,34176,4688718,728.9
,2016,2016,Colorado,08,45-54 years,45-54,2441,717723,340.1
,2016,2016,Colorado,08,55-64 years,55-64,5017,699310,717.4
,2016,2016,Connecticut,09,45-54 years,45-54,1652,524150,315.2
,2016,2016,Connecticut,09,55-64 years,55-64,3367,504555,667.3
,2016,2016,Delaware,10,45-54 years,45-54,537,127686,420.6
,2016,2016,Delaware,10,55-64 years,55-64,1144,130645,875.7
,2016,2016,District of Columbia,11,45-54 years,45-54,447,77521,576.6
,2016,2016,District of Columbia,11,55-64 years,55-64,906,70044,1293.5
,2016,2016,Florida,12,45-54 years,45-54,11805,2756310,428.3
,2016,2016,Florida,12,55-64 years,55-64,24762,2727163,908.0
,2016,2016,Georgia,13,45-54 years,45-54,6228,1416698,439.6
,2016,2016,Georgia,13,55-64 years,55-64,12853,1236811,1039.2
,2016,2016,Hawaii,15,45-54 years,45-54,574,178271,322.0
,2016,2016,Hawaii,15,55-64 years,55-64,1377,184406,746.7
,2016,2016,Idaho,16,45-54 years,45-54,691,198609,347.9
,2016,2016,Idaho,16,55-64 years,55-64,1683,208250,808.2
,2016,2016,Illinois,17,45-54 years,45-54,6256,1713154,365.2
,2016,2016,Illinois,17,55-64 years,55-64,13962,1655713,843.3
,2016,2016,Indiana,18,45-54 years,45-54,4166,865746,481.2
,2016,2016,Indiana,18,55-64 years,55-64,8723,864467,1009.1
,2016,2016,Iowa,19,45-54 years,45-54,1460,389744,374.6
,2016,2016,Iowa,19,55-64 years,55-64,3404,415998,818.3
,2016,2016,Kansas,20,45-54 years,45-54,1426,354323,402.5
,2016,2016,Kansas,20,55-64 years,55-64,3369,372194,905.2
,2016,2016,Kentucky,21,45-54 years,45-54,3645,596852,610.7
,2016,2016,Kentucky,21,55-64 years,55-64,7220,590470,1222.8
,2016,2016,Louisiana,22,45-54 years,45-54,3353,591817,566.6
,2016,2016,Louisiana,22,55-64 years,55-64,7114,603021,1179.7
,2016,2016,Maine,23,45-54 years,45-54,777,190748,407.3
,2016,2016,Maine,23,55-64 years,55-64,1686,210290,801.7
,2016,2016,Maryland,24,45-54 years,45-54,3442,854746,402.7
,2016,2016,Maryland,24,55-64 years,55-64,6706,794068,844.5
,2016,2016,Massachusetts,25,45-54 years,45-54,3121,961116,324.7
,2016,2016,Massachusetts,25,55-64 years,55-64,6160,917004,671.8
,2016,2016,Michigan,26,45-54 years,45-54,5835,1348094,432.8
,2016,2016,Michigan,26,55-64 years,55-64,13146,1392778,943.9
,2016,2016,Minnesota,27,45-54 years,45-54,2137,727418,293.8
,2016,2016,Minnesota,27,55-64 years,55-64,4973,739313,672.7
,2016,2016,Mississippi,28,45-54 years,45-54,2448,379963,644.3
,2016,2016,Mississippi,28,55-64 years,55-64,5082,380829,1334.5
,2016,2016,Missouri,29,45-54 years,45-54,3723,789759,471.4
,2016,2016,Missouri,29,55-64 years,55-64,8128,815760,996.4
,2016,2016,Montana,30,45-54 years,45-54,524,125674,417.0
,2016,2016,Montana,30,55-64 years,55-64,1279,152474,838.8
,2016,2016,Nebraska,31,45-54 years,45-54,782,229683,340.5
,2016,2016,Nebraska,31,55-64 years,55-64,1911,241172,792.4
,2016,2016,Nevada,32,45-54 years,45-54,1771,392859,450.8
,2016,2016,Nevada,32,55-64 years,55-64,3505,362520,966.8
,2016,2016,New Hampshire,33,45-54 years,45-54,676,200946,336.4
,2016,2016,New Hampshire,33,55-64 years,55-64,1510,206156,732.5
,2016,2016,New Jersey,34,45-54 years,45-54,4284,1296291,330.5
,2016,2016,New Jersey,34,55-64 years,55-64,8582,1195810,717.7
,2016,2016,New Mexico,35,45-54 years,45-54,1310,251742,520.4
,2016,2016,New Mexico,35,55-64 years,55-64,2587,273230,946.8
,2016,2016,New York,36,45-54 years,45-54,8910,2706129,329.3
,2016,2016,New York,36,55-64 years,55-64,18707,2567707,728.5
,2016,2016,North Carolina,37,45-54 years,45-54,6093,1385750,439.7
,2016,2016,North Carolina,37,55-64 years,55-64,12699,1300928,976.1
,2016,2016,North Dakota,38,45-54 years,45-54,323,85555,377.5
,2016,2016,North Dakota,38,55-64 years,55-64,716,95008,753.6
,2016,2016,Ohio,39,45-54 years,45-54,7536,1547688,486.9
,2016,2016,Ohio,39,55-64 years,55-64,16162,1605369,1006.7
,2016,2016,Oklahoma,40,45-54 years,45-54,2743,476602,575.5
,2016,2016,Oklahoma,40,55-64 years,55-64,5928,487868,1215.1
,2016,2016,Oregon,41,45-54 years,45-54,1964,515568,380.9
,2016,2016,Oregon,41,55-64 years,55-64,4539,547973,828.3
,2016,2016,Pennsylvania,42,45-54 years,45-54,7376,1735172,425.1
,2016,2016,Pennsylvania,42,55-64 years,55-64,15678,1804053,869.0
,2016,2016,Rhode Island,44,45-54 years,45-54,524,146757,357.1
,2016,2016,Rhode Island,44,55-64 years,55-64,1163,146895,791.7
,2016,2016,South Carolina,45,45-54 years,45-54,3498,652087,536.4
,2016,2016,South Carolina,45,55-64 years,55-64,7174,658202,1089.9
,2016,2016,South Dakota,46,45-54 years,45-54,399,102195,390.4
,2016,2016,South Dakota,46,55-64 years,55-64,911,115704,787.4
,2016,2016,Tennessee,47,45-54 years,45-54,5031,894419,562.5
,2016,2016,Tennessee,47,55-64 years,55-64,10173,866723,1173.7
,2016,2016,Texas,48,45-54 years,45-54,13636,3519013,387.5
,2016,2016,Texas,48,55-64 years,55-64,28663,3116019,919.9
,2016,2016,Utah,49,45-54 years,45-54,1087,314060,346.1
,2016,2016,Utah,49,55-64 years,55-64,2114,291159,726.1
,2016,2016,Vermont,50,45-54 years,45-54,306,86287,354.6
,2016,2016,Vermont,50,55-64 years,55-64,711,96891,733.8
,2016,2016,Virginia,51,45-54 years,45-54,4262,1162384,366.7
,2016,2016,Virginia,51,55-64 years,55-64,9026,1080365,835.5
,2016,2016,Washington,53,45-54 years,45-54,3180,947910,335.5
,2016,2016,Washington,53,55-64 years,55-64,7028,945770,743.1
,2016,2016,West Virginia,54,45-54 years,45-54,1589,243143,653.5
,2016,2016,West Virginia,54,55-64 years,55-64,3306,265906,1243.3
,2016,2016,Wisconsin,55,45-54 years,45-54,2834,779989,363.3
,2016,2016,Wisconsin,55,55-64 years,55-64,6134,806268,760.8
,2016,2016,Wyoming,56,45-54 years,45-54,283,69052,409.8
,2016,2016,Wyoming,56,55-64 years,55-64,677,81266,833.1
,2017,2017,Alabama,01,45-54 years,45-54,3624,636632,569.2
,2017,2017,Alabama,01,55-64 years,55-64,8095,650545,1244.3
,2017,2017,Alaska,02,45-54 years,45-54,405,91285,443.7
,2017,2017,Alaska,02,55-64 years,55-64,774,95366,811.6
,2017,2017,Arizona,04,45-54 years,45-54,3464,847764,408.6
,2017,2017,Arizona,04,55-64 years,55-64,7215,846253,852.6
,2017,2017,Arkansas,05,45-54 years,45-54,2197,374651,586.4
,2017,2017,Arkansas,05,55-64 years,55-64,4737,381856,1240.5
,2017,2017,California,06,45-54 years,45-54,15822,5162688,306.5
,2017,2017,California,06,55-64 years,55-64,34144,4762678,716.9
,2017,2017,Colorado,08,45-54 years,45-54,2378,715133,332.5
,2017,2017,Colorado,08,55-64 years,55-64,5059,706480,716.1
,2017,2017,Connecticut,09,45-54 years,45-54,1602,512317,312.7
,2017,2017,Connecticut,09,55-64 years,55-64,3374,510519,660.9
,2017,2017,Delaware,10,45-54 years,45-54,567,125533,451.7
,2017,2017,Delaware,10,55-64 years,55-64,1231,133226,924.0
,2017,2017,District of Columbia,11,45-54 years,45-54,436,76215,572.1
,2017,2017,District of Columbia,11,55-64 years,55-64,871,70127,1242.0
,2017,2017,Florida,12,45-54 years,45-54,11503,2767835,415.6
,2017,2017,Florida,12,55-64 years,55-64,25591,2797628,914.7
,2017,2017,Georgia,13,45-54 years,45-54,6156,1419086,433.8
,2017,2017,Georgia,13,55-64 years,55-64,12957,1263562,1025.4
,2017,2017,Hawaii,15,45-54 years,45-54,635,175017,362.8
,2017,2017,Hawaii,15,55-64 years,55-64,1337,183072,730.3
,2017,2017,Idaho,16,45-54 years,45-54,689,199372,345.6
,2017,2017,Idaho,16,55-64 years,55-64,1672,211747,789.6
,2017,2017,Illinois,17,45-54 years,45-54,6084,1682908,361.5
,2017,2017,Illinois,17,55-64 years,55-64,14042,1666188,842.8
,2017,2017,Indiana,18,45-54 years,45-54,4153,854456,486.0
,2017,2017,Indiana,18,55-64 years,55-64,8815,870607,1012.5
,2017,2017,Iowa,19,45-54 years,45-54,1463,380879,384.1
,2017,2017,Iowa,19,55-64 years,55-64,3456,417559,827.7
,2017,2017,Kansas,20,45-54 years,45-54,1397,345555,404.3
,2017,2017,Kansas,20,55-64 years,55-64,3489,373644,933.8
,2017,2017,Kentucky,21,45-54 years,45-54,3588,588090,610.1
,2017,2017,Kentucky,21,55-64 years,55-64,7205,594559,1211.8
,2017,2017,Louisiana,22,45-54 years,45-54,3214,579074,555.0
,2017,2017,Louisiana,22,55-64 years,55-64,7276,606191,1200.3
,2017,2017,Maine,23,45-54 years,45-54,782,186218,419.9
,2017,2017,Maine,23,55-64 years,55-64,1780,211432,841.9
,2017,2017,Maryland,24,45-54 years,45-54,3361,843977,398.2
,2017,2017,Maryland,24,55-64 years,55-64,6780,808007,839.1
,2017,2017,Massachusetts,25,45-54 years,45-54,3165,944972,334.9
,2017,2017,Massachusetts,25,55-64 years,55-64,6340,931452,680.7
,2017,2017,Michigan,26,45-54 years,45-54,5705,1322492,431.4
,2017,2017,Michigan,26,55-64 years,55-64,13046,1400230,931.7
,2017,2017,Minnesota,27,45-54 years,45-54,2185,711686,307.0
,2017,2017,Minnesota,27,55-64 years,55-64,4991,749028,666.3
,2017,2017,Mississippi,28,45-54 years,45-54,2330,374872,621.5
,2017,2017,Mississippi,28,55-64 years,55-64,5230,384075,1361.7
,2017,2017,Missouri,29,45-54 years,45-54,3533,771884,457.7
,2017,2017,Missouri,29,55-64 years,55-64,8434,824255,1023.2
,2017,2017,Montana,30,45-54 years,45-54,487,122747,396.8
,2017,2017,Montana,30,55-64 years,55-64,1278,152169,839.9
,2017,2017,Nebraska,31,45-54 years,45-54,774,225163,343.8
,2017,2017,Nebraska,31,55-64 years,55-64,1969,242601,811.6
,2017,2017,Nevada,32,45-54 years,45-54,1707,396251,430.8
,2017,2017,Nevada,32,55-64 years,55-64,3605,370813,972.2
,2017,2017,New Hampshire,33,45-54 years,45-54,700,196071,357.0
,2017,2017,New Hampshire,33,55-64 years,55-64,1496,209284,714.8
,2017,2017,New Jersey,34,45-54 years,45-54,4359,1279233,340.8
,2017,2017,New Jersey,34,55-64 years,55-64,8728,1216805,717.3
,2017,2017,New Mexico,35,45-54 years,45-54,1353,245656,550.8
,2017,2017,New Mexico,35,55-64 years,55-64,2510,274690,913.8
,2017,2017,New York,36,45-54 years,45-54,8609,2657210,324.0
,2017,2017,New York,36,55-64 years,55-64,18611,2600201,715.8
,2017,2017,North Carolina,37,45-54 years,45-54,5957,1385509,430.0
,2017,2017,North Carolina,37,55-64 years,55-64,12952,1321678,980.0
,2017,2017,North Dakota,38,45-54 years,45-54,315,82294,382.8
,2017,2017,North Dakota,38,55-64 years,55-64,706,95281,741.0
,2017,2017,Ohio,39,45-54 years,45-54,7527,1519416,495.4
,2017,2017,Ohio,39,55-64 years,55-64,16610,1612275,1030.2
,2017,2017,Oklahoma,40,45-54 years,45-54,2712,468780,578.5
,2017,2017,Oklahoma,40,55-64 years,55-64,6145,491296,1250.8
,2017,2017,Oregon,41,45-54 years,45-54,1807,515456,350.6
,2017,2017,Oregon,41,55-64 years,55-64,4608,547596,841.5
,2017,2017,Pennsylvania,42,45-54 years,45-54,7175,1699108,422.3
,2017,2017,Pennsylvania,42,55-64 years,55-64,15902,1811818,877.7
,2017,2017,Rhode Island,44,45-54 years,45-54,492,143400,343.1
,2017,2017,Rhode Island,44,55-64 years,55-64,1151,148578,774.7
,2017,2017,South Carolina,45,45-54 years,45-54,3358,650334,516.4
,2017,2017,South Carolina,45,55-64 years,55-64,7490,667336,1122.4
,2017,2017,South Dakota,46,45-54 years,45-54,428,99534,430.0
,2017,2017,South Dakota,46,55-64 years,55-64,927,116250,797.4
,2017,2017,Tennessee,47,45-54 years,45-54,4862,891599,545.3
,2017,2017,Tennessee,47,55-64 years,55-64,10549,877048,1202.8
,2017,2017,Texas,48,45-54 years,45-54,13853,3545865,390.7
,2017,2017,Texas,48,55-64 years,55-64,29113,3184764,914.1
,2017,2017,Utah,49,45-54 years,45-54,1082,317532,340.8
,2017,2017,Utah,49,55-64 years,55-64,2102,296399,709.2
,2017,2017,Vermont,50,45-54 years,45-54,295,83650,352.7
,2017,2017,Vermont,50,55-64 years,55-64,711,96829,734.3
,2017,2017,Virginia,51,45-54 years,45-54,4128,1149003,359.3
,2017,2017,Virginia,51,55-64 years,55-64,9427,1096476,859.8
,2017,2017,Washington,53,45-54 years,45-54,3193,944695,338.0
,2017,2017,Washington,53,55-64 years,55-64,7313,956893,764.2
,2017,2017,West Virginia,54,45-54 years,45-54,1535,238921,642.5
,2017,2017,West Virginia,54,55-64 years,55-64,3391,262100,1293.8
,2017,2017,Wisconsin,55,45-54 years,45-54,2719,760235,357.7
,2017,2017,Wisconsin,55,55-64 years,55-64,6074,815338,745.0
,2017,2017,Wyoming,56,45-54 years,45-54,277,66699,415.3
,2017,2017,Wyoming,56,55-64 years,55-64,697,80854,862.0
,2018,2018,Alabama,01,45-54 years,45-54,3596,627458,573.1
,2018,2018,Alabama,01,55-64 years,55-64,8096,655179,1235.7
,2018,2018,Alaska,02,45-54 years,45-54,401,88117,455.1
,2018,2018,Alaska,02,55-64 years,55-64,766,94602,809.7
,2018,2018,Arizona,04,45-54 years,45-54,3480,850790,409.0
,2018,2018,Arizona,04,55-64 years,55-64,7458,866277,860.9
,2018,2018,Arkansas,05,45-54 years,45-54,2059,368667,558.5
,2018,2018,Arkansas,05,55-64 years,55-64,4655,384467,1210.8
,2018,2018,California,06,45-54 years,45-54,15465,5071974,304.9
,2018,2018,California,06,55-64 years,55-64,34198,4781226,715.3
,2018,2018,Colorado,08,45-54 years,45-54,2309,710171,325.1
,2018,2018,Colorado,08,55-64 years,55-64,5024,710600,707.0
,2018,2018,Connecticut,09,45-54 years,45-54,1624,494951,328.1
,2018,2018,Connecticut,09,55-64 years,55-64,3465,511805,677.0
,2018,2018,Delaware,10,45-54 years,45-54,555,122491,453.1
,2018,2018,Delaware,10,55-64 years,55-64,1163,135639,857.4
,2018,2018,District of Columbia,11,45-54 years,45-54,399,75453,528.8
,2018,2018,District of Columbia,11,55-64 years,55-64,900,70302,1280.2
,2018,2018,Florida,12,45-54 years,45-54,11015,2746372,401.1
,2018,2018,Florida,12,55-64 years,55-64,25901,2854601,907.3
,2018,2018,Georgia,13,45-54 years,45-54,6031,1411438,427.3
,2018,2018,Georgia,13,55-64 years,55-64,12962,1285682,1008.2
,2018,2018,Hawaii,15,45-54 years,45-54,583,170624,341.7
,2018,2018,Hawaii,15,55-64 years,55-64,1380,180727,763.6
,2018,2018,Idaho,16,45-54 years,45-54,738,199925,369.1
,2018,2018,Idaho,16,55-64 years,55-64,1667,214850,775.9
,2018,2018,Illinois,17,45-54 years,45-54,6048,1639850,368.8
,2018,2018,Illinois,17,55-64 years,55-64,14564,1665187,874.6
,2018,2018,Indiana,18,45-54 years,45-54,3900,839824,464.4
,2018,2018,Indiana,18,55-64 years,55-64,9008,873286,1031.5
,2018,2018,Iowa,19,45-54 years,45-54,1375,371331,370.3
,2018,2018,Iowa,19,55-64 years,55-64,3462,417537,829.1
,2018,2018,Kansas,20,45-54 years,45-54,1321,335937,393.2
,2018,2018,Kansas,20,55-64 years,55-64,3523,373425,943.4
,2018,2018,Kentucky,21,45-54 years,45-54,3383,576814,586.5
,2018,2018,Kentucky,21,55-64 years,55-64,7315,597345,1224.6
,2018,2018,Louisiana,22,45-54 years,45-54,3059,563306,543.0
,2018,2018,Louisiana,22,55-64 years,55-64,7179,606266,1184.1
,2018,2018,Maine,23,45-54 years,45-54,720,180173,399.6
,2018,2018,Maine,23,55-64 years,55-64,1746,211981,823.7
,2018,2018,Maryland,24,45-54 years,45-54,3291,818927,401.9
,2018,2018,Maryland,24,55-64 years,55-64,6816,812734,838.7
,2018,2018,Massachusetts,25,45-54 years,45-54,2858,921531,310.1
,2018,2018,Massachusetts,25,55-64 years,55-64,6490,939167,691.0
,2018,2018,Michigan,26,45-54 years,45-54,5644,1290060,437.5
,2018,2018,Michigan,26,55-64 years,55-64,12989,1402804,925.9
,2018,2018,Minnesota,27,45-54 years,45-54,2090,691491,302.2
,2018,2018,Minnesota,27,55-64 years,55-64,5080,754445,673.3
,2018,2018,Mississippi,28,45-54 years,45-54,2287,368793,620.1
,2018,2018,Mississippi,28,55-64 years,55-64,5177,385893,1341.6
,2018,2018,Missouri,29,45-54 years,45-54,3663,751688,487.3
,2018,2018,Missouri,29,55-64 years,55-64,8714,829541,1050.5
,2018,2018,Montana,30,45-54 years,45-54,468,120278,389.1
,2018,2018,Montana,30,55-64 years,55-64,1267,151387,836.9
,2018,2018,Nebraska,31,45-54 years,45-54,826,219971,375.5
,2018,2018,Nebraska,31,55-64 years,55-64,1959,243048,806.0
,2018,2018,Nevada,32,45-54 years,45-54,1639,395339,414.6
,2018,2018,Nevada,32,55-64 years,55-64,3622,376561,961.9
,2018,2018,New Hampshire,33,45-54 years,45-54,719,190242,377.9
,2018,2018,New Hampshire,33,55-64 years,55-64,1587,212515,746.8
,2018,2018,New Jersey,34,45-54 years,45-54,4156,1235874,336.3
,2018,2018,New Jersey,34,55-64 years,55-64,8828,1219331,724.0
,2018,2018,New Mexico,35,45-54 years,45-54,1282,240865,532.2
,2018,2018,New Mexico,35,55-64 years,55-64,2533,274147,924.0
,2018,2018,New York,36,45-54 years,45-54,8253,2555129,323.0
,2018,2018,New York,36,55-64 years,55-64,18658,2594621,719.1
,2018,2018,North Carolina,37,45-54 years,45-54,5775,1377840,419.1
,2018,2018,North Carolina,37,55-64 years,55-64,13053,1342983,971.9
,2018,2018,North Dakota,38,45-54 years,45-54,299,80005,373.7
,2018,2018,North Dakota,38,55-64 years,55-64,743,94823,783.6
,2018,2018,Ohio,39,45-54 years,45-54,7030,1484877,473.4
,2018,2018,Ohio,39,55-64 years,55-64,16394,1611548,1017.3
,2018,2018,Oklahoma,40,45-54 years,45-54,2626,460310,570.5
,2018,2018,Oklahoma,40,55-64 years,55-64,6138,493444,1243.9
,2018,2018,Oregon,41,45-54 years,45-54,1802,512674,351.5
,2018,2018,Oregon,41,55-64 years,55-64,4488,544485,824.3
,2018,2018,Pennsylvania,42,45-54 years,45-54,6593,1652781,398.9
,2018,2018,Pennsylvania,42,55-64 years,55-64,15970,1809805,882.4
,2018,2018,Rhode Island,44,45-54 years,45-54,439,139370,315.0
,2018,2018,Rhode Island,44,55-64 years,55-64,1133,149158,759.6
,2018,2018,South Carolina,45,45-54 years,45-54,3266,646458,505.2
,2018,2018,South Carolina,45,55-64 years,55-64,7454,678299,1098.9
,2018,2018,South Dakota,46,45-54 years,45-54,390,97081,401.7
,2018,2018,South Dakota,46,55-64 years,55-64,945,117261,805.9
,2018,2018,Tennessee,47,45-54 years,45-54,5045,882795,571.5
,2018,2018,Tennessee,47,55-64 years,55-64,10724,886174,1210.1
,2018,2018,Texas,48,45-54 years,45-54,13481,3552957,379.4
,2018,2018,Texas,48,55-64 years,55-64,29924,3234290,925.2
,2018,2018,Utah,49,45-54 years,45-54,1037,322173,321.9
,2018,2018,Utah,49,55-64 years,55-64,2094,300160,697.6
,2018,2018,Vermont,50,45-54 years,45-54,279,80719,345.6
,2018,2018,Vermont,50,55-64 years,55-64,687,96489,712.0
,2018,2018,Virginia,51,45-54 years,45-54,4155,1125384,369.2
,2018,2018,Virginia,51,55-64 years,55-64,9302,1106872,840.4
,2018,2018,Washington,53,45-54 years,45-54,2996,933531,320.9
,2018,2018,Washington,53,55-64 years,55-64,7333,960871,763.2
,2018,2018,West Virginia,54,45-54 years,45-54,1540,234453,656.8
,2018,2018,West Virginia,54,55-64 years,55-64,3384,258370,1309.7
,2018,2018,Wisconsin,55,45-54 years,45-54,2551,737557,345.9
,2018,2018,Wisconsin,55,55-64 years,55-64,6254,820577,762.1
,2018,2018,Wyoming,56,45-54 years,45-54,296,64880,456.2
,2018,2018,Wyoming,56,55-64 years,55-64,664,79849,831.6
,2019,2019,Alabama,01,45-54 years,45-54,3447,616616,559.0
,2019,2019,Alabama,01,55-64 years,55-64,7943,657667,1207.8
,2019,2019,Alaska,02,45-54 years,45-54,335,85130,393.5
,2019,2019,Alaska,02,55-64 years,55-64,769,93339,823.9
,2019,2019,Arizona,04,45-54 years,45-54,3389,852090,397.7
,2019,2019,Arizona,04,55-64 years,55-64,7462,880794,847.2
,2019,2019,Arkansas,05,45-54 years,45-54,1952,361582,539.8
,2019,2019,Arkansas,05,55-64 years,55-64,4781,385994,1238.6
,2019,2019,California,06,45-54 years,45-54,15143,4979745,304.1
,2019,2019,California,06,55-64 years,55-64,34093,4786635,712.3
,2019,2019,Colorado,08,45-54 years,45-54,2283,706150,323.3
,2019,2019,Colorado,08,55-64 years,55-64,5180,713013,726.5
,2019,2019,Connecticut,09,45-54 years,45-54,1535,476905,321.9
,2019,2019,Connecticut,09,55-64 years,55-64,3570,513455,695.3
,2019,2019,Delaware,10,45-54 years,45-54,516,118881,434.0
,2019,2019,Delaware,10,55-64 years,55-64,1200,137730,871.3
,2019,2019,District of Columbia,11,45-54 years,45-54,391,74286,526.3
,2019,2019,District of Columbia,11,55-64 years,55-64,862,69876,1233.6
,2019,2019,Florida,12,45-54 years,45-54,10781,2709395,397.9
,2019,2019,Florida,12,55-64 years,55-64,25856,2898355,892.1
,2019,2019,Georgia,13,45-54 years,45-54,5953,1399652,425.3
,2019,2019,Georgia,13,55-64 years,55-64,13110,1307533,1002.7
,2019,2019,Hawaii,15,45-54 years,45-54,632,167747,376.8
,2019,2019,Hawaii,15,55-64 years,55-64,1374,179137,767.0
,2019,2019,Idaho,16,45-54 years,45-54,665,201766,329.6
,2019,2019,Idaho,16,55-64 years,55-64,1648,218360,754.7
,2019,2019,Illinois,17,45-54 years,45-54,5981,1599789,373.9
,2019,2019,Illinois,17,55-64 years,55-64,13981,1658283,843.1
,2019,2019,Indiana,18,45-54 years,45-54,3811,824029,462.5
,2019,2019,Indiana,18,55-64 years,55-64,8915,875082,1018.8
,2019,2019,Iowa,19,45-54 years,45-54,1376,362509,379.6
,2019,2019,Iowa,19,55-64 years,55-64,3682,415696,885.7
,2019,2019,Kansas,20,45-54 years,45-54,1267,327961,386.3
,2019,2019,Kansas,20,55-64 years,55-64,3566,371505,959.9
,2019,2019,Kentucky,21,45-54 years,45-54,3316,563662,588.3
,2019,2019,Kentucky,21,55-64 years,55-64,7436,598289,1242.9
,2019,2019,Louisiana,22,45-54 years,45-54,2995,548348,546.2
,2019,2019,Louisiana,22,55-64 years,55-64,7173,604670,1186.3
,2019,2019,Maine,23,45-54 years,45-54,718,174730,410.9
,2019,2019,Maine,23,55-64 years,55-64,1794,211560,848.0
,2019,2019,Maryland,24,45-54 years,45-54,3076,795467,386.7
,2019,2019,Maryland,24,55-64 years,55-64,6923,818519,845.8
,2019,2019,Massachusetts,25,45-54 years,45-54,2876,893633,321.8
,2019,2019,Massachusetts,25,55-64 years,55-64,6538,943190,693.2
,2019,2019,Michigan,26,45-54 years,45-54,5129,1254679,408.8
,2019,2019,Michigan,26,55-64 years,55-64,13025,1399535,930.7
,2019,2019,Minnesota,27,45-54 years,45-54,2034,673361,302.1
,2019,2019,Minnesota,27,55-64 years,55-64,5097,756421,673.8
,2019,2019,Mississippi,28,45-54 years,45-54,2191,362040,605.2
,2019,2019,Mississippi,28,55-64 years,55-64,5229,385911,1355.0
,2019,2019,Missouri,29,45-54 years,45-54,3464,732944,472.6
,2019,2019,Missouri,29,55-64 years,55-64,8631,830732,1039.0
,2019,2019,Montana,30,45-54 years,45-54,495,117800,420.2
,2019,2019,Montana,30,55-64 years,55-64,1235,150008,823.3
,2019,2019,Nebraska,31,45-54 years,45-54,838,215808,388.3
,2019,2019,Nebraska,31,55-64 years,55-64,1960,242293,808.9
,2019,2019,Nevada,32,45-54 years,45-54,1662,394228,421.6
,2019,2019,Nevada,32,55-64 years,55-64,3648,383476,951.3
,2019,2019,New Hampshire,33,45-54 years,45-54,629,183273,343.2
,2019,2019,New Hampshire,33,55-64 years,55-64,1568,214314,731.6
,2019,2019,New Jersey,34,45-54 years,45-54,3978,1200823,331.3
,2019,2019,New Jersey,34,55-64 years,55-64,8771,1223649,716.8
,2019,2019,New Mexico,35,45-54 years,45-54,1322,235656,561.0
,2019,2019,New Mexico,35,55-64 years,55-64,2620,272921,960.0
,2019,2019,New York,36,45-54 years,45-54,7910,2471804,320.0
,2019,2019,New York,36,55-64 years,55-64,18579,2597156,715.4
,2019,2019,North Carolina,37,45-54 years,45-54,5677,1364067,416.2
,2019,2019,North Carolina,37,55-64 years,55-64,13113,1362125,962.7
,2019,2019,North Dakota,38,45-54 years,45-54,297,78199,379.8
,2019,2019,North Dakota,38,55-64 years,55-64,777,93878,827.7
,2019,2019,Ohio,39,45-54 years,45-54,6741,1447581,465.7
,2019,2019,Ohio,39,55-64 years,55-64,16584,1604683,1033.5
,2019,2019,Oklahoma,40,45-54 years,45-54,2508,453536,553.0
,2019,2019,Oklahoma,40,55-64 years,55-64,6099,493694,1235.4
,2019,2019,Oregon,41,45-54 years,45-54,1763,510127,345.6
,2019,2019,Oregon,41,55-64 years,55-64,4602,538950,853.9
,2019,2019,Pennsylvania,42,45-54 years,45-54,6543,1604097,407.9
,2019,2019,Pennsylvania,42,55-64 years,55-64,15941,1804883,883.2
,2019,2019,Rhode Island,44,45-54 years,45-54,498,135112,368.6
,2019,2019,Rhode Island,44,55-64 years,55-64,1101,149609,735.9
,2019,2019,South Carolina,45,45-54 years,45-54,3225,640607,503.4
,2019,2019,South Carolina,45,55-64 years,55-64,7404,689144,1074.4
,2019,2019,South Dakota,46,45-54 years,45-54,393,94865,414.3
,2019,2019,South Dakota,46,55-64 years,55-64,980,117498,834.1
,2019,2019,Tennessee,47,45-54 years,45-54,4921,871279,564.8
,2019,2019,Tennessee,47,55-64 years,55-64,10829,894697,1210.4
,2019,2019,Texas,48,45-54 years,45-54,13313,3554098,374.6
,2019,2019,Texas,48,55-64 years,55-64,29403,3275242,897.7
,2019,2019,Utah,49,45-54 years,45-54,996,328430,303.3
,2019,2019,Utah,49,55-64 years,55-64,2104,303134,694.1
,2019,2019,Vermont,50,45-54 years,45-54,273,78051,349.8
,2019,2019,Vermont,50,55-64 years,55-64,728,95379,763.3
,2019,2019,Virginia,51,45-54 years,45-54,3829,1100274,348.0
,2019,2019,Virginia,51,55-64 years,55-64,9370,1114417,840.8
,2019,2019,Washington,53,45-54 years,45-54,3056,923777,330.8
,2019,2019,Washington,53,55-64 years,55-64,7349,959608,765.8
,2019,2019,West Virginia,54,45-54 years,45-54,1437,229251,626.8
,2019,2019,West Virginia,54,55-64 years,55-64,3346,254726,1313.6
,2019,2019,Wisconsin,55,45-54 years,45-54,2554,715209,357.1
,2019,2019,Wisconsin,55,55-64 years,55-64,6315,823018,767.3
,2019,2019,Wyoming,56,45-54 years,45-54,279,63853,436.9
,2019,2019,Wyoming,56,55-64 years,55-64,673,78754,854.6
---,,,,,,,,,
"Dataset: Multiple Cause of Death, 1999-2020",,,,,,,,,
Query Parameters:,,,,,,,,,
Ten-Year Age Groups: 45-54 years; 55-64 years,,,,,,,,,
Year/Month: 1999; 2000; 2001; 2002; 2003; 2004; 2005; 2006; 2007; 2008; 2009; 2010; 2011; 2012; 2013; 2014; 2015; 2016; 2017;,,,,,,,,,
2018; 2019,,,,,,,,,
Group By: Year; State; Ten-Year Age Groups,,,,,,,,,
Show Totals: True,,,,,,,,,
Show Zero Values: True,,,,,,,,,
Show Suppressed: True,,,,,,,,,
"Calculate Rates Per: 100,000",,,,,,,,,
Rate Options: Default intercensal populations for years 2001-2009 (except Infant Age Groups),,,,,,,,,
---,,,,,,,,,
Help: See http://wonder.cdc.gov/wonder/help/mcd.html for more information.,,,,,,,,,
---,,,,,,,,,
"Query Date: Apr 23, 2026 7:19:02 PM",,,,,,,,,
---,,,,,,,,,
"Suggested Citation: Centers for Disease Control and Prevention, National Center for Health Statistics. National Vital Statistics",,,,,,,,,
"System, Mortality 1999-2020 on CDC WONDER Online Database, released in 2021. Data are from the Multiple Cause of Death Files,",,,,,,,,,
"1999-2020, as compiled from data provided by the 57 vital statistics jurisdictions through the Vital Statistics Cooperative",,,,,,,,,
"Program. Accessed at http://wonder.cdc.gov/mcd-icd10.html on Apr 23, 2026 7:19:02 PM",,,,,,,,,
---,,,,,,,,,
Caveats:,,,,,,,,,
"1. As of April 3, 2017, the underlying cause of death has been revised for 125 deaths in 2014. More information:",,,,,,,,,
http://wonder.cdc.gov/wonder/help/mcd.html#2014-Revision.,,,,,,,,,
"2. Deaths of persons with Age ""Not Stated"" are included in ""All"" counts and rates, but are not distributed among age groups,",,,,,,,,,
"so are not included in age-specific counts, age-specific rates or in any age-adjusted rates. More information:",,,,,,,,,
http://wonder.cdc.gov/wonder/help/mcd.html#Not Stated.,,,,,,,,,
"3. The population figures for year 2020 are bridged-race estimates of the July 1 resident population, from the Vintage 2020",,,,,,,,,
"postcensal series released by NCHS on September 22, 2021. The population figures for year 2019 are bridged-race estimates of the",,,,,,,,,
"July 1 resident population, from the Vintage 2019 postcensal series released by NCHS on July 9, 2020. The population figures for",,,,,,,,,
"year 2018 are bridged-race estimates of the July 1 resident population, from the Vintage 2018 postcensal series released by NCHS",,,,,,,,,
"on June 25, 2019. The population figures for year 2017 are bridged-race estimates of the July 1 resident population, from the",,,,,,,,,
"Vintage 2017 postcensal series released by NCHS on June 27, 2018. The population figures for year 2016 are bridged-race",,,,,,,,,
"estimates of the July 1 resident population, from the Vintage 2016 postcensal series released by NCHS on June 26, 2017. The",,,,,,,,,
"population figures for year 2015 are bridged-race estimates of the July 1 resident population, from the Vintage 2015 postcensal",,,,,,,,,
"series released by NCHS on June 28, 2016. The population figures for year 2014 are bridged-race estimates of the July 1 resident",,,,,,,,,
"population, from the Vintage 2014 postcensal series released by NCHS on June 30, 2015. The population figures for year 2013 are",,,,,,,,,
"bridged-race estimates of the July 1 resident population, from the Vintage 2013 postcensal series released by NCHS on June 26,",,,,,,,,,
"2014. The population figures for year 2012 are bridged-race estimates of the July 1 resident population, from the Vintage 2012",,,,,,,,,
"postcensal series released by NCHS on June 13, 2013. Population figures for 2011 are bridged-race estimates of the July 1",,,,,,,,,
"resident population, from the county-level postcensal Vintage 2011 series released by NCHS on July 18, 2012. Population figures",,,,,,,,,
"for 2010 are April 1 Census counts. The population figures for years 2001 - 2009, are bridged-race estimates of the July 1",,,,,,,,,
"resident population, from the revised intercensal county-level 2000 - 2009 series released by NCHS on October 26, 2012.",,,,,,,,,
Population figures for 2000 are April 1 Census counts. Population figures for 1999 are from the 1990-1999 intercensal series of,,,,,,,,,
July 1 estimates. Population figures for Infant Age Groups are the number of live births. <br/><b>Note:</b> Rates and population,,,,,,,,,
"figures for years 2001 - 2009 differ slightly from previously published reports, due to use of the population estimates which",,,,,,,,,
were available at the time of release.,,,,,,,,,
