Notes,Year,Year Code,State,State Code,Ten-Year Age Groups,Ten-Year Age Groups Code,Deaths,Population,Crude Rate
,1999,1999,Alabama,01,25-34 years,25-34,893,608323,146.8
,1999,1999,Alabama,01,35-44 years,35-44,1887,686932,274.7
,1999,1999,Alaska,02,25-34 years,25-34,138,90016,153.3
,1999,1999,Alaska,02,35-44 years,35-44,228,116881,195.1
,1999,1999,Arizona,04,25-34 years,25-34,857,738538,116.0
,1999,1999,Arizona,04,35-44 years,35-44,1682,761436,220.9
,1999,1999,Arkansas,05,25-34 years,25-34,471,351295,134.1
,1999,1999,Arkansas,05,35-44 years,35-44,968,394882,245.1
,1999,1999,California,06,25-34 years,25-34,4357,5278543,82.5
,1999,1999,California,06,35-44 years,35-44,9227,5462186,168.9
,1999,1999,Colorado,08,25-34 years,25-34,618,654857,94.4
,1999,1999,Colorado,08,35-44 years,35-44,1270,738963,171.9
,1999,1999,Connecticut,09,25-34 years,25-34,391,462436,84.6
,1999,1999,Connecticut,09,35-44 years,35-44,911,579519,157.2
,1999,1999,Delaware,10,25-34 years,25-34,108,111049,97.3
,1999,1999,Delaware,10,35-44 years,35-44,299,126830,235.7
,1999,1999,District of Columbia,11,25-34 years,25-34,177,106678,165.9
,1999,1999,District of Columbia,11,35-44 years,35-44,387,88156,439.0
,1999,1999,Florida,12,25-34 years,25-34,2543,2092705,121.5
,1999,1999,Florida,12,35-44 years,35-44,5702,2456475,232.1
,1999,1999,Georgia,13,25-34 years,25-34,1510,1294350,116.7
,1999,1999,Georgia,13,35-44 years,35-44,3054,1335448,228.7
,1999,1999,Hawaii,15,25-34 years,25-34,157,174184,90.1
,1999,1999,Hawaii,15,35-44 years,35-44,316,193008,163.7
,1999,1999,Idaho,16,25-34 years,25-34,157,164835,95.2
,1999,1999,Idaho,16,35-44 years,35-44,308,193496,159.2
,1999,1999,Illinois,17,25-34 years,25-34,1901,1825711,104.1
,1999,1999,Illinois,17,35-44 years,35-44,3914,1987201,197.0
,1999,1999,Indiana,18,25-34 years,25-34,905,836943,108.1
,1999,1999,Indiana,18,35-44 years,35-44,1774,962267,184.4
,1999,1999,Iowa,19,25-34 years,25-34,315,366236,86.0
,1999,1999,Iowa,19,35-44 years,35-44,660,448486,147.2
,1999,1999,Kansas,20,25-34 years,25-34,341,351887,96.9
,1999,1999,Kansas,20,35-44 years,35-44,708,423950,167.0
,1999,1999,Kentucky,21,25-34 years,25-34,655,570025,114.9
,1999,1999,Kentucky,21,35-44 years,35-44,1378,641288,214.9
,1999,1999,Louisiana,22,25-34 years,25-34,957,608582,157.3
,1999,1999,Louisiana,22,35-44 years,35-44,1922,696307,276.0
,1999,1999,Maine,23,25-34 years,25-34,142,159336,89.1
,1999,1999,Maine,23,35-44 years,35-44,309,213530,144.7
,1999,1999,Maryland,24,25-34 years,25-34,929,763937,121.6
,1999,1999,Maryland,24,35-44 years,35-44,2103,911449,230.7
,1999,1999,Massachusetts,25,25-34 years,25-34,704,954752,73.7
,1999,1999,Massachusetts,25,35-44 years,35-44,1698,1057230,160.6
,1999,1999,Michigan,26,25-34 years,25-34,1491,1377899,108.2
,1999,1999,Michigan,26,35-44 years,35-44,3320,1605358,206.8
,1999,1999,Minnesota,27,25-34 years,25-34,492,675909,72.8
,1999,1999,Minnesota,27,35-44 years,35-44,1129,823041,137.2
,1999,1999,Mississippi,28,25-34 years,25-34,627,382499,163.9
,1999,1999,Mississippi,28,35-44 years,35-44,1292,424613,304.3
,1999,1999,Missouri,29,25-34 years,25-34,864,743819,116.2
,1999,1999,Missouri,29,35-44 years,35-44,1932,886824,217.9
,1999,1999,Montana,30,25-34 years,25-34,107,102563,104.3
,1999,1999,Montana,30,35-44 years,35-44,265,144225,183.7
,1999,1999,Nebraska,31,25-34 years,25-34,194,223247,86.9
,1999,1999,Nebraska,31,35-44 years,35-44,434,265907,163.2
,1999,1999,Nevada,32,25-34 years,25-34,338,302724,111.7
,1999,1999,Nevada,32,35-44 years,35-44,731,315154,232.0
,1999,1999,New Hampshire,33,25-34 years,25-34,124,162397,76.4
,1999,1999,New Hampshire,33,35-44 years,35-44,281,220733,127.3
,1999,1999,New Jersey,34,25-34 years,25-34,1102,1205410,91.4
,1999,1999,New Jersey,34,35-44 years,35-44,2770,1431166,193.5
,1999,1999,New Mexico,35,25-34 years,25-34,344,234779,146.5
,1999,1999,New Mexico,35,35-44 years,35-44,685,283621,241.5
,1999,1999,New York,36,25-34 years,25-34,2526,2804932,90.1
,1999,1999,New York,36,35-44 years,35-44,5717,3069824,186.2
,1999,1999,North Carolina,37,25-34 years,25-34,1318,1218466,108.2
,1999,1999,North Carolina,37,35-44 years,35-44,2803,1279369,219.1
,1999,1999,North Dakota,38,25-34 years,25-34,71,78485,90.5
,1999,1999,North Dakota,38,35-44 years,35-44,150,99861,150.2
,1999,1999,Ohio,39,25-34 years,25-34,1476,1539657,95.9
,1999,1999,Ohio,39,35-44 years,35-44,3525,1816873,194.0
,1999,1999,Oklahoma,40,25-34 years,25-34,598,452644,132.1
,1999,1999,Oklahoma,40,35-44 years,35-44,1251,527146,237.3
,1999,1999,Oregon,41,25-34 years,25-34,424,466884,90.8
,1999,1999,Oregon,41,35-44 years,35-44,926,533397,173.6
,1999,1999,Pennsylvania,42,25-34 years,25-34,1662,1589669,104.6
,1999,1999,Pennsylvania,42,35-44 years,35-44,3815,1957775,194.9
,1999,1999,Rhode Island,44,25-34 years,25-34,104,143663,72.4
,1999,1999,Rhode Island,44,35-44 years,35-44,306,169805,180.2
,1999,1999,South Carolina,45,25-34 years,25-34,730,564772,129.3
,1999,1999,South Carolina,45,35-44 years,35-44,1645,622283,264.3
,1999,1999,South Dakota,46,25-34 years,25-34,99,90922,108.9
,1999,1999,South Dakota,46,35-44 years,35-44,214,115768,184.9
,1999,1999,Tennessee,47,25-34 years,25-34,1064,820333,129.7
,1999,1999,Tennessee,47,35-44 years,35-44,2279,899580,253.3
,1999,1999,Texas,48,25-34 years,25-34,3123,3141887,99.4
,1999,1999,Texas,48,35-44 years,35-44,6518,3301216,197.4
,1999,1999,Utah,49,25-34 years,25-34,311,321528,96.7
,1999,1999,Utah,49,35-44 years,35-44,556,299254,185.8
,1999,1999,Vermont,50,25-34 years,25-34,66,76006,86.8
,1999,1999,Vermont,50,35-44 years,35-44,154,102614,150.1
,1999,1999,Virginia,51,25-34 years,25-34,969,1048435,92.4
,1999,1999,Virginia,51,35-44 years,35-44,2193,1190633,184.2
,1999,1999,Washington,53,25-34 years,25-34,707,841923,84.0
,1999,1999,Washington,53,35-44 years,35-44,1580,981585,161.0
,1999,1999,West Virginia,54,25-34 years,25-34,278,229369,121.2
,1999,1999,West Virginia,54,35-44 years,35-44,662,275657,240.2
,1999,1999,Wisconsin,55,25-34 years,25-34,574,713340,80.5
,1999,1999,Wisconsin,55,35-44 years,35-44,1258,876972,143.4
,1999,1999,Wyoming,56,25-34 years,25-34,57,59027,96.6
,1999,1999,Wyoming,56,35-44 years,35-44,160,80503,198.8
,2000,2000,Alabama,01,25-34 years,25-34,854,603015,141.6
,2000,2000,Alabama,01,35-44 years,35-44,1836,685512,267.8
,2000,2000,Alaska,02,25-34 years,25-34,117,89473,130.8
,2000,2000,Alaska,02,35-44 years,35-44,240,114049,210.4
,2000,2000,Arizona,04,25-34 years,25-34,896,742665,120.6
,2000,2000,Arizona,04,35-44 years,35-44,1692,768804,220.1
,2000,2000,Arkansas,05,25-34 years,25-34,504,352845,142.8
,2000,2000,Arkansas,05,35-44 years,35-44,1012,398127,254.2
,2000,2000,California,06,25-34 years,25-34,4214,5229062,80.6
,2000,2000,California,06,35-44 years,35-44,9289,5485341,169.3
,2000,2000,Colorado,08,25-34 years,25-34,567,664027,85.4
,2000,2000,Colorado,08,35-44 years,35-44,1279,736823,173.6
,2000,2000,Connecticut,09,25-34 years,25-34,415,451640,91.9
,2000,2000,Connecticut,09,35-44 years,35-44,1005,581049,173.0
,2000,2000,Delaware,10,25-34 years,25-34,108,108840,99.2
,2000,2000,Delaware,10,35-44 years,35-44,318,127601,249.2
,2000,2000,District of Columbia,11,25-34 years,25-34,185,101762,181.8
,2000,2000,District of Columbia,11,35-44 years,35-44,398,87677,453.9
,2000,2000,Florida,12,25-34 years,25-34,2481,2084100,119.0
,2000,2000,Florida,12,35-44 years,35-44,5847,2485247,235.3
,2000,2000,Georgia,13,25-34 years,25-34,1530,1299256,117.8
,2000,2000,Georgia,13,35-44 years,35-44,3109,1353508,229.7
,2000,2000,Hawaii,15,25-34 years,25-34,121,171159,70.7
,2000,2000,Hawaii,15,35-44 years,35-44,320,191177,167.4
,2000,2000,Idaho,16,25-34 years,25-34,154,169433,90.9
,2000,2000,Idaho,16,35-44 years,35-44,300,192968,155.5
,2000,2000,Illinois,17,25-34 years,25-34,1790,1811674,98.8
,2000,2000,Illinois,17,35-44 years,35-44,3868,1983870,195.0
,2000,2000,Indiana,18,25-34 years,25-34,856,831125,103.0
,2000,2000,Indiana,18,35-44 years,35-44,1845,960703,192.0
,2000,2000,Iowa,19,25-34 years,25-34,273,363060,75.2
,2000,2000,Iowa,19,35-44 years,35-44,660,445199,148.2
,2000,2000,Kansas,20,25-34 years,25-34,334,348853,95.7
,2000,2000,Kansas,20,35-44 years,35-44,732,420351,174.1
,2000,2000,Kentucky,21,25-34 years,25-34,691,568108,121.6
,2000,2000,Kentucky,21,35-44 years,35-44,1449,642665,225.5
,2000,2000,Louisiana,22,25-34 years,25-34,918,601162,152.7
,2000,2000,Louisiana,22,35-44 years,35-44,1886,691966,272.6
,2000,2000,Maine,23,25-34 years,25-34,141,157617,89.5
,2000,2000,Maine,23,35-44 years,35-44,317,212980,148.8
,2000,2000,Maryland,24,25-34 years,25-34,879,748521,117.4
,2000,2000,Maryland,24,35-44 years,35-44,2055,916156,224.3
,2000,2000,Massachusetts,25,25-34 years,25-34,626,926788,67.5
,2000,2000,Massachusetts,25,35-44 years,35-44,1754,1062995,165.0
,2000,2000,Michigan,26,25-34 years,25-34,1428,1362171,104.8
,2000,2000,Michigan,26,35-44 years,35-44,3283,1598373,205.4
,2000,2000,Minnesota,27,25-34 years,25-34,498,673138,74.0
,2000,2000,Minnesota,27,35-44 years,35-44,1117,824182,135.5
,2000,2000,Mississippi,28,25-34 years,25-34,643,381798,168.4
,2000,2000,Mississippi,28,35-44 years,35-44,1292,425372,303.7
,2000,2000,Missouri,29,25-34 years,25-34,821,738733,111.1
,2000,2000,Missouri,29,35-44 years,35-44,1869,887569,210.6
,2000,2000,Montana,30,25-34 years,25-34,127,103279,123.0
,2000,2000,Montana,30,35-44 years,35-44,253,141941,178.2
,2000,2000,Nebraska,31,25-34 years,25-34,188,223273,84.2
,2000,2000,Nebraska,31,35-44 years,35-44,378,263834,143.3
,2000,2000,Nevada,32,25-34 years,25-34,349,306611,113.8
,2000,2000,Nevada,32,35-44 years,35-44,741,321961,230.2
,2000,2000,New Hampshire,33,25-34 years,25-34,95,160061,59.4
,2000,2000,New Hampshire,33,35-44 years,35-44,327,221179,147.8
,2000,2000,New Jersey,34,25-34 years,25-34,1158,1189040,97.4
,2000,2000,New Jersey,34,35-44 years,35-44,2693,1435106,187.7
,2000,2000,New Mexico,35,25-34 years,25-34,324,234091,138.4
,2000,2000,New Mexico,35,35-44 years,35-44,696,282009,246.8
,2000,2000,New York,36,25-34 years,25-34,2394,2757324,86.8
,2000,2000,New York,36,35-44 years,35-44,5568,3074298,181.1
,2000,2000,North Carolina,37,25-34 years,25-34,1403,1213415,115.6
,2000,2000,North Carolina,37,35-44 years,35-44,2850,1287120,221.4
,2000,2000,North Dakota,38,25-34 years,25-34,56,76887,72.8
,2000,2000,North Dakota,38,35-44 years,35-44,153,98004,156.1
,2000,2000,Ohio,39,25-34 years,25-34,1400,1519894,92.1
,2000,2000,Ohio,39,35-44 years,35-44,3474,1805316,192.4
,2000,2000,Oklahoma,40,25-34 years,25-34,545,451647,120.7
,2000,2000,Oklahoma,40,35-44 years,35-44,1352,523522,258.3
,2000,2000,Oregon,41,25-34 years,25-34,387,470695,82.2
,2000,2000,Oregon,41,35-44 years,35-44,902,526574,171.3
,2000,2000,Pennsylvania,42,25-34 years,25-34,1659,1560486,106.3
,2000,2000,Pennsylvania,42,35-44 years,35-44,3869,1948076,198.6
,2000,2000,Rhode Island,44,25-34 years,25-34,98,140326,69.8
,2000,2000,Rhode Island,44,35-44 years,35-44,309,170310,181.4
,2000,2000,South Carolina,45,25-34 years,25-34,771,560831,137.5
,2000,2000,South Carolina,45,35-44 years,35-44,1660,625124,265.5
,2000,2000,South Dakota,46,25-34 years,25-34,102,91013,112.1
,2000,2000,South Dakota,46,35-44 years,35-44,193,115386,167.3
,2000,2000,Tennessee,47,25-34 years,25-34,1118,815901,137.0
,2000,2000,Tennessee,47,35-44 years,35-44,2319,902527,256.9
,2000,2000,Texas,48,25-34 years,25-34,3344,3162083,105.8
,2000,2000,Texas,48,35-44 years,35-44,6576,3322238,197.9
,2000,2000,Utah,49,25-34 years,25-34,288,327064,88.1
,2000,2000,Utah,49,35-44 years,35-44,518,299536,172.9
,2000,2000,Vermont,50,25-34 years,25-34,58,74567,77.8
,2000,2000,Vermont,50,35-44 years,35-44,170,101889,166.8
,2000,2000,Virginia,51,25-34 years,25-34,967,1036965,93.3
,2000,2000,Virginia,51,35-44 years,35-44,2229,1200690,185.6
,2000,2000,Washington,53,25-34 years,25-34,684,841130,81.3
,2000,2000,Washington,53,35-44 years,35-44,1545,975087,158.4
,2000,2000,West Virginia,54,25-34 years,25-34,257,229094,112.2
,2000,2000,West Virginia,54,35-44 years,35-44,664,272249,243.9
,2000,2000,Wisconsin,55,25-34 years,25-34,567,706168,80.3
,2000,2000,Wisconsin,55,35-44 years,35-44,1425,875522,162.8
,2000,2000,Wyoming,56,25-34 years,25-34,68,59854,113.6
,2000,2000,Wyoming,56,35-44 years,35-44,162,78765,205.7
,2001,2001,Alabama,01,25-34 years,25-34,851,588949,144.5
,2001,2001,Alabama,01,35-44 years,35-44,1845,678003,272.1
,2001,2001,Alaska,02,25-34 years,25-34,117,87154,134.2
,2001,2001,Alaska,02,35-44 years,35-44,255,111004,229.7
,2001,2001,Arizona,04,25-34 years,25-34,913,748567,122.0
,2001,2001,Arizona,04,35-44 years,35-44,1768,777891,227.3
,2001,2001,Arkansas,05,25-34 years,25-34,509,348283,146.1
,2001,2001,Arkansas,05,35-44 years,35-44,1017,395032,257.4
,2001,2001,California,06,25-34 years,25-34,4410,5234401,84.3
,2001,2001,California,06,35-44 years,35-44,9350,5516317,169.5
,2001,2001,Colorado,08,25-34 years,25-34,681,674645,100.9
,2001,2001,Colorado,08,35-44 years,35-44,1362,737975,184.6
,2001,2001,Connecticut,09,25-34 years,25-34,389,437292,89.0
,2001,2001,Connecticut,09,35-44 years,35-44,1040,580185,179.3
,2001,2001,Delaware,10,25-34 years,25-34,121,106005,114.1
,2001,2001,Delaware,10,35-44 years,35-44,305,127885,238.5
,2001,2001,District of Columbia,11,25-34 years,25-34,178,102420,173.8
,2001,2001,District of Columbia,11,35-44 years,35-44,404,87831,460.0
,2001,2001,Florida,12,25-34 years,25-34,2553,2071777,123.2
,2001,2001,Florida,12,35-44 years,35-44,5873,2520030,233.1
,2001,2001,Georgia,13,25-34 years,25-34,1511,1295862,116.6
,2001,2001,Georgia,13,35-44 years,35-44,3254,1372155,237.1
,2001,2001,Hawaii,15,25-34 years,25-34,143,168560,84.8
,2001,2001,Hawaii,15,35-44 years,35-44,305,188711,161.6
,2001,2001,Idaho,16,25-34 years,25-34,156,169900,91.8
,2001,2001,Idaho,16,35-44 years,35-44,326,192254,169.6
,2001,2001,Illinois,17,25-34 years,25-34,1830,1788465,102.3
,2001,2001,Illinois,17,35-44 years,35-44,3774,1967715,191.8
,2001,2001,Indiana,18,25-34 years,25-34,870,817892,106.4
,2001,2001,Indiana,18,35-44 years,35-44,1917,951600,201.5
,2001,2001,Iowa,19,25-34 years,25-34,249,356466,69.9
,2001,2001,Iowa,19,35-44 years,35-44,693,436822,158.6
,2001,2001,Kansas,20,25-34 years,25-34,323,343487,94.0
,2001,2001,Kansas,20,35-44 years,35-44,752,412400,182.3
,2001,2001,Kentucky,21,25-34 years,25-34,712,556948,127.8
,2001,2001,Kentucky,21,35-44 years,35-44,1526,637343,239.4
,2001,2001,Louisiana,22,25-34 years,25-34,977,587213,166.4
,2001,2001,Louisiana,22,35-44 years,35-44,1943,681491,285.1
,2001,2001,Maine,23,25-34 years,25-34,137,152867,89.6
,2001,2001,Maine,23,35-44 years,35-44,323,211244,152.9
,2001,2001,Maryland,24,25-34 years,25-34,884,733474,120.5
,2001,2001,Maryland,24,35-44 years,35-44,2101,918724,228.7
,2001,2001,Massachusetts,25,25-34 years,25-34,759,907376,83.6
,2001,2001,Massachusetts,25,35-44 years,35-44,1819,1060439,171.5
,2001,2001,Michigan,26,25-34 years,25-34,1402,1327644,105.6
,2001,2001,Michigan,26,35-44 years,35-44,3251,1578045,206.0
,2001,2001,Minnesota,27,25-34 years,25-34,479,666671,71.8
,2001,2001,Minnesota,27,35-44 years,35-44,1065,820143,129.9
,2001,2001,Mississippi,28,25-34 years,25-34,633,374462,169.0
,2001,2001,Mississippi,28,35-44 years,35-44,1327,420426,315.6
,2001,2001,Missouri,29,25-34 years,25-34,843,727911,115.8
,2001,2001,Missouri,29,35-44 years,35-44,1932,878866,219.8
,2001,2001,Montana,30,25-34 years,25-34,122,101315,120.4
,2001,2001,Montana,30,35-44 years,35-44,274,137584,199.2
,2001,2001,Nebraska,31,25-34 years,25-34,184,220445,83.5
,2001,2001,Nebraska,31,35-44 years,35-44,432,258523,167.1
,2001,2001,Nevada,32,25-34 years,25-34,343,314776,109.0
,2001,2001,Nevada,32,35-44 years,35-44,740,334104,221.5
,2001,2001,New Hampshire,33,25-34 years,25-34,105,156956,66.9
,2001,2001,New Hampshire,33,35-44 years,35-44,307,221580,138.6
,2001,2001,New Jersey,34,25-34 years,25-34,1306,1164876,112.1
,2001,2001,New Jersey,34,35-44 years,35-44,2878,1438471,200.1
,2001,2001,New Mexico,35,25-34 years,25-34,338,229301,147.4
,2001,2001,New Mexico,35,35-44 years,35-44,727,276850,262.6
,2001,2001,New York,36,25-34 years,25-34,2921,2705918,107.9
,2001,2001,New York,36,35-44 years,35-44,6283,3069645,204.7
,2001,2001,North Carolina,37,25-34 years,25-34,1338,1207640,110.8
,2001,2001,North Carolina,37,35-44 years,35-44,2968,1296653,228.9
,2001,2001,North Dakota,38,25-34 years,25-34,64,74377,86.0
,2001,2001,North Dakota,38,35-44 years,35-44,149,94254,158.1
,2001,2001,Ohio,39,25-34 years,25-34,1470,1481232,99.2
,2001,2001,Ohio,39,35-44 years,35-44,3477,1778152,195.5
,2001,2001,Oklahoma,40,25-34 years,25-34,551,445894,123.6
,2001,2001,Oklahoma,40,35-44 years,35-44,1256,514541,244.1
,2001,2001,Oregon,41,25-34 years,25-34,431,472656,91.2
,2001,2001,Oregon,41,35-44 years,35-44,909,520127,174.8
,2001,2001,Pennsylvania,42,25-34 years,25-34,1555,1514109,102.7
,2001,2001,Pennsylvania,42,35-44 years,35-44,3836,1921049,199.7
,2001,2001,Rhode Island,44,25-34 years,25-34,125,137032,91.2
,2001,2001,Rhode Island,44,35-44 years,35-44,303,169880,178.4
,2001,2001,South Carolina,45,25-34 years,25-34,818,551336,148.4
,2001,2001,South Carolina,45,35-44 years,35-44,1750,624451,280.2
,2001,2001,South Dakota,46,25-34 years,25-34,94,89533,105.0
,2001,2001,South Dakota,46,35-44 years,35-44,192,112921,170.0
,2001,2001,Tennessee,47,25-34 years,25-34,1078,800705,134.6
,2001,2001,Tennessee,47,35-44 years,35-44,2334,899123,259.6
,2001,2001,Texas,48,25-34 years,25-34,3310,3186416,103.9
,2001,2001,Texas,48,35-44 years,35-44,6747,3343406,201.8
,2001,2001,Utah,49,25-34 years,25-34,324,333952,97.0
,2001,2001,Utah,49,35-44 years,35-44,507,299147,169.5
,2001,2001,Vermont,50,25-34 years,25-34,66,72130,91.5
,2001,2001,Vermont,50,35-44 years,35-44,153,100275,152.6
,2001,2001,Virginia,51,25-34 years,25-34,945,1025675,92.1
,2001,2001,Virginia,51,35-44 years,35-44,2214,1201766,184.2
,2001,2001,Washington,53,25-34 years,25-34,654,837266,78.1
,2001,2001,Washington,53,35-44 years,35-44,1475,968340,152.3
,2001,2001,West Virginia,54,25-34 years,25-34,284,222472,127.7
,2001,2001,West Virginia,54,35-44 years,35-44,711,265388,267.9
,2001,2001,Wisconsin,55,25-34 years,25-34,544,692200,78.6
,2001,2001,Wisconsin,55,35-44 years,35-44,1368,869127,157.4
,2001,2001,Wyoming,56,25-34 years,25-34,83,58619,141.6
,2001,2001,Wyoming,56,35-44 years,35-44,157,75864,206.9
,2002,2002,Alabama,01,25-34 years,25-34,912,583671,156.3
,2002,2002,Alabama,01,35-44 years,35-44,1806,666137,271.1
,2002,2002,Alaska,02,25-34 years,25-34,120,86652,138.5
,2002,2002,Alaska,02,35-44 years,35-44,280,107776,259.8
,2002,2002,Arizona,04,25-34 years,25-34,905,761307,118.9
,2002,2002,Arizona,04,35-44 years,35-44,1799,782077,230.0
,2002,2002,Arkansas,05,25-34 years,25-34,524,347949,150.6
,2002,2002,Arkansas,05,35-44 years,35-44,1054,389201,270.8
,2002,2002,California,06,25-34 years,25-34,4375,5225289,83.7
,2002,2002,California,06,35-44 years,35-44,9316,5500299,169.4
,2002,2002,Colorado,08,25-34 years,25-34,610,678811,89.9
,2002,2002,Colorado,08,35-44 years,35-44,1308,728103,179.6
,2002,2002,Connecticut,09,25-34 years,25-34,372,431490,86.2
,2002,2002,Connecticut,09,35-44 years,35-44,1018,574699,177.1
,2002,2002,Delaware,10,25-34 years,25-34,114,104991,108.6
,2002,2002,Delaware,10,35-44 years,35-44,289,127418,226.8
,2002,2002,District of Columbia,11,25-34 years,25-34,168,102631,163.7
,2002,2002,District of Columbia,11,35-44 years,35-44,372,86487,430.1
,2002,2002,Florida,12,25-34 years,25-34,2627,2085560,126.0
,2002,2002,Florida,12,35-44 years,35-44,5993,2532121,236.7
,2002,2002,Georgia,13,25-34 years,25-34,1497,1292841,115.8
,2002,2002,Georgia,13,35-44 years,35-44,3268,1375795,237.5
,2002,2002,Hawaii,15,25-34 years,25-34,127,168909,75.2
,2002,2002,Hawaii,15,35-44 years,35-44,290,185905,156.0
,2002,2002,Idaho,16,25-34 years,25-34,134,172436,77.7
,2002,2002,Idaho,16,35-44 years,35-44,333,190029,175.2
,2002,2002,Illinois,17,25-34 years,25-34,1865,1778648,104.9
,2002,2002,Illinois,17,35-44 years,35-44,3762,1941460,193.8
,2002,2002,Indiana,18,25-34 years,25-34,801,812004,98.6
,2002,2002,Indiana,18,35-44 years,35-44,1882,937877,200.7
,2002,2002,Iowa,19,25-34 years,25-34,278,353253,78.7
,2002,2002,Iowa,19,35-44 years,35-44,636,427032,148.9
,2002,2002,Kansas,20,25-34 years,25-34,298,342814,86.9
,2002,2002,Kansas,20,35-44 years,35-44,815,402085,202.7
,2002,2002,Kentucky,21,25-34 years,25-34,756,552382,136.9
,2002,2002,Kentucky,21,35-44 years,35-44,1552,629240,246.6
,2002,2002,Louisiana,22,25-34 years,25-34,1024,584779,175.1
,2002,2002,Louisiana,22,35-44 years,35-44,1935,669458,289.0
,2002,2002,Maine,23,25-34 years,25-34,156,150990,103.3
,2002,2002,Maine,23,35-44 years,35-44,355,208639,170.2
,2002,2002,Maryland,24,25-34 years,25-34,868,728867,119.1
,2002,2002,Maryland,24,35-44 years,35-44,2076,914728,227.0
,2002,2002,Massachusetts,25,25-34 years,25-34,725,890406,81.4
,2002,2002,Massachusetts,25,35-44 years,35-44,1768,1050405,168.3
,2002,2002,Michigan,26,25-34 years,25-34,1463,1302869,112.3
,2002,2002,Michigan,26,35-44 years,35-44,3176,1548584,205.1
,2002,2002,Minnesota,27,25-34 years,25-34,511,663092,77.1
,2002,2002,Minnesota,27,35-44 years,35-44,1051,808088,130.1
,2002,2002,Mississippi,28,25-34 years,25-34,661,372165,177.6
,2002,2002,Mississippi,28,35-44 years,35-44,1276,413304,308.7
,2002,2002,Missouri,29,25-34 years,25-34,846,726026,116.5
,2002,2002,Missouri,29,35-44 years,35-44,1960,864097,226.8
,2002,2002,Montana,30,25-34 years,25-34,130,100829,128.9
,2002,2002,Montana,30,35-44 years,35-44,265,133393,198.7
,2002,2002,Nebraska,31,25-34 years,25-34,195,219808,88.7
,2002,2002,Nebraska,31,35-44 years,35-44,468,253612,184.5
,2002,2002,Nevada,32,25-34 years,25-34,363,322067,112.7
,2002,2002,Nevada,32,35-44 years,35-44,797,341186,233.6
,2002,2002,New Hampshire,33,25-34 years,25-34,126,154345,81.6
,2002,2002,New Hampshire,33,35-44 years,35-44,309,219355,140.9
,2002,2002,New Jersey,34,25-34 years,25-34,1058,1151666,91.9
,2002,2002,New Jersey,34,35-44 years,35-44,2602,1430280,181.9
,2002,2002,New Mexico,35,25-34 years,25-34,342,231321,147.8
,2002,2002,New Mexico,35,35-44 years,35-44,733,272359,269.1
,2002,2002,New York,36,25-34 years,25-34,2247,2679451,83.9
,2002,2002,New York,36,35-44 years,35-44,5621,3039792,184.9
,2002,2002,North Carolina,37,25-34 years,25-34,1419,1202111,118.0
,2002,2002,North Carolina,37,35-44 years,35-44,2922,1294918,225.7
,2002,2002,North Dakota,38,25-34 years,25-34,64,73193,87.4
,2002,2002,North Dakota,38,35-44 years,35-44,150,91186,164.5
,2002,2002,Ohio,39,25-34 years,25-34,1491,1463095,101.9
,2002,2002,Ohio,39,35-44 years,35-44,3509,1741797,201.5
,2002,2002,Oklahoma,40,25-34 years,25-34,561,447621,125.3
,2002,2002,Oklahoma,40,35-44 years,35-44,1283,504167,254.5
,2002,2002,Oregon,41,25-34 years,25-34,443,478282,92.6
,2002,2002,Oregon,41,35-44 years,35-44,927,513540,180.5
,2002,2002,Pennsylvania,42,25-34 years,25-34,1630,1493954,109.1
,2002,2002,Pennsylvania,42,35-44 years,35-44,3904,1887796,206.8
,2002,2002,Rhode Island,44,25-34 years,25-34,107,136219,78.5
,2002,2002,Rhode Island,44,35-44 years,35-44,310,168597,183.9
,2002,2002,South Carolina,45,25-34 years,25-34,798,551869,144.6
,2002,2002,South Carolina,45,35-44 years,35-44,1685,618209,272.6
,2002,2002,South Dakota,46,25-34 years,25-34,105,89484,117.3
,2002,2002,South Dakota,46,35-44 years,35-44,205,110068,186.2
,2002,2002,Tennessee,47,25-34 years,25-34,1151,795801,144.6
,2002,2002,Tennessee,47,35-44 years,35-44,2466,889238,277.3
,2002,2002,Texas,48,25-34 years,25-34,3325,3219648,103.3
,2002,2002,Texas,48,35-44 years,35-44,6891,3333037,206.7
,2002,2002,Utah,49,25-34 years,25-34,323,343699,94.0
,2002,2002,Utah,49,35-44 years,35-44,545,297530,183.2
,2002,2002,Vermont,50,25-34 years,25-34,55,71165,77.3
,2002,2002,Vermont,50,35-44 years,35-44,131,98244,133.3
,2002,2002,Virginia,51,25-34 years,25-34,955,1018606,93.8
,2002,2002,Virginia,51,35-44 years,35-44,2221,1194363,186.0
,2002,2002,Washington,53,25-34 years,25-34,726,837613,86.7
,2002,2002,Washington,53,35-44 years,35-44,1567,955040,164.1
,2002,2002,West Virginia,54,25-34 years,25-34,300,221919,135.2
,2002,2002,West Virginia,54,35-44 years,35-44,710,259505,273.6
,2002,2002,Wisconsin,55,25-34 years,25-34,612,685540,89.3
,2002,2002,Wisconsin,55,35-44 years,35-44,1394,859224,162.2
,2002,2002,Wyoming,56,25-34 years,25-34,92,59508,154.6
,2002,2002,Wyoming,56,35-44 years,35-44,155,73169,211.8
,2003,2003,Alabama,01,25-34 years,25-34,878,583109,150.6
,2003,2003,Alabama,01,35-44 years,35-44,1889,655351,288.2
,2003,2003,Alaska,02,25-34 years,25-34,106,86372,122.7
,2003,2003,Alaska,02,35-44 years,35-44,218,104401,208.8
,2003,2003,Arizona,04,25-34 years,25-34,903,771335,117.1
,2003,2003,Arizona,04,35-44 years,35-44,1813,783198,231.5
,2003,2003,Arkansas,05,25-34 years,25-34,502,350210,143.3
,2003,2003,Arkansas,05,35-44 years,35-44,1007,384753,261.7
,2003,2003,California,06,25-34 years,25-34,4402,5211149,84.5
,2003,2003,California,06,35-44 years,35-44,9426,5485873,171.8
,2003,2003,Colorado,08,25-34 years,25-34,623,672836,92.6
,2003,2003,Colorado,08,35-44 years,35-44,1321,714819,184.8
,2003,2003,Connecticut,09,25-34 years,25-34,330,425567,77.5
,2003,2003,Connecticut,09,35-44 years,35-44,951,567819,167.5
,2003,2003,Delaware,10,25-34 years,25-34,118,105498,111.9
,2003,2003,Delaware,10,35-44 years,35-44,271,126495,214.2
,2003,2003,District of Columbia,11,25-34 years,25-34,155,102534,151.2
,2003,2003,District of Columbia,11,35-44 years,35-44,367,84710,433.2
,2003,2003,Florida,12,25-34 years,25-34,2638,2103282,125.4
,2003,2003,Florida,12,35-44 years,35-44,5883,2533634,232.2
,2003,2003,Georgia,13,25-34 years,25-34,1567,1287770,121.7
,2003,2003,Georgia,13,35-44 years,35-44,3256,1375088,236.8
,2003,2003,Hawaii,15,25-34 years,25-34,119,167480,71.1
,2003,2003,Hawaii,15,35-44 years,35-44,280,183007,153.0
,2003,2003,Idaho,16,25-34 years,25-34,165,175412,94.1
,2003,2003,Idaho,16,35-44 years,35-44,335,188349,177.9
,2003,2003,Illinois,17,25-34 years,25-34,1768,1764369,100.2
,2003,2003,Illinois,17,35-44 years,35-44,3569,1911052,186.8
,2003,2003,Indiana,18,25-34 years,25-34,904,812263,111.3
,2003,2003,Indiana,18,35-44 years,35-44,1882,922229,204.1
,2003,2003,Iowa,19,25-34 years,25-34,264,351501,75.1
,2003,2003,Iowa,19,35-44 years,35-44,652,416982,156.4
,2003,2003,Kansas,20,25-34 years,25-34,298,341110,87.4
,2003,2003,Kansas,20,35-44 years,35-44,737,391506,188.2
,2003,2003,Kentucky,21,25-34 years,25-34,810,550343,147.2
,2003,2003,Kentucky,21,35-44 years,35-44,1576,620237,254.1
,2003,2003,Louisiana,22,25-34 years,25-34,1027,584738,175.6
,2003,2003,Louisiana,22,35-44 years,35-44,1975,658016,300.1
,2003,2003,Maine,23,25-34 years,25-34,144,149621,96.2
,2003,2003,Maine,23,35-44 years,35-44,332,205374,161.7
,2003,2003,Maryland,24,25-34 years,25-34,858,725954,118.2
,2003,2003,Maryland,24,35-44 years,35-44,2029,906187,223.9
,2003,2003,Massachusetts,25,25-34 years,25-34,721,871255,82.8
,2003,2003,Massachusetts,25,35-44 years,35-44,1781,1034260,172.2
,2003,2003,Michigan,26,25-34 years,25-34,1354,1284254,105.4
,2003,2003,Michigan,26,35-44 years,35-44,2983,1517569,196.6
,2003,2003,Minnesota,27,25-34 years,25-34,477,660236,72.2
,2003,2003,Minnesota,27,35-44 years,35-44,1091,793001,137.6
,2003,2003,Mississippi,28,25-34 years,25-34,660,371138,177.8
,2003,2003,Mississippi,28,35-44 years,35-44,1268,406696,311.8
,2003,2003,Missouri,29,25-34 years,25-34,820,725017,113.1
,2003,2003,Missouri,29,35-44 years,35-44,1920,847447,226.6
,2003,2003,Montana,30,25-34 years,25-34,153,101732,150.4
,2003,2003,Montana,30,35-44 years,35-44,279,128835,216.6
,2003,2003,Nebraska,31,25-34 years,25-34,198,220720,89.7
,2003,2003,Nebraska,31,35-44 years,35-44,400,247975,161.3
,2003,2003,Nevada,32,25-34 years,25-34,401,329518,121.7
,2003,2003,Nevada,32,35-44 years,35-44,820,348011,235.6
,2003,2003,New Hampshire,33,25-34 years,25-34,105,152277,69.0
,2003,2003,New Hampshire,33,35-44 years,35-44,322,216053,149.0
,2003,2003,New Jersey,34,25-34 years,25-34,1061,1138050,93.2
,2003,2003,New Jersey,34,35-44 years,35-44,2448,1415251,173.0
,2003,2003,New Mexico,35,25-34 years,25-34,383,234200,163.5
,2003,2003,New Mexico,35,35-44 years,35-44,712,267632,266.0
,2003,2003,New York,36,25-34 years,25-34,2229,2656506,83.9
,2003,2003,New York,36,35-44 years,35-44,5106,3002778,170.0
,2003,2003,North Carolina,37,25-34 years,25-34,1380,1193775,115.6
,2003,2003,North Carolina,37,35-44 years,35-44,2864,1292975,221.5
,2003,2003,North Dakota,38,25-34 years,25-34,61,72926,83.6
,2003,2003,North Dakota,38,35-44 years,35-44,146,87838,166.2
,2003,2003,Ohio,39,25-34 years,25-34,1465,1453156,100.8
,2003,2003,Ohio,39,35-44 years,35-44,3373,1702959,198.1
,2003,2003,Oklahoma,40,25-34 years,25-34,630,447100,140.9
,2003,2003,Oklahoma,40,35-44 years,35-44,1288,493600,260.9
,2003,2003,Oregon,41,25-34 years,25-34,413,481061,85.9
,2003,2003,Oregon,41,35-44 years,35-44,938,506688,185.1
,2003,2003,Pennsylvania,42,25-34 years,25-34,1569,1485351,105.6
,2003,2003,Pennsylvania,42,35-44 years,35-44,3674,1851432,198.4
,2003,2003,Rhode Island,44,25-34 years,25-34,154,136066,113.2
,2003,2003,Rhode Island,44,35-44 years,35-44,315,166646,189.0
,2003,2003,South Carolina,45,25-34 years,25-34,761,552295,137.8
,2003,2003,South Carolina,45,35-44 years,35-44,1678,613055,273.7
,2003,2003,South Dakota,46,25-34 years,25-34,107,89487,119.6
,2003,2003,South Dakota,46,35-44 years,35-44,204,107121,190.4
,2003,2003,Tennessee,47,25-34 years,25-34,1134,794674,142.7
,2003,2003,Tennessee,47,35-44 years,35-44,2514,880690,285.5
,2003,2003,Texas,48,25-34 years,25-34,3394,3234855,104.9
,2003,2003,Texas,48,35-44 years,35-44,6834,3321562,205.7
,2003,2003,Utah,49,25-34 years,25-34,365,354519,103.0
,2003,2003,Utah,49,35-44 years,35-44,549,295736,185.6
,2003,2003,Vermont,50,25-34 years,25-34,56,69883,80.1
,2003,2003,Vermont,50,35-44 years,35-44,141,95731,147.3
,2003,2003,Virginia,51,25-34 years,25-34,995,1014083,98.1
,2003,2003,Virginia,51,35-44 years,35-44,2247,1182533,190.0
,2003,2003,Washington,53,25-34 years,25-34,682,833614,81.8
,2003,2003,Washington,53,35-44 years,35-44,1569,941125,166.7
,2003,2003,West Virginia,54,25-34 years,25-34,316,222377,142.1
,2003,2003,West Virginia,54,35-44 years,35-44,734,254361,288.6
,2003,2003,Wisconsin,55,25-34 years,25-34,607,681594,89.1
,2003,2003,Wisconsin,55,35-44 years,35-44,1314,845061,155.5
,2003,2003,Wyoming,56,25-34 years,25-34,70,59623,117.4
,2003,2003,Wyoming,56,35-44 years,35-44,180,70505,255.3
,2004,2004,Alabama,01,25-34 years,25-34,884,583760,151.4
,2004,2004,Alabama,01,35-44 years,35-44,1870,647811,288.7
,2004,2004,Alaska,02,25-34 years,25-34,121,87247,138.7
,2004,2004,Alaska,02,35-44 years,35-44,227,102617,221.2
,2004,2004,Arizona,04,25-34 years,25-34,887,788430,112.5
,2004,2004,Arizona,04,35-44 years,35-44,1717,791660,216.9
,2004,2004,Arkansas,05,25-34 years,25-34,565,354627,159.3
,2004,2004,Arkansas,05,35-44 years,35-44,1002,382246,262.1
,2004,2004,California,06,25-34 years,25-34,4377,5201301,84.2
,2004,2004,California,06,35-44 years,35-44,8883,5474192,162.3
,2004,2004,Colorado,08,25-34 years,25-34,644,673625,95.6
,2004,2004,Colorado,08,35-44 years,35-44,1197,708153,169.0
,2004,2004,Connecticut,09,25-34 years,25-34,355,417964,84.9
,2004,2004,Connecticut,09,35-44 years,35-44,905,558950,161.9
,2004,2004,Delaware,10,25-34 years,25-34,114,106972,106.6
,2004,2004,Delaware,10,35-44 years,35-44,273,125591,217.4
,2004,2004,District of Columbia,11,25-34 years,25-34,161,103255,155.9
,2004,2004,District of Columbia,11,35-44 years,35-44,312,83248,374.8
,2004,2004,Florida,12,25-34 years,25-34,2612,2142213,121.9
,2004,2004,Florida,12,35-44 years,35-44,5818,2551515,228.0
,2004,2004,Georgia,13,25-34 years,25-34,1526,1294936,117.8
,2004,2004,Georgia,13,35-44 years,35-44,3099,1380057,224.6
,2004,2004,Hawaii,15,25-34 years,25-34,142,169160,83.9
,2004,2004,Hawaii,15,35-44 years,35-44,307,182426,168.3
,2004,2004,Idaho,16,25-34 years,25-34,165,180138,91.6
,2004,2004,Idaho,16,35-44 years,35-44,320,188780,169.5
,2004,2004,Illinois,17,25-34 years,25-34,1635,1751645,93.3
,2004,2004,Illinois,17,35-44 years,35-44,3483,1882409,185.0
,2004,2004,Indiana,18,25-34 years,25-34,846,810727,104.4
,2004,2004,Indiana,18,35-44 years,35-44,1805,910180,198.3
,2004,2004,Iowa,19,25-34 years,25-34,280,349425,80.1
,2004,2004,Iowa,19,35-44 years,35-44,577,410225,140.7
,2004,2004,Kansas,20,25-34 years,25-34,352,340723,103.3
,2004,2004,Kansas,20,35-44 years,35-44,695,383865,181.1
,2004,2004,Kentucky,21,25-34 years,25-34,805,552204,145.8
,2004,2004,Kentucky,21,35-44 years,35-44,1515,615348,246.2
,2004,2004,Louisiana,22,25-34 years,25-34,1095,591843,185.0
,2004,2004,Louisiana,22,35-44 years,35-44,1892,649403,291.3
,2004,2004,Maine,23,25-34 years,25-34,136,148155,91.8
,2004,2004,Maine,23,35-44 years,35-44,338,201481,167.8
,2004,2004,Maryland,24,25-34 years,25-34,831,724290,114.7
,2004,2004,Maryland,24,35-44 years,35-44,1918,895972,214.1
,2004,2004,Massachusetts,25,25-34 years,25-34,645,852813,75.6
,2004,2004,Massachusetts,25,35-44 years,35-44,1612,1014216,158.9
,2004,2004,Michigan,26,25-34 years,25-34,1367,1264592,108.1
,2004,2004,Michigan,26,35-44 years,35-44,2880,1490188,193.3
,2004,2004,Minnesota,27,25-34 years,25-34,466,658568,70.8
,2004,2004,Minnesota,27,35-44 years,35-44,1014,779638,130.1
,2004,2004,Mississippi,28,25-34 years,25-34,663,373250,177.6
,2004,2004,Mississippi,28,35-44 years,35-44,1195,402330,297.0
,2004,2004,Missouri,29,25-34 years,25-34,837,726907,115.1
,2004,2004,Missouri,29,35-44 years,35-44,1774,833643,212.8
,2004,2004,Montana,30,25-34 years,25-34,121,103826,116.5
,2004,2004,Montana,30,35-44 years,35-44,271,125849,215.3
,2004,2004,Nebraska,31,25-34 years,25-34,155,220654,70.2
,2004,2004,Nebraska,31,35-44 years,35-44,350,243764,143.6
,2004,2004,Nevada,32,25-34 years,25-34,410,342914,119.6
,2004,2004,Nevada,32,35-44 years,35-44,766,358996,213.4
,2004,2004,New Hampshire,33,25-34 years,25-34,97,149206,65.0
,2004,2004,New Hampshire,33,35-44 years,35-44,303,212257,142.8
,2004,2004,New Jersey,34,25-34 years,25-34,1039,1123707,92.5
,2004,2004,New Jersey,34,35-44 years,35-44,2350,1396535,168.3
,2004,2004,New Mexico,35,25-34 years,25-34,374,238039,157.1
,2004,2004,New Mexico,35,35-44 years,35-44,672,264828,253.7
,2004,2004,New York,36,25-34 years,25-34,2046,2624513,78.0
,2004,2004,New York,36,35-44 years,35-44,4893,2959042,165.4
,2004,2004,North Carolina,37,25-34 years,25-34,1384,1193778,115.9
,2004,2004,North Carolina,37,35-44 years,35-44,2910,1296123,224.5
,2004,2004,North Dakota,38,25-34 years,25-34,74,74007,100.0
,2004,2004,North Dakota,38,35-44 years,35-44,120,85367,140.6
,2004,2004,Ohio,39,25-34 years,25-34,1451,1444523,100.4
,2004,2004,Ohio,39,35-44 years,35-44,3207,1671355,191.9
,2004,2004,Oklahoma,40,25-34 years,25-34,591,450653,131.1
,2004,2004,Oklahoma,40,35-44 years,35-44,1288,485490,265.3
,2004,2004,Oregon,41,25-34 years,25-34,393,479431,82.0
,2004,2004,Oregon,41,35-44 years,35-44,945,502400,188.1
,2004,2004,Pennsylvania,42,25-34 years,25-34,1577,1476744,106.8
,2004,2004,Pennsylvania,42,35-44 years,35-44,3623,1817800,199.3
,2004,2004,Rhode Island,44,25-34 years,25-34,97,135243,71.7
,2004,2004,Rhode Island,44,35-44 years,35-44,251,163972,153.1
,2004,2004,South Carolina,45,25-34 years,25-34,795,556293,142.9
,2004,2004,South Carolina,45,35-44 years,35-44,1580,611903,258.2
,2004,2004,South Dakota,46,25-34 years,25-34,106,90470,117.2
,2004,2004,South Dakota,46,35-44 years,35-44,190,104780,181.3
,2004,2004,Tennessee,47,25-34 years,25-34,1133,800018,141.6
,2004,2004,Tennessee,47,35-44 years,35-44,2318,875946,264.6
,2004,2004,Texas,48,25-34 years,25-34,3453,3263123,105.8
,2004,2004,Texas,48,35-44 years,35-44,6561,3325972,197.3
,2004,2004,Utah,49,25-34 years,25-34,399,367784,108.5
,2004,2004,Utah,49,35-44 years,35-44,509,296022,171.9
,2004,2004,Vermont,50,25-34 years,25-34,68,68536,99.2
,2004,2004,Vermont,50,35-44 years,35-44,124,93396,132.8
,2004,2004,Virginia,51,25-34 years,25-34,958,1016307,94.3
,2004,2004,Virginia,51,35-44 years,35-44,1962,1175718,166.9
,2004,2004,Washington,53,25-34 years,25-34,661,835461,79.1
,2004,2004,Washington,53,35-44 years,35-44,1508,936402,161.0
,2004,2004,West Virginia,54,25-34 years,25-34,322,221856,145.1
,2004,2004,West Virginia,54,35-44 years,35-44,674,250521,269.0
,2004,2004,Wisconsin,55,25-34 years,25-34,582,679665,85.6
,2004,2004,Wisconsin,55,35-44 years,35-44,1233,831100,148.4
,2004,2004,Wyoming,56,25-34 years,25-34,71,61035,116.3
,2004,2004,Wyoming,56,35-44 years,35-44,126,68593,183.7
,2005,2005,Alabama,01,25-34 years,25-34,947,585831,161.7
,2005,2005,Alabama,01,35-44 years,35-44,1788,642755,278.2
,2005,2005,Alaska,02,25-34 years,25-34,118,88158,133.9
,2005,2005,Alaska,02,35-44 years,35-44,227,100595,225.7
,2005,2005,Arizona,04,25-34 years,25-34,981,811925,120.8
,2005,2005,Arizona,04,35-44 years,35-44,1726,808093,213.6
,2005,2005,Arkansas,05,25-34 years,25-34,524,360441,145.4
,2005,2005,Arkansas,05,35-44 years,35-44,1005,380572,264.1
,2005,2005,California,06,25-34 years,25-34,4359,5170422,84.3
,2005,2005,California,06,35-44 years,35-44,8886,5448579,163.1
,2005,2005,Colorado,08,25-34 years,25-34,593,667340,88.9
,2005,2005,Colorado,08,35-44 years,35-44,1166,705346,165.3
,2005,2005,Connecticut,09,25-34 years,25-34,324,409222,79.2
,2005,2005,Connecticut,09,35-44 years,35-44,858,550666,155.8
,2005,2005,Delaware,10,25-34 years,25-34,124,107588,115.3
,2005,2005,Delaware,10,35-44 years,35-44,256,125175,204.5
,2005,2005,District of Columbia,11,25-34 years,25-34,148,102771,144.0
,2005,2005,District of Columbia,11,35-44 years,35-44,289,82848,348.8
,2005,2005,Florida,12,25-34 years,25-34,2785,2184963,127.5
,2005,2005,Florida,12,35-44 years,35-44,5803,2574632,225.4
,2005,2005,Georgia,13,25-34 years,25-34,1549,1293172,119.8
,2005,2005,Georgia,13,35-44 years,35-44,3053,1392620,219.2
,2005,2005,Hawaii,15,25-34 years,25-34,134,173008,77.5
,2005,2005,Hawaii,15,35-44 years,35-44,305,182205,167.4
,2005,2005,Idaho,16,25-34 years,25-34,185,185263,99.9
,2005,2005,Idaho,16,35-44 years,35-44,314,189516,165.7
,2005,2005,Illinois,17,25-34 years,25-34,1681,1738659,96.7
,2005,2005,Illinois,17,35-44 years,35-44,3334,1856865,179.5
,2005,2005,Indiana,18,25-34 years,25-34,945,811745,116.4
,2005,2005,Indiana,18,35-44 years,35-44,1755,900169,195.0
,2005,2005,Iowa,19,25-34 years,25-34,276,350690,78.7
,2005,2005,Iowa,19,35-44 years,35-44,603,402318,149.9
,2005,2005,Kansas,20,25-34 years,25-34,331,338523,97.8
,2005,2005,Kansas,20,35-44 years,35-44,706,377045,187.2
,2005,2005,Kentucky,21,25-34 years,25-34,787,554515,141.9
,2005,2005,Kentucky,21,35-44 years,35-44,1539,609360,252.6
,2005,2005,Louisiana,22,25-34 years,25-34,1136,599543,189.5
,2005,2005,Louisiana,22,35-44 years,35-44,1938,638415,303.6
,2005,2005,Maine,23,25-34 years,25-34,149,145702,102.3
,2005,2005,Maine,23,35-44 years,35-44,314,197856,158.7
,2005,2005,Maryland,24,25-34 years,25-34,847,724285,116.9
,2005,2005,Maryland,24,35-44 years,35-44,1795,885849,202.6
,2005,2005,Massachusetts,25,25-34 years,25-34,670,832018,80.5
,2005,2005,Massachusetts,25,35-44 years,35-44,1515,996647,152.0
,2005,2005,Michigan,26,25-34 years,25-34,1407,1243378,113.2
,2005,2005,Michigan,26,35-44 years,35-44,2887,1464812,197.1
,2005,2005,Minnesota,27,25-34 years,25-34,486,658321,73.8
,2005,2005,Minnesota,27,35-44 years,35-44,1020,765460,133.3
,2005,2005,Mississippi,28,25-34 years,25-34,703,375456,187.2
,2005,2005,Mississippi,28,35-44 years,35-44,1252,398571,314.1
,2005,2005,Missouri,29,25-34 years,25-34,881,729435,120.8
,2005,2005,Missouri,29,35-44 years,35-44,1865,821793,226.9
,2005,2005,Montana,30,25-34 years,25-34,150,105468,142.2
,2005,2005,Montana,30,35-44 years,35-44,263,122727,214.3
,2005,2005,Nebraska,31,25-34 years,25-34,190,221322,85.8
,2005,2005,Nebraska,31,35-44 years,35-44,386,238969,161.5
,2005,2005,Nevada,32,25-34 years,25-34,423,355064,119.1
,2005,2005,Nevada,32,35-44 years,35-44,854,368985,231.4
,2005,2005,New Hampshire,33,25-34 years,25-34,128,146628,87.3
,2005,2005,New Hampshire,33,35-44 years,35-44,323,208405,155.0
,2005,2005,New Jersey,34,25-34 years,25-34,1051,1108194,94.8
,2005,2005,New Jersey,34,35-44 years,35-44,2298,1376848,166.9
,2005,2005,New Mexico,35,25-34 years,25-34,352,242376,145.2
,2005,2005,New Mexico,35,35-44 years,35-44,655,262701,249.3
,2005,2005,New York,36,25-34 years,25-34,1969,2583949,76.2
,2005,2005,New York,36,35-44 years,35-44,4693,2908547,161.4
,2005,2005,North Carolina,37,25-34 years,25-34,1437,1187065,121.1
,2005,2005,North Carolina,37,35-44 years,35-44,2724,1307014,208.4
,2005,2005,North Dakota,38,25-34 years,25-34,84,74290,113.1
,2005,2005,North Dakota,38,35-44 years,35-44,129,82851,155.7
,2005,2005,Ohio,39,25-34 years,25-34,1548,1435215,107.9
,2005,2005,Ohio,39,35-44 years,35-44,3378,1643149,205.6
,2005,2005,Oklahoma,40,25-34 years,25-34,606,454892,133.2
,2005,2005,Oklahoma,40,35-44 years,35-44,1300,478423,271.7
,2005,2005,Oregon,41,25-34 years,25-34,452,481819,93.8
,2005,2005,Oregon,41,35-44 years,35-44,888,503737,176.3
,2005,2005,Pennsylvania,42,25-34 years,25-34,1657,1468043,112.9
,2005,2005,Pennsylvania,42,35-44 years,35-44,3500,1789121,195.6
,2005,2005,Rhode Island,44,25-34 years,25-34,82,131683,62.3
,2005,2005,Rhode Island,44,35-44 years,35-44,266,160411,165.8
,2005,2005,South Carolina,45,25-34 years,25-34,836,558436,149.7
,2005,2005,South Carolina,45,35-44 years,35-44,1557,611097,254.8
,2005,2005,South Dakota,46,25-34 years,25-34,106,91804,115.5
,2005,2005,South Dakota,46,35-44 years,35-44,194,102249,189.7
,2005,2005,Tennessee,47,25-34 years,25-34,1154,803720,143.6
,2005,2005,Tennessee,47,35-44 years,35-44,2352,876071,268.5
,2005,2005,Texas,48,25-34 years,25-34,3428,3297694,104.0
,2005,2005,Texas,48,35-44 years,35-44,6599,3336620,197.8
,2005,2005,Utah,49,25-34 years,25-34,374,379940,98.4
,2005,2005,Utah,49,35-44 years,35-44,522,299684,174.2
,2005,2005,Vermont,50,25-34 years,25-34,69,67389,102.4
,2005,2005,Vermont,50,35-44 years,35-44,127,91466,138.8
,2005,2005,Virginia,51,25-34 years,25-34,965,1019070,94.7
,2005,2005,Virginia,51,35-44 years,35-44,2016,1170955,172.2
,2005,2005,Washington,53,25-34 years,25-34,751,838721,89.5
,2005,2005,Washington,53,35-44 years,35-44,1404,935472,150.1
,2005,2005,West Virginia,54,25-34 years,25-34,319,222650,143.3
,2005,2005,West Virginia,54,35-44 years,35-44,686,247209,277.5
,2005,2005,Wisconsin,55,25-34 years,25-34,640,678197,94.4
,2005,2005,Wisconsin,55,35-44 years,35-44,1322,816937,161.8
,2005,2005,Wyoming,56,25-34 years,25-34,84,62644,134.1
,2005,2005,Wyoming,56,35-44 years,35-44,150,67128,223.5
,2006,2006,Alabama,01,25-34 years,25-34,1057,591061,178.8
,2006,2006,Alabama,01,35-44 years,35-44,1871,642706,291.1
,2006,2006,Alaska,02,25-34 years,25-34,128,89788,142.6
,2006,2006,Alaska,02,35-44 years,35-44,217,98682,219.9
,2006,2006,Arizona,04,25-34 years,25-34,1049,838414,125.1
,2006,2006,Arizona,04,35-44 years,35-44,1795,825809,217.4
,2006,2006,Arkansas,05,25-34 years,25-34,575,366132,157.0
,2006,2006,Arkansas,05,35-44 years,35-44,1050,381372,275.3
,2006,2006,California,06,25-34 years,25-34,4394,5169993,85.0
,2006,2006,California,06,35-44 years,35-44,8473,5408745,156.7
,2006,2006,Colorado,08,25-34 years,25-34,651,673414,96.7
,2006,2006,Colorado,08,35-44 years,35-44,1133,707037,160.2
,2006,2006,Connecticut,09,25-34 years,25-34,357,403277,88.5
,2006,2006,Connecticut,09,35-44 years,35-44,779,540940,144.0
,2006,2006,Delaware,10,25-34 years,25-34,128,107873,118.7
,2006,2006,Delaware,10,35-44 years,35-44,307,124643,246.3
,2006,2006,District of Columbia,11,25-34 years,25-34,160,105154,152.2
,2006,2006,District of Columbia,11,35-44 years,35-44,305,82716,368.7
,2006,2006,Florida,12,25-34 years,25-34,2869,2221655,129.1
,2006,2006,Florida,12,35-44 years,35-44,5613,2582966,217.3
,2006,2006,Georgia,13,25-34 years,25-34,1598,1312377,121.8
,2006,2006,Georgia,13,35-44 years,35-44,3013,1415289,212.9
,2006,2006,Hawaii,15,25-34 years,25-34,157,176055,89.2
,2006,2006,Hawaii,15,35-44 years,35-44,298,182256,163.5
,2006,2006,Idaho,16,25-34 years,25-34,172,191279,89.9
,2006,2006,Idaho,16,35-44 years,35-44,335,191988,174.5
,2006,2006,Illinois,17,25-34 years,25-34,1669,1737829,96.0
,2006,2006,Illinois,17,35-44 years,35-44,3194,1834591,174.1
,2006,2006,Indiana,18,25-34 years,25-34,977,812260,120.3
,2006,2006,Indiana,18,35-44 years,35-44,1861,893275,208.3
,2006,2006,Iowa,19,25-34 years,25-34,264,352021,75.0
,2006,2006,Iowa,19,35-44 years,35-44,621,395815,156.9
,2006,2006,Kansas,20,25-34 years,25-34,381,343137,111.0
,2006,2006,Kansas,20,35-44 years,35-44,682,370570,184.0
,2006,2006,Kentucky,21,25-34 years,25-34,889,555069,160.2
,2006,2006,Kentucky,21,35-44 years,35-44,1517,607472,249.7
,2006,2006,Louisiana,22,25-34 years,25-34,1085,560262,193.7
,2006,2006,Louisiana,22,35-44 years,35-44,1722,591780,291.0
,2006,2006,Maine,23,25-34 years,25-34,146,143767,101.6
,2006,2006,Maine,23,35-44 years,35-44,312,193925,160.9
,2006,2006,Maryland,24,25-34 years,25-34,871,725791,120.0
,2006,2006,Maryland,24,35-44 years,35-44,1801,872859,206.3
,2006,2006,Massachusetts,25,25-34 years,25-34,599,818399,73.2
,2006,2006,Massachusetts,25,35-44 years,35-44,1370,977387,140.2
,2006,2006,Michigan,26,25-34 years,25-34,1433,1219056,117.5
,2006,2006,Michigan,26,35-44 years,35-44,2853,1439699,198.2
,2006,2006,Minnesota,27,25-34 years,25-34,520,661468,78.6
,2006,2006,Minnesota,27,35-44 years,35-44,1004,751384,133.6
,2006,2006,Mississippi,28,25-34 years,25-34,737,373805,197.2
,2006,2006,Mississippi,28,35-44 years,35-44,1263,393261,321.2
,2006,2006,Missouri,29,25-34 years,25-34,963,736036,130.8
,2006,2006,Missouri,29,35-44 years,35-44,1776,811090,219.0
,2006,2006,Montana,30,25-34 years,25-34,138,107547,128.3
,2006,2006,Montana,30,35-44 years,35-44,258,121001,213.2
,2006,2006,Nebraska,31,25-34 years,25-34,174,223330,77.9
,2006,2006,Nebraska,31,35-44 years,35-44,368,234803,156.7
,2006,2006,Nevada,32,25-34 years,25-34,406,367992,110.3
,2006,2006,Nevada,32,35-44 years,35-44,840,379904,221.1
,2006,2006,New Hampshire,33,25-34 years,25-34,120,144611,83.0
,2006,2006,New Hampshire,33,35-44 years,35-44,271,204235,132.7
,2006,2006,New Jersey,34,25-34 years,25-34,1081,1091700,99.0
,2006,2006,New Jersey,34,35-44 years,35-44,2266,1354889,167.2
,2006,2006,New Mexico,35,25-34 years,25-34,407,247445,164.5
,2006,2006,New Mexico,35,35-44 years,35-44,692,259933,266.2
,2006,2006,New York,36,25-34 years,25-34,1979,2560803,77.3
,2006,2006,New York,36,35-44 years,35-44,4566,2856800,159.8
,2006,2006,North Carolina,37,25-34 years,25-34,1384,1192318,116.1
,2006,2006,North Carolina,37,35-44 years,35-44,2887,1326333,217.7
,2006,2006,North Dakota,38,25-34 years,25-34,68,75538,90.0
,2006,2006,North Dakota,38,35-44 years,35-44,121,80576,150.2
,2006,2006,Ohio,39,25-34 years,25-34,1550,1420465,109.1
,2006,2006,Ohio,39,35-44 years,35-44,3050,1617371,188.6
,2006,2006,Oklahoma,40,25-34 years,25-34,690,463304,148.9
,2006,2006,Oklahoma,40,35-44 years,35-44,1213,475326,255.2
,2006,2006,Oregon,41,25-34 years,25-34,438,488957,89.6
,2006,2006,Oregon,41,35-44 years,35-44,861,505786,170.2
,2006,2006,Pennsylvania,42,25-34 years,25-34,1765,1460972,120.8
,2006,2006,Pennsylvania,42,35-44 years,35-44,3510,1763952,199.0
,2006,2006,Rhode Island,44,25-34 years,25-34,100,128875,77.6
,2006,2006,Rhode Island,44,35-44 years,35-44,238,155795,152.8
,2006,2006,South Carolina,45,25-34 years,25-34,833,564942,147.4
,2006,2006,South Carolina,45,35-44 years,35-44,1603,614613,260.8
,2006,2006,South Dakota,46,25-34 years,25-34,103,92913,110.9
,2006,2006,South Dakota,46,35-44 years,35-44,185,100371,184.3
,2006,2006,Tennessee,47,25-34 years,25-34,1145,809202,141.5
,2006,2006,Tennessee,47,35-44 years,35-44,2339,881759,265.3
,2006,2006,Texas,48,25-34 years,25-34,3555,3361877,105.7
,2006,2006,Texas,48,35-44 years,35-44,6399,3380287,189.3
,2006,2006,Utah,49,25-34 years,25-34,419,395758,105.9
,2006,2006,Utah,49,35-44 years,35-44,537,305466,175.8
,2006,2006,Vermont,50,25-34 years,25-34,63,66702,94.4
,2006,2006,Vermont,50,35-44 years,35-44,141,89295,157.9
,2006,2006,Virginia,51,25-34 years,25-34,913,1023967,89.2
,2006,2006,Virginia,51,35-44 years,35-44,2002,1166675,171.6
,2006,2006,Washington,53,25-34 years,25-34,701,855936,81.9
,2006,2006,Washington,53,35-44 years,35-44,1409,936062,150.5
,2006,2006,West Virginia,54,25-34 years,25-34,392,221677,176.8
,2006,2006,West Virginia,54,35-44 years,35-44,673,246442,273.1
,2006,2006,Wisconsin,55,25-34 years,25-34,597,678122,88.0
,2006,2006,Wisconsin,55,35-44 years,35-44,1310,801325,163.5
,2006,2006,Wyoming,56,25-34 years,25-34,102,64854,157.3
,2006,2006,Wyoming,56,35-44 years,35-44,139,66545,208.9
,2007,2007,Alabama,01,25-34 years,25-34,956,593652,161.0
,2007,2007,Alabama,01,35-44 years,35-44,1776,638956,278.0
,2007,2007,Alaska,02,25-34 years,25-34,120,92158,130.2
,2007,2007,Alaska,02,35-44 years,35-44,221,96454,229.1
,2007,2007,Arizona,04,25-34 years,25-34,1042,851237,122.4
,2007,2007,Arizona,04,35-44 years,35-44,1672,831523,201.1
,2007,2007,Arkansas,05,25-34 years,25-34,532,368360,144.4
,2007,2007,Arkansas,05,35-44 years,35-44,1033,378802,272.7
,2007,2007,California,06,25-34 years,25-34,4295,5180534,82.9
,2007,2007,California,06,35-44 years,35-44,8053,5338861,150.8
,2007,2007,Colorado,08,25-34 years,25-34,621,684807,90.7
,2007,2007,Colorado,08,35-44 years,35-44,1157,706414,163.8
,2007,2007,Connecticut,09,25-34 years,25-34,338,402640,83.9
,2007,2007,Connecticut,09,35-44 years,35-44,717,527773,135.9
,2007,2007,Delaware,10,25-34 years,25-34,108,108223,99.8
,2007,2007,Delaware,10,35-44 years,35-44,288,123116,233.9
,2007,2007,District of Columbia,11,25-34 years,25-34,153,107876,141.8
,2007,2007,District of Columbia,11,35-44 years,35-44,253,82255,307.6
,2007,2007,Florida,12,25-34 years,25-34,2925,2237326,130.7
,2007,2007,Florida,12,35-44 years,35-44,5289,2557593,206.8
,2007,2007,Georgia,13,25-34 years,25-34,1617,1320457,122.5
,2007,2007,Georgia,13,35-44 years,35-44,2994,1426980,209.8
,2007,2007,Hawaii,15,25-34 years,25-34,138,175506,78.6
,2007,2007,Hawaii,15,35-44 years,35-44,280,180064,155.5
,2007,2007,Idaho,16,25-34 years,25-34,188,198366,94.8
,2007,2007,Idaho,16,35-44 years,35-44,305,192914,158.1
,2007,2007,Illinois,17,25-34 years,25-34,1598,1742537,91.7
,2007,2007,Illinois,17,35-44 years,35-44,3037,1809651,167.8
,2007,2007,Indiana,18,25-34 years,25-34,983,816321,120.4
,2007,2007,Indiana,18,35-44 years,35-44,1716,883042,194.3
,2007,2007,Iowa,19,25-34 years,25-34,292,360633,81.0
,2007,2007,Iowa,19,35-44 years,35-44,604,387253,156.0
,2007,2007,Kansas,20,25-34 years,25-34,342,351287,97.4
,2007,2007,Kansas,20,35-44 years,35-44,636,363340,175.0
,2007,2007,Kentucky,21,25-34 years,25-34,829,558071,148.5
,2007,2007,Kentucky,21,35-44 years,35-44,1520,602631,252.2
,2007,2007,Louisiana,22,25-34 years,25-34,1158,575856,201.1
,2007,2007,Louisiana,22,35-44 years,35-44,1730,586382,295.0
,2007,2007,Maine,23,25-34 years,25-34,153,143628,106.5
,2007,2007,Maine,23,35-44 years,35-44,268,188773,142.0
,2007,2007,Maryland,24,25-34 years,25-34,862,726252,118.7
,2007,2007,Maryland,24,35-44 years,35-44,1775,854604,207.7
,2007,2007,Massachusetts,25,25-34 years,25-34,615,814747,75.5
,2007,2007,Massachusetts,25,35-44 years,35-44,1420,954995,148.7
,2007,2007,Michigan,26,25-34 years,25-34,1363,1197913,113.8
,2007,2007,Michigan,26,35-44 years,35-44,2619,1403148,186.7
,2007,2007,Minnesota,27,25-34 years,25-34,448,678304,66.0
,2007,2007,Minnesota,27,35-44 years,35-44,920,733084,125.5
,2007,2007,Mississippi,28,25-34 years,25-34,635,377937,168.0
,2007,2007,Mississippi,28,35-44 years,35-44,1192,390145,305.5
,2007,2007,Missouri,29,25-34 years,25-34,890,745829,119.3
,2007,2007,Missouri,29,35-44 years,35-44,1644,796480,206.4
,2007,2007,Montana,30,25-34 years,25-34,134,112370,119.2
,2007,2007,Montana,30,35-44 years,35-44,229,119001,192.4
,2007,2007,Nebraska,31,25-34 years,25-34,174,228300,76.2
,2007,2007,Nebraska,31,35-44 years,35-44,393,230073,170.8
,2007,2007,Nevada,32,25-34 years,25-34,450,378966,118.7
,2007,2007,Nevada,32,35-44 years,35-44,835,386271,216.2
,2007,2007,New Hampshire,33,25-34 years,25-34,112,143573,78.0
,2007,2007,New Hampshire,33,35-44 years,35-44,280,198938,140.7
,2007,2007,New Jersey,34,25-34 years,25-34,946,1088607,86.9
,2007,2007,New Jersey,34,35-44 years,35-44,2069,1324931,156.2
,2007,2007,New Mexico,35,25-34 years,25-34,411,252740,162.6
,2007,2007,New Mexico,35,35-44 years,35-44,656,257084,255.2
,2007,2007,New York,36,25-34 years,25-34,1932,2565014,75.3
,2007,2007,New York,36,35-44 years,35-44,4333,2792430,155.2
,2007,2007,North Carolina,37,25-34 years,25-34,1455,1201650,121.1
,2007,2007,North Carolina,37,35-44 years,35-44,2775,1342822,206.7
,2007,2007,North Dakota,38,25-34 years,25-34,87,79816,109.0
,2007,2007,North Dakota,38,35-44 years,35-44,113,78645,143.7
,2007,2007,Ohio,39,25-34 years,25-34,1598,1414429,113.0
,2007,2007,Ohio,39,35-44 years,35-44,3044,1585776,192.0
,2007,2007,Oklahoma,40,25-34 years,25-34,703,474358,148.2
,2007,2007,Oklahoma,40,35-44 years,35-44,1184,471265,251.2
,2007,2007,Oregon,41,25-34 years,25-34,446,499535,89.3
,2007,2007,Oregon,41,35-44 years,35-44,833,505171,164.9
,2007,2007,Pennsylvania,42,25-34 years,25-34,1677,1464778,114.5
,2007,2007,Pennsylvania,42,35-44 years,35-44,3119,1732534,180.0
,2007,2007,Rhode Island,44,25-34 years,25-34,104,126899,82.0
,2007,2007,Rhode Island,44,35-44 years,35-44,236,150924,156.4
,2007,2007,South Carolina,45,25-34 years,25-34,820,570513,143.7
,2007,2007,South Carolina,45,35-44 years,35-44,1576,616398,255.7
,2007,2007,South Dakota,46,25-34 years,25-34,97,96924,100.1
,2007,2007,South Dakota,46,35-44 years,35-44,146,97970,149.0
,2007,2007,Tennessee,47,25-34 years,25-34,1150,815044,141.1
,2007,2007,Tennessee,47,35-44 years,35-44,2231,882048,252.9
,2007,2007,Texas,48,25-34 years,25-34,3614,3425969,105.5
,2007,2007,Texas,48,35-44 years,35-44,6332,3409906,185.7
,2007,2007,Utah,49,25-34 years,25-34,433,414291,104.5
,2007,2007,Utah,49,35-44 years,35-44,548,312280,175.5
,2007,2007,Vermont,50,25-34 years,25-34,63,66782,94.3
,2007,2007,Vermont,50,35-44 years,35-44,131,86527,151.4
,2007,2007,Virginia,51,25-34 years,25-34,1026,1032580,99.4
,2007,2007,Virginia,51,35-44 years,35-44,1939,1154325,168.0
,2007,2007,Washington,53,25-34 years,25-34,772,872237,88.5
,2007,2007,Washington,53,35-44 years,35-44,1375,931094,147.7
,2007,2007,West Virginia,54,25-34 years,25-34,420,220852,190.2
,2007,2007,West Virginia,54,35-44 years,35-44,693,244664,283.2
,2007,2007,Wisconsin,55,25-34 years,25-34,640,688329,93.0
,2007,2007,Wisconsin,55,35-44 years,35-44,1240,783369,158.3
,2007,2007,Wyoming,56,25-34 years,25-34,107,68450,156.3
,2007,2007,Wyoming,56,35-44 years,35-44,177,66551,266.0
,2008,2008,Alabama,01,25-34 years,25-34,982,598776,164.0
,2008,2008,Alabama,01,35-44 years,35-44,1680,632634,265.6
,2008,2008,Alaska,02,25-34 years,25-34,126,95378,132.1
,2008,2008,Alaska,02,35-44 years,35-44,221,94295,234.4
,2008,2008,Arizona,04,25-34 years,25-34,937,858658,109.1
,2008,2008,Arizona,04,35-44 years,35-44,1521,831711,182.9
,2008,2008,Arkansas,05,25-34 years,25-34,610,370940,164.4
,2008,2008,Arkansas,05,35-44 years,35-44,1019,374414,272.2
,2008,2008,California,06,25-34 years,25-34,4138,5227071,79.2
,2008,2008,California,06,35-44 years,35-44,7426,5278905,140.7
,2008,2008,Colorado,08,25-34 years,25-34,642,700644,91.6
,2008,2008,Colorado,08,35-44 years,35-44,1120,703610,159.2
,2008,2008,Connecticut,09,25-34 years,25-34,331,409191,80.9
,2008,2008,Connecticut,09,35-44 years,35-44,692,514364,134.5
,2008,2008,Delaware,10,25-34 years,25-34,153,109380,139.9
,2008,2008,Delaware,10,35-44 years,35-44,248,120977,205.0
,2008,2008,District of Columbia,11,25-34 years,25-34,136,112093,121.3
,2008,2008,District of Columbia,11,35-44 years,35-44,253,80806,313.1
,2008,2008,Florida,12,25-34 years,25-34,2909,2250501,129.3
,2008,2008,Florida,12,35-44 years,35-44,5166,2513608,205.5
,2008,2008,Georgia,13,25-34 years,25-34,1552,1330542,116.6
,2008,2008,Georgia,13,35-44 years,35-44,2754,1428057,192.8
,2008,2008,Hawaii,15,25-34 years,25-34,137,180269,76.0
,2008,2008,Hawaii,15,35-44 years,35-44,278,178527,155.7
,2008,2008,Idaho,16,25-34 years,25-34,181,204010,88.7
,2008,2008,Idaho,16,35-44 years,35-44,315,192756,163.4
,2008,2008,Illinois,17,25-34 years,25-34,1682,1757471,95.7
,2008,2008,Illinois,17,35-44 years,35-44,2935,1779962,164.9
,2008,2008,Indiana,18,25-34 years,25-34,991,821148,120.7
,2008,2008,Indiana,18,35-44 years,35-44,1723,869437,198.2
,2008,2008,Iowa,19,25-34 years,25-34,324,368668,87.9
,2008,2008,Iowa,19,35-44 years,35-44,624,377667,165.2
,2008,2008,Kansas,20,25-34 years,25-34,350,360888,97.0
,2008,2008,Kansas,20,35-44 years,35-44,601,356322,168.7
,2008,2008,Kentucky,21,25-34 years,25-34,789,558929,141.2
,2008,2008,Kentucky,21,35-44 years,35-44,1440,594012,242.4
,2008,2008,Louisiana,22,25-34 years,25-34,982,592767,165.7
,2008,2008,Louisiana,22,35-44 years,35-44,1575,576983,273.0
,2008,2008,Maine,23,25-34 years,25-34,142,143942,98.7
,2008,2008,Maine,23,35-44 years,35-44,301,183010,164.5
,2008,2008,Maryland,24,25-34 years,25-34,801,735642,108.9
,2008,2008,Maryland,24,35-44 years,35-44,1522,833570,182.6
,2008,2008,Massachusetts,25,25-34 years,25-34,609,823150,74.0
,2008,2008,Massachusetts,25,35-44 years,35-44,1311,931468,140.7
,2008,2008,Michigan,26,25-34 years,25-34,1344,1180544,113.8
,2008,2008,Michigan,26,35-44 years,35-44,2572,1356673,189.6
,2008,2008,Minnesota,27,25-34 years,25-34,503,693862,72.5
,2008,2008,Minnesota,27,35-44 years,35-44,910,711830,127.8
,2008,2008,Mississippi,28,25-34 years,25-34,662,381965,173.3
,2008,2008,Mississippi,28,35-44 years,35-44,1110,385537,287.9
,2008,2008,Missouri,29,25-34 years,25-34,946,754908,125.3
,2008,2008,Missouri,29,35-44 years,35-44,1611,777929,207.1
,2008,2008,Montana,30,25-34 years,25-34,171,116423,146.9
,2008,2008,Montana,30,35-44 years,35-44,241,116792,206.3
,2008,2008,Nebraska,31,25-34 years,25-34,195,233846,83.4
,2008,2008,Nebraska,31,35-44 years,35-44,369,225238,163.8
,2008,2008,Nevada,32,25-34 years,25-34,453,386492,117.2
,2008,2008,Nevada,32,35-44 years,35-44,777,388355,200.1
,2008,2008,New Hampshire,33,25-34 years,25-34,108,143691,75.2
,2008,2008,New Hampshire,33,35-44 years,35-44,267,192117,139.0
,2008,2008,New Jersey,34,25-34 years,25-34,940,1096725,85.7
,2008,2008,New Jersey,34,35-44 years,35-44,1917,1292791,148.3
,2008,2008,New Mexico,35,25-34 years,25-34,443,256437,172.8
,2008,2008,New Mexico,35,35-44 years,35-44,739,252141,293.1
,2008,2008,New York,36,25-34 years,25-34,2007,2598483,77.2
,2008,2008,New York,36,35-44 years,35-44,4068,2726256,149.2
,2008,2008,North Carolina,37,25-34 years,25-34,1435,1223875,117.3
,2008,2008,North Carolina,37,35-44 years,35-44,2596,1347032,192.7
,2008,2008,North Dakota,38,25-34 years,25-34,75,82659,90.7
,2008,2008,North Dakota,38,35-44 years,35-44,138,76669,180.0
,2008,2008,Ohio,39,25-34 years,25-34,1566,1411990,110.9
,2008,2008,Ohio,39,35-44 years,35-44,3104,1547440,200.6
,2008,2008,Oklahoma,40,25-34 years,25-34,746,484333,154.0
,2008,2008,Oklahoma,40,35-44 years,35-44,1229,464903,264.4
,2008,2008,Oregon,41,25-34 years,25-34,419,509820,82.2
,2008,2008,Oregon,41,35-44 years,35-44,853,502739,169.7
,2008,2008,Pennsylvania,42,25-34 years,25-34,1680,1480932,113.4
,2008,2008,Pennsylvania,42,35-44 years,35-44,3087,1692869,182.4
,2008,2008,Rhode Island,44,25-34 years,25-34,105,127188,82.6
,2008,2008,Rhode Island,44,35-44 years,35-44,239,145423,164.3
,2008,2008,South Carolina,45,25-34 years,25-34,779,580589,134.2
,2008,2008,South Carolina,45,35-44 years,35-44,1459,616076,236.8
,2008,2008,South Dakota,46,25-34 years,25-34,100,99505,100.5
,2008,2008,South Dakota,46,35-44 years,35-44,173,95531,181.1
,2008,2008,Tennessee,47,25-34 years,25-34,1140,816265,139.7
,2008,2008,Tennessee,47,35-44 years,35-44,2131,875451,243.4
,2008,2008,Texas,48,25-34 years,25-34,3700,3495902,105.8
,2008,2008,Texas,48,35-44 years,35-44,6305,3425430,184.1
,2008,2008,Utah,49,25-34 years,25-34,435,429369,101.3
,2008,2008,Utah,49,35-44 years,35-44,500,317481,157.5
,2008,2008,Vermont,50,25-34 years,25-34,60,67742,88.6
,2008,2008,Vermont,50,35-44 years,35-44,121,83517,144.9
,2008,2008,Virginia,51,25-34 years,25-34,937,1051186,89.1
,2008,2008,Virginia,51,35-44 years,35-44,1840,1138267,161.6
,2008,2008,Washington,53,25-34 years,25-34,736,899021,81.9
,2008,2008,Washington,53,35-44 years,35-44,1334,920387,144.9
,2008,2008,West Virginia,54,25-34 years,25-34,358,220531,162.3
,2008,2008,West Virginia,54,35-44 years,35-44,685,242737,282.2
,2008,2008,Wisconsin,55,25-34 years,25-34,617,701692,87.9
,2008,2008,Wisconsin,55,35-44 years,35-44,1123,760990,147.6
,2008,2008,Wyoming,56,25-34 years,25-34,111,71440,155.4
,2008,2008,Wyoming,56,35-44 years,35-44,147,66790,220.1
,2009,2009,Alabama,01,25-34 years,25-34,942,605551,155.6
,2009,2009,Alabama,01,35-44 years,35-44,1746,626649,278.6
,2009,2009,Alaska,02,25-34 years,25-34,138,98338,140.3
,2009,2009,Alaska,02,35-44 years,35-44,199,92685,214.7
,2009,2009,Arizona,04,25-34 years,25-34,1006,859294,117.1
,2009,2009,Arizona,04,35-44 years,35-44,1582,825788,191.6
,2009,2009,Arkansas,05,25-34 years,25-34,586,374133,156.6
,2009,2009,Arkansas,05,35-44 years,35-44,995,369150,269.5
,2009,2009,California,06,25-34 years,25-34,4188,5279559,79.3
,2009,2009,California,06,35-44 years,35-44,7437,5214338,142.6
,2009,2009,Colorado,08,25-34 years,25-34,690,715247,96.5
,2009,2009,Colorado,08,35-44 years,35-44,1151,700394,164.3
,2009,2009,Connecticut,09,25-34 years,25-34,358,415315,86.2
,2009,2009,Connecticut,09,35-44 years,35-44,697,496521,140.4
,2009,2009,Delaware,10,25-34 years,25-34,136,110691,122.9
,2009,2009,Delaware,10,35-44 years,35-44,230,117947,195.0
,2009,2009,District of Columbia,11,25-34 years,25-34,127,118225,107.4
,2009,2009,District of Columbia,11,35-44 years,35-44,216,80868,267.1
,2009,2009,Florida,12,25-34 years,25-34,2842,2268725,125.3
,2009,2009,Florida,12,35-44 years,35-44,4925,2460117,200.2
,2009,2009,Georgia,13,25-34 years,25-34,1601,1338179,119.6
,2009,2009,Georgia,13,35-44 years,35-44,2779,1411873,196.8
,2009,2009,Hawaii,15,25-34 years,25-34,155,183239,84.6
,2009,2009,Hawaii,15,35-44 years,35-44,286,176853,161.7
,2009,2009,Idaho,16,25-34 years,25-34,201,207725,96.8
,2009,2009,Idaho,16,35-44 years,35-44,334,191945,174.0
,2009,2009,Illinois,17,25-34 years,25-34,1646,1770469,93.0
,2009,2009,Illinois,17,35-44 years,35-44,2841,1746776,162.6
,2009,2009,Indiana,18,25-34 years,25-34,938,825179,113.7
,2009,2009,Indiana,18,35-44 years,35-44,1737,851373,204.0
,2009,2009,Iowa,19,25-34 years,25-34,334,377041,88.6
,2009,2009,Iowa,19,35-44 years,35-44,598,368264,162.4
,2009,2009,Kansas,20,25-34 years,25-34,420,370956,113.2
,2009,2009,Kansas,20,35-44 years,35-44,590,349360,168.9
,2009,2009,Kentucky,21,25-34 years,25-34,817,564291,144.8
,2009,2009,Kentucky,21,35-44 years,35-44,1487,583402,254.9
,2009,2009,Louisiana,22,25-34 years,25-34,951,613507,155.0
,2009,2009,Louisiana,22,35-44 years,35-44,1505,568146,264.9
,2009,2009,Maine,23,25-34 years,25-34,140,144182,97.1
,2009,2009,Maine,23,35-44 years,35-44,276,176367,156.5
,2009,2009,Maryland,24,25-34 years,25-34,822,750047,109.6
,2009,2009,Maryland,24,35-44 years,35-44,1455,808015,180.1
,2009,2009,Massachusetts,25,25-34 years,25-34,663,836527,79.3
,2009,2009,Massachusetts,25,35-44 years,35-44,1324,904913,146.3
,2009,2009,Michigan,26,25-34 years,25-34,1328,1168135,113.7
,2009,2009,Michigan,26,35-44 years,35-44,2522,1308098,192.8
,2009,2009,Minnesota,27,25-34 years,25-34,468,707472,66.2
,2009,2009,Minnesota,27,35-44 years,35-44,910,692200,131.5
,2009,2009,Mississippi,28,25-34 years,25-34,646,385569,167.5
,2009,2009,Mississippi,28,35-44 years,35-44,1099,378587,290.3
,2009,2009,Missouri,29,25-34 years,25-34,1014,767881,132.1
,2009,2009,Missouri,29,35-44 years,35-44,1565,759772,206.0
,2009,2009,Montana,30,25-34 years,25-34,158,120469,131.2
,2009,2009,Montana,30,35-44 years,35-44,250,113930,219.4
,2009,2009,Nebraska,31,25-34 years,25-34,210,240551,87.3
,2009,2009,Nebraska,31,35-44 years,35-44,320,221821,144.3
,2009,2009,Nevada,32,25-34 years,25-34,380,388477,97.8
,2009,2009,Nevada,32,35-44 years,35-44,747,386059,193.5
,2009,2009,New Hampshire,33,25-34 years,25-34,120,143585,83.6
,2009,2009,New Hampshire,33,35-44 years,35-44,245,184831,132.6
,2009,2009,New Jersey,34,25-34 years,25-34,960,1103609,87.0
,2009,2009,New Jersey,34,35-44 years,35-44,1810,1260652,143.6
,2009,2009,New Mexico,35,25-34 years,25-34,415,262060,158.4
,2009,2009,New Mexico,35,35-44 years,35-44,673,249557,269.7
,2009,2009,New York,36,25-34 years,25-34,1962,2635818,74.4
,2009,2009,New York,36,35-44 years,35-44,3870,2654219,145.8
,2009,2009,North Carolina,37,25-34 years,25-34,1386,1237192,112.0
,2009,2009,North Carolina,37,35-44 years,35-44,2581,1336480,193.1
,2009,2009,North Dakota,38,25-34 years,25-34,103,87228,118.1
,2009,2009,North Dakota,38,35-44 years,35-44,136,75449,180.3
,2009,2009,Ohio,39,25-34 years,25-34,1655,1410648,117.3
,2009,2009,Ohio,39,35-44 years,35-44,3010,1506297,199.8
,2009,2009,Oklahoma,40,25-34 years,25-34,701,498218,140.7
,2009,2009,Oklahoma,40,35-44 years,35-44,1186,461158,257.2
,2009,2009,Oregon,41,25-34 years,25-34,449,520329,86.3
,2009,2009,Oregon,41,35-44 years,35-44,805,500286,160.9
,2009,2009,Pennsylvania,42,25-34 years,25-34,1730,1498783,115.4
,2009,2009,Pennsylvania,42,35-44 years,35-44,2979,1647361,180.8
,2009,2009,Rhode Island,44,25-34 years,25-34,99,126651,78.2
,2009,2009,Rhode Island,44,35-44 years,35-44,220,140223,156.9
,2009,2009,South Carolina,45,25-34 years,25-34,777,586880,132.4
,2009,2009,South Carolina,45,35-44 years,35-44,1354,608228,222.6
,2009,2009,South Dakota,46,25-34 years,25-34,107,103198,103.7
,2009,2009,South Dakota,46,35-44 years,35-44,172,93767,183.4
,2009,2009,Tennessee,47,25-34 years,25-34,1154,821861,140.4
,2009,2009,Tennessee,47,35-44 years,35-44,2076,862870,240.6
,2009,2009,Texas,48,25-34 years,25-34,3749,3566069,105.1
,2009,2009,Texas,48,35-44 years,35-44,6025,3441890,175.0
,2009,2009,Utah,49,25-34 years,25-34,440,440646,99.9
,2009,2009,Utah,49,35-44 years,35-44,549,325022,168.9
,2009,2009,Vermont,50,25-34 years,25-34,51,68872,74.1
,2009,2009,Vermont,50,35-44 years,35-44,107,80278,133.3
,2009,2009,Virginia,51,25-34 years,25-34,901,1072354,84.0
,2009,2009,Virginia,51,35-44 years,35-44,1781,1119284,159.1
,2009,2009,Washington,53,25-34 years,25-34,751,923298,81.3
,2009,2009,Washington,53,35-44 years,35-44,1328,912444,145.5
,2009,2009,West Virginia,54,25-34 years,25-34,393,221136,177.7
,2009,2009,West Virginia,54,35-44 years,35-44,679,239124,284.0
,2009,2009,Wisconsin,55,25-34 years,25-34,585,713719,82.0
,2009,2009,Wisconsin,55,35-44 years,35-44,1131,739085,153.0
,2009,2009,Wyoming,56,25-34 years,25-34,109,76214,143.0
,2009,2009,Wyoming,56,35-44 years,35-44,145,67095,216.1
,2010,2010,Alabama,01,25-34 years,25-34,1005,608922,165.0
,2010,2010,Alabama,01,35-44 years,35-44,1625,619501,262.3
,2010,2010,Alaska,02,25-34 years,25-34,130,103125,126.1
,2010,2010,Alaska,02,35-44 years,35-44,196,92974,210.8
,2010,2010,Arizona,04,25-34 years,25-34,1016,856693,118.6
,2010,2010,Arizona,04,35-44 years,35-44,1427,822494,173.5
,2010,2010,Arkansas,05,25-34 years,25-34,578,375892,153.8
,2010,2010,Arkansas,05,35-44 years,35-44,904,366208,246.9
,2010,2010,California,06,25-34 years,25-34,3908,5317877,73.5
,2010,2010,California,06,35-44 years,35-44,6751,5182710,130.3
,2010,2010,Colorado,08,25-34 years,25-34,661,726278,91.0
,2010,2010,Colorado,08,35-44 years,35-44,1028,699644,146.9
,2010,2010,Connecticut,09,25-34 years,25-34,351,420377,83.5
,2010,2010,Connecticut,09,35-44 years,35-44,689,484438,142.2
,2010,2010,Delaware,10,25-34 years,25-34,129,111417,115.8
,2010,2010,Delaware,10,35-44 years,35-44,237,116087,204.2
,2010,2010,District of Columbia,11,25-34 years,25-34,114,124745,91.4
,2010,2010,District of Columbia,11,35-44 years,35-44,174,80659,215.7
,2010,2010,Florida,12,25-34 years,25-34,2835,2289545,123.8
,2010,2010,Florida,12,35-44 years,35-44,4494,2431254,184.8
,2010,2010,Georgia,13,25-34 years,25-34,1486,1335560,111.3
,2010,2010,Georgia,13,35-44 years,35-44,2618,1397540,187.3
,2010,2010,Hawaii,15,25-34 years,25-34,143,185333,77.2
,2010,2010,Hawaii,15,35-44 years,35-44,287,176373,162.7
,2010,2010,Idaho,16,25-34 years,25-34,214,208965,102.4
,2010,2010,Idaho,16,35-44 years,35-44,320,191609,167.0
,2010,2010,Illinois,17,25-34 years,25-34,1709,1775957,96.2
,2010,2010,Illinois,17,35-44 years,35-44,2586,1725890,149.8
,2010,2010,Indiana,18,25-34 years,25-34,965,827345,116.6
,2010,2010,Indiana,18,35-44 years,35-44,1525,840830,181.4
,2010,2010,Iowa,19,25-34 years,25-34,319,382583,83.4
,2010,2010,Iowa,19,35-44 years,35-44,563,364548,154.4
,2010,2010,Kansas,20,25-34 years,25-34,414,377720,109.6
,2010,2010,Kansas,20,35-44 years,35-44,571,346673,164.7
,2010,2010,Kentucky,21,25-34 years,25-34,874,566216,154.4
,2010,2010,Kentucky,21,35-44 years,35-44,1418,576662,245.9
,2010,2010,Louisiana,22,25-34 years,25-34,1009,628433,160.6
,2010,2010,Louisiana,22,35-44 years,35-44,1482,564599,262.5
,2010,2010,Maine,23,25-34 years,25-34,132,144624,91.3
,2010,2010,Maine,23,35-44 years,35-44,255,171376,148.8
,2010,2010,Maryland,24,25-34 years,25-34,795,762042,104.3
,2010,2010,Maryland,24,35-44 years,35-44,1279,795572,160.8
,2010,2010,Massachusetts,25,25-34 years,25-34,663,845141,78.4
,2010,2010,Massachusetts,25,35-44 years,35-44,1170,887149,131.9
,2010,2010,Michigan,26,25-34 years,25-34,1384,1164149,118.9
,2010,2010,Michigan,26,35-44 years,35-44,2452,1277974,191.9
,2010,2010,Minnesota,27,25-34 years,25-34,517,715586,72.2
,2010,2010,Minnesota,27,35-44 years,35-44,821,681094,120.5
,2010,2010,Mississippi,28,25-34 years,25-34,654,387253,168.9
,2010,2010,Mississippi,28,35-44 years,35-44,1030,374947,274.7
,2010,2010,Missouri,29,25-34 years,25-34,1001,775467,129.1
,2010,2010,Missouri,29,35-44 years,35-44,1556,748616,207.9
,2010,2010,Montana,30,25-34 years,25-34,161,122864,131.0
,2010,2010,Montana,30,35-44 years,35-44,229,112945,202.8
,2010,2010,Nebraska,31,25-34 years,25-34,177,245176,72.2
,2010,2010,Nebraska,31,35-44 years,35-44,294,220838,133.1
,2010,2010,Nevada,32,25-34 years,25-34,395,387286,102.0
,2010,2010,Nevada,32,35-44 years,35-44,716,383043,186.9
,2010,2010,New Hampshire,33,25-34 years,25-34,161,144472,111.4
,2010,2010,New Hampshire,33,35-44 years,35-44,232,179178,129.5
,2010,2010,New Jersey,34,25-34 years,25-34,936,1109801,84.3
,2010,2010,New Jersey,34,35-44 years,35-44,1698,1238297,137.1
,2010,2010,New Mexico,35,25-34 years,25-34,411,267245,153.8
,2010,2010,New Mexico,35,35-44 years,35-44,612,248523,246.3
,2010,2010,New York,36,25-34 years,25-34,1963,2659337,73.8
,2010,2010,New York,36,35-44 years,35-44,3573,2610017,136.9
,2010,2010,North Carolina,37,25-34 years,25-34,1381,1246593,110.8
,2010,2010,North Carolina,37,35-44 years,35-44,2411,1327151,181.7
,2010,2010,North Dakota,38,25-34 years,25-34,82,90485,90.6
,2010,2010,North Dakota,38,35-44 years,35-44,133,75262,176.7
,2010,2010,Ohio,39,25-34 years,25-34,1622,1409959,115.0
,2010,2010,Ohio,39,35-44 years,35-44,2808,1479831,189.8
,2010,2010,Oklahoma,40,25-34 years,25-34,754,506755,148.8
,2010,2010,Oklahoma,40,35-44 years,35-44,1149,460937,249.3
,2010,2010,Oregon,41,25-34 years,25-34,409,524144,78.0
,2010,2010,Oregon,41,35-44 years,35-44,756,499525,151.3
,2010,2010,Pennsylvania,42,25-34 years,25-34,1653,1511119,109.4
,2010,2010,Pennsylvania,42,35-44 years,35-44,2825,1615669,174.9
,2010,2010,Rhode Island,44,25-34 years,25-34,111,126962,87.4
,2010,2010,Rhode Island,44,35-44 years,35-44,212,136860,154.9
,2010,2010,South Carolina,45,25-34 years,25-34,799,592056,135.0
,2010,2010,South Carolina,45,35-44 years,35-44,1381,601292,229.7
,2010,2010,South Dakota,46,25-34 years,25-34,121,105429,114.8
,2010,2010,South Dakota,46,35-44 years,35-44,162,93112,174.0
,2010,2010,Tennessee,47,25-34 years,25-34,1197,823997,145.3
,2010,2010,Tennessee,47,35-44 years,35-44,2062,854130,241.4
,2010,2010,Texas,48,25-34 years,25-34,3583,3613473,99.2
,2010,2010,Texas,48,35-44 years,35-44,5782,3458382,167.2
,2010,2010,Utah,49,25-34 years,25-34,469,445687,105.2
,2010,2010,Utah,49,35-44 years,35-44,562,332475,169.0
,2010,2010,Vermont,50,25-34 years,25-34,60,69622,86.2
,2010,2010,Vermont,50,35-44 years,35-44,98,78359,125.1
,2010,2010,Virginia,51,25-34 years,25-34,948,1090419,86.9
,2010,2010,Virginia,51,35-44 years,35-44,1727,1108928,155.7
,2010,2010,Washington,53,25-34 years,25-34,752,933781,80.5
,2010,2010,Washington,53,35-44 years,35-44,1294,908305,142.5
,2010,2010,West Virginia,54,25-34 years,25-34,369,220698,167.2
,2010,2010,West Virginia,54,35-44 years,35-44,660,237494,277.9
,2010,2010,Wisconsin,55,25-34 years,25-34,634,721694,87.8
,2010,2010,Wisconsin,55,35-44 years,35-44,1068,725666,147.2
,2010,2010,Wyoming,56,25-34 years,25-34,105,77649,135.2
,2010,2010,Wyoming,56,35-44 years,35-44,131,66966,195.6
,2011,2011,Alabama,01,25-34 years,25-34,1037,614507,168.8
,2011,2011,Alabama,01,35-44 years,35-44,1579,608252,259.6
,2011,2011,Alaska,02,25-34 years,25-34,146,106879,136.6
,2011,2011,Alaska,02,35-44 years,35-44,201,91953,218.6
,2011,2011,Arizona,04,25-34 years,25-34,976,870723,112.1
,2011,2011,Arizona,04,35-44 years,35-44,1502,821696,182.8
,2011,2011,Arkansas,05,25-34 years,25-34,604,381792,158.2
,2011,2011,Arkansas,05,35-44 years,35-44,888,363873,244.0
,2011,2011,California,06,25-34 years,25-34,4168,5412367,77.0
,2011,2011,California,06,35-44 years,35-44,6774,5163971,131.2
,2011,2011,Colorado,08,25-34 years,25-34,717,746007,96.1
,2011,2011,Colorado,08,35-44 years,35-44,1087,701115,155.0
,2011,2011,Connecticut,09,25-34 years,25-34,363,427931,84.8
,2011,2011,Connecticut,09,35-44 years,35-44,618,468809,131.8
,2011,2011,Delaware,10,25-34 years,25-34,137,114307,119.9
,2011,2011,Delaware,10,35-44 years,35-44,220,113498,193.8
,2011,2011,District of Columbia,11,25-34 years,25-34,115,133242,86.3
,2011,2011,District of Columbia,11,35-44 years,35-44,157,82444,190.4
,2011,2011,Florida,12,25-34 years,25-34,2755,2343680,117.6
,2011,2011,Florida,12,35-44 years,35-44,4329,2404541,180.0
,2011,2011,Georgia,13,25-34 years,25-34,1517,1358528,111.7
,2011,2011,Georgia,13,35-44 years,35-44,2548,1383053,184.2
,2011,2011,Hawaii,15,25-34 years,25-34,147,192417,76.4
,2011,2011,Hawaii,15,35-44 years,35-44,268,174037,154.0
,2011,2011,Idaho,16,25-34 years,25-34,168,210502,79.8
,2011,2011,Idaho,16,35-44 years,35-44,321,191879,167.3
,2011,2011,Illinois,17,25-34 years,25-34,1677,1788198,93.8
,2011,2011,Illinois,17,35-44 years,35-44,2643,1703981,155.1
,2011,2011,Indiana,18,25-34 years,25-34,1022,834966,122.4
,2011,2011,Indiana,18,35-44 years,35-44,1684,830262,202.8
,2011,2011,Iowa,19,25-34 years,25-34,312,388238,80.4
,2011,2011,Iowa,19,35-44 years,35-44,571,360215,158.5
,2011,2011,Kansas,20,25-34 years,25-34,410,383112,107.0
,2011,2011,Kansas,20,35-44 years,35-44,613,343294,178.6
,2011,2011,Kentucky,21,25-34 years,25-34,887,569158,155.8
,2011,2011,Kentucky,21,35-44 years,35-44,1471,570028,258.1
,2011,2011,Louisiana,22,25-34 years,25-34,973,642228,151.5
,2011,2011,Louisiana,22,35-44 years,35-44,1385,559499,247.5
,2011,2011,Maine,23,25-34 years,25-34,142,146454,97.0
,2011,2011,Maine,23,35-44 years,35-44,295,165649,178.1
,2011,2011,Maryland,24,25-34 years,25-34,832,782984,106.3
,2011,2011,Maryland,24,35-44 years,35-44,1230,780253,157.6
,2011,2011,Massachusetts,25,25-34 years,25-34,705,868056,81.2
,2011,2011,Massachusetts,25,35-44 years,35-44,1183,865534,136.7
,2011,2011,Michigan,26,25-34 years,25-34,1393,1169778,119.1
,2011,2011,Michigan,26,35-44 years,35-44,2445,1242195,196.8
,2011,2011,Minnesota,27,25-34 years,25-34,522,729772,71.5
,2011,2011,Minnesota,27,35-44 years,35-44,809,670486,120.7
,2011,2011,Mississippi,28,25-34 years,25-34,660,389607,169.4
,2011,2011,Mississippi,28,35-44 years,35-44,1073,369936,290.1
,2011,2011,Missouri,29,25-34 years,25-34,1045,787716,132.7
,2011,2011,Missouri,29,35-44 years,35-44,1511,735499,205.4
,2011,2011,Montana,30,25-34 years,25-34,162,124880,129.7
,2011,2011,Montana,30,35-44 years,35-44,234,112121,208.7
,2011,2011,Nebraska,31,25-34 years,25-34,196,249493,78.6
,2011,2011,Nebraska,31,35-44 years,35-44,357,219833,162.4
,2011,2011,Nevada,32,25-34 years,25-34,422,389439,108.4
,2011,2011,Nevada,32,35-44 years,35-44,725,378299,191.6
,2011,2011,New Hampshire,33,25-34 years,25-34,125,147018,85.0
,2011,2011,New Hampshire,33,35-44 years,35-44,229,172475,132.8
,2011,2011,New Jersey,34,25-34 years,25-34,1053,1123344,93.7
,2011,2011,New Jersey,34,35-44 years,35-44,1662,1211530,137.2
,2011,2011,New Mexico,35,25-34 years,25-34,438,273984,159.9
,2011,2011,New Mexico,35,35-44 years,35-44,639,246754,259.0
,2011,2011,New York,36,25-34 years,25-34,2147,2714267,79.1
,2011,2011,New York,36,35-44 years,35-44,3523,2560765,137.6
,2011,2011,North Carolina,37,25-34 years,25-34,1411,1262635,111.8
,2011,2011,North Carolina,37,35-44 years,35-44,2304,1316460,175.0
,2011,2011,North Dakota,38,25-34 years,25-34,91,94343,96.5
,2011,2011,North Dakota,38,35-44 years,35-44,126,75270,167.4
,2011,2011,Ohio,39,25-34 years,25-34,1708,1425846,119.8
,2011,2011,Ohio,39,35-44 years,35-44,2865,1447885,197.9
,2011,2011,Oklahoma,40,25-34 years,25-34,760,515703,147.4
,2011,2011,Oklahoma,40,35-44 years,35-44,1130,459654,245.8
,2011,2011,Oregon,41,25-34 years,25-34,463,530505,87.3
,2011,2011,Oregon,41,35-44 years,35-44,805,500775,160.8
,2011,2011,Pennsylvania,42,25-34 years,25-34,1949,1547015,126.0
,2011,2011,Pennsylvania,42,35-44 years,35-44,2870,1576123,182.1
,2011,2011,Rhode Island,44,25-34 years,25-34,118,128813,91.6
,2011,2011,Rhode Island,44,35-44 years,35-44,202,132072,152.9
,2011,2011,South Carolina,45,25-34 years,25-34,822,601481,136.7
,2011,2011,South Carolina,45,35-44 years,35-44,1364,593290,229.9
,2011,2011,South Dakota,46,25-34 years,25-34,116,108236,107.2
,2011,2011,South Dakota,46,35-44 years,35-44,164,92899,176.5
,2011,2011,Tennessee,47,25-34 years,25-34,1181,835370,141.4
,2011,2011,Tennessee,47,35-44 years,35-44,2058,843941,243.9
,2011,2011,Texas,48,25-34 years,25-34,3667,3694865,99.2
,2011,2011,Texas,48,35-44 years,35-44,5722,3492402,163.8
,2011,2011,Utah,49,25-34 years,25-34,438,446606,98.1
,2011,2011,Utah,49,35-44 years,35-44,535,343550,155.7
,2011,2011,Vermont,50,25-34 years,25-34,65,70533,92.2
,2011,2011,Vermont,50,35-44 years,35-44,130,75855,171.4
,2011,2011,Virginia,51,25-34 years,25-34,1000,1119591,89.3
,2011,2011,Virginia,51,35-44 years,35-44,1637,1093634,149.7
,2011,2011,Washington,53,25-34 years,25-34,775,962195,80.5
,2011,2011,Washington,53,35-44 years,35-44,1285,906719,141.7
,2011,2011,West Virginia,54,25-34 years,25-34,429,220823,194.3
,2011,2011,West Virginia,54,35-44 years,35-44,748,234090,319.5
,2011,2011,Wisconsin,55,25-34 years,25-34,681,731368,93.1
,2011,2011,Wisconsin,55,35-44 years,35-44,1029,708933,145.1
,2011,2011,Wyoming,56,25-34 years,25-34,101,78996,127.9
,2011,2011,Wyoming,56,35-44 years,35-44,145,66673,217.5
,2012,2012,Alabama,01,25-34 years,25-34,1026,617757,166.1
,2012,2012,Alabama,01,35-44 years,35-44,1691,606667,278.7
,2012,2012,Alaska,02,25-34 years,25-34,184,111110,165.6
,2012,2012,Alaska,02,35-44 years,35-44,182,91993,197.8
,2012,2012,Arizona,04,25-34 years,25-34,1078,877831,122.8
,2012,2012,Arizona,04,35-44 years,35-44,1491,826174,180.5
,2012,2012,Arkansas,05,25-34 years,25-34,591,384233,153.8
,2012,2012,Arkansas,05,35-44 years,35-44,910,363648,250.2
,2012,2012,California,06,25-34 years,25-34,4270,5482640,77.9
,2012,2012,California,06,35-44 years,35-44,6630,5161434,128.5
,2012,2012,Colorado,08,25-34 years,25-34,781,761670,102.5
,2012,2012,Colorado,08,35-44 years,35-44,1092,707346,154.4
,2012,2012,Connecticut,09,25-34 years,25-34,387,434550,89.1
,2012,2012,Connecticut,09,35-44 years,35-44,622,458449,135.7
,2012,2012,Delaware,10,25-34 years,25-34,169,116298,145.3
,2012,2012,Delaware,10,35-44 years,35-44,219,111481,196.4
,2012,2012,District of Columbia,11,25-34 years,25-34,96,139922,68.6
,2012,2012,District of Columbia,11,35-44 years,35-44,165,85312,193.4
,2012,2012,Florida,12,25-34 years,25-34,2688,2401234,111.9
,2012,2012,Florida,12,35-44 years,35-44,4275,2403067,177.9
,2012,2012,Georgia,13,25-34 years,25-34,1549,1366607,113.3
,2012,2012,Georgia,13,35-44 years,35-44,2456,1378173,178.2
,2012,2012,Hawaii,15,25-34 years,25-34,164,199305,82.3
,2012,2012,Hawaii,15,35-44 years,35-44,296,174744,169.4
,2012,2012,Idaho,16,25-34 years,25-34,173,210527,82.2
,2012,2012,Idaho,16,35-44 years,35-44,309,193924,159.3
,2012,2012,Illinois,17,25-34 years,25-34,1709,1786326,95.7
,2012,2012,Illinois,17,35-44 years,35-44,2542,1693816,150.1
,2012,2012,Indiana,18,25-34 years,25-34,1095,836003,131.0
,2012,2012,Indiana,18,35-44 years,35-44,1601,825294,194.0
,2012,2012,Iowa,19,25-34 years,25-34,341,390200,87.4
,2012,2012,Iowa,19,35-44 years,35-44,568,359269,158.1
,2012,2012,Kansas,20,25-34 years,25-34,407,387451,105.0
,2012,2012,Kansas,20,35-44 years,35-44,615,343038,179.3
,2012,2012,Kentucky,21,25-34 years,25-34,891,567662,157.0
,2012,2012,Kentucky,21,35-44 years,35-44,1484,566136,262.1
,2012,2012,Louisiana,22,25-34 years,25-34,987,652957,151.2
,2012,2012,Louisiana,22,35-44 years,35-44,1436,559506,256.7
,2012,2012,Maine,23,25-34 years,25-34,171,148099,115.5
,2012,2012,Maine,23,35-44 years,35-44,248,161566,153.5
,2012,2012,Maryland,24,25-34 years,25-34,848,802102,105.7
,2012,2012,Maryland,24,35-44 years,35-44,1249,775155,161.1
,2012,2012,Massachusetts,25,25-34 years,25-34,707,891511,79.3
,2012,2012,Massachusetts,25,35-44 years,35-44,1176,854097,137.7
,2012,2012,Michigan,26,25-34 years,25-34,1480,1178030,125.6
,2012,2012,Michigan,26,35-44 years,35-44,2289,1221551,187.4
,2012,2012,Minnesota,27,25-34 years,25-34,518,737095,70.3
,2012,2012,Minnesota,27,35-44 years,35-44,855,667219,128.1
,2012,2012,Mississippi,28,25-34 years,25-34,622,388609,160.1
,2012,2012,Mississippi,28,35-44 years,35-44,1071,369947,289.5
,2012,2012,Missouri,29,25-34 years,25-34,1020,791739,128.8
,2012,2012,Missouri,29,35-44 years,35-44,1518,730782,207.7
,2012,2012,Montana,30,25-34 years,25-34,182,126267,144.1
,2012,2012,Montana,30,35-44 years,35-44,240,112927,212.5
,2012,2012,Nebraska,31,25-34 years,25-34,212,252013,84.1
,2012,2012,Nebraska,31,35-44 years,35-44,313,220649,141.9
,2012,2012,Nevada,32,25-34 years,25-34,396,392136,101.0
,2012,2012,Nevada,32,35-44 years,35-44,697,379588,183.6
,2012,2012,New Hampshire,33,25-34 years,25-34,142,149324,95.1
,2012,2012,New Hampshire,33,35-44 years,35-44,219,167335,130.9
,2012,2012,New Jersey,34,25-34 years,25-34,1041,1134101,91.8
,2012,2012,New Jersey,34,35-44 years,35-44,1648,1198542,137.5
,2012,2012,New Mexico,35,25-34 years,25-34,470,277270,169.5
,2012,2012,New Mexico,35,35-44 years,35-44,635,245215,259.0
,2012,2012,New York,36,25-34 years,25-34,2121,2757086,76.9
,2012,2012,New York,36,35-44 years,35-44,3360,2539594,132.3
,2012,2012,North Carolina,37,25-34 years,25-34,1398,1267434,110.3
,2012,2012,North Carolina,37,35-44 years,35-44,2417,1312404,184.2
,2012,2012,North Dakota,38,25-34 years,25-34,111,98947,112.2
,2012,2012,North Dakota,38,35-44 years,35-44,160,76915,208.0
,2012,2012,Ohio,39,25-34 years,25-34,1775,1434514,123.7
,2012,2012,Ohio,39,35-44 years,35-44,2879,1428101,201.6
,2012,2012,Oklahoma,40,25-34 years,25-34,807,520896,154.9
,2012,2012,Oklahoma,40,35-44 years,35-44,1168,462737,252.4
,2012,2012,Oregon,41,25-34 years,25-34,481,533081,90.2
,2012,2012,Oregon,41,35-44 years,35-44,750,505748,148.3
,2012,2012,Pennsylvania,42,25-34 years,25-34,1941,1576531,123.1
,2012,2012,Pennsylvania,42,35-44 years,35-44,2803,1549892,180.9
,2012,2012,Rhode Island,44,25-34 years,25-34,118,131184,89.9
,2012,2012,Rhode Island,44,35-44 years,35-44,195,128947,151.2
,2012,2012,South Carolina,45,25-34 years,25-34,803,607408,132.2
,2012,2012,South Carolina,45,35-44 years,35-44,1301,592894,219.4
,2012,2012,South Dakota,46,25-34 years,25-34,125,110272,113.4
,2012,2012,South Dakota,46,35-44 years,35-44,169,93896,180.0
,2012,2012,Tennessee,47,25-34 years,25-34,1152,844066,136.5
,2012,2012,Tennessee,47,35-44 years,35-44,2010,841915,238.7
,2012,2012,Texas,48,25-34 years,25-34,3765,3764291,100.0
,2012,2012,Texas,48,35-44 years,35-44,5723,3535724,161.9
,2012,2012,Utah,49,25-34 years,25-34,467,445048,104.9
,2012,2012,Utah,49,35-44 years,35-44,588,356699,164.8
,2012,2012,Vermont,50,25-34 years,25-34,69,71061,97.1
,2012,2012,Vermont,50,35-44 years,35-44,96,74138,129.5
,2012,2012,Virginia,51,25-34 years,25-34,986,1143271,86.2
,2012,2012,Virginia,51,35-44 years,35-44,1675,1092060,153.4
,2012,2012,Washington,53,25-34 years,25-34,813,975860,83.3
,2012,2012,Washington,53,35-44 years,35-44,1220,911009,133.9
,2012,2012,West Virginia,54,25-34 years,25-34,443,220220,201.2
,2012,2012,West Virginia,54,35-44 years,35-44,695,232341,299.1
,2012,2012,Wisconsin,55,25-34 years,25-34,701,734473,95.4
,2012,2012,Wisconsin,55,35-44 years,35-44,1070,699094,153.1
,2012,2012,Wyoming,56,25-34 years,25-34,120,81099,148.0
,2012,2012,Wyoming,56,35-44 years,35-44,141,68268,206.5
,2013,2013,Alabama,01,25-34 years,25-34,1041,620984,167.6
,2013,2013,Alabama,01,35-44 years,35-44,1621,607139,267.0
,2013,2013,Alaska,02,25-34 years,25-34,168,114828,146.3
,2013,2013,Alaska,02,35-44 years,35-44,192,90454,212.3
,2013,2013,Arizona,04,25-34 years,25-34,1100,881828,124.7
,2013,2013,Arizona,04,35-44 years,35-44,1605,829775,193.4
,2013,2013,Arkansas,05,25-34 years,25-34,594,384032,154.7
,2013,2013,Arkansas,05,35-44 years,35-44,918,364666,251.7
,2013,2013,California,06,25-34 years,25-34,4360,5591286,78.0
,2013,2013,California,06,35-44 years,35-44,6750,5149410,131.1
,2013,2013,Colorado,08,25-34 years,25-34,754,779686,96.7
,2013,2013,Colorado,08,35-44 years,35-44,1042,714791,145.8
,2013,2013,Connecticut,09,25-34 years,25-34,436,439593,99.2
,2013,2013,Connecticut,09,35-44 years,35-44,608,447598,135.8
,2013,2013,Delaware,10,25-34 years,25-34,148,120019,123.3
,2013,2013,Delaware,10,35-44 years,35-44,211,110729,190.6
,2013,2013,District of Columbia,11,25-34 years,25-34,94,145884,64.4
,2013,2013,District of Columbia,11,35-44 years,35-44,149,89884,165.8
,2013,2013,Florida,12,25-34 years,25-34,2660,2456199,108.3
,2013,2013,Florida,12,35-44 years,35-44,4207,2401477,175.2
,2013,2013,Georgia,13,25-34 years,25-34,1554,1365240,113.8
,2013,2013,Georgia,13,35-44 years,35-44,2561,1372415,186.6
,2013,2013,Hawaii,15,25-34 years,25-34,152,205722,73.9
,2013,2013,Hawaii,15,35-44 years,35-44,255,174755,145.9
,2013,2013,Idaho,16,25-34 years,25-34,218,212296,102.7
,2013,2013,Idaho,16,35-44 years,35-44,321,196801,163.1
,2013,2013,Illinois,17,25-34 years,25-34,1718,1784842,96.3
,2013,2013,Illinois,17,35-44 years,35-44,2471,1685410,146.6
,2013,2013,Indiana,18,25-34 years,25-34,1138,842583,135.1
,2013,2013,Indiana,18,35-44 years,35-44,1623,826456,196.4
,2013,2013,Iowa,19,25-34 years,25-34,335,390593,85.8
,2013,2013,Iowa,19,35-44 years,35-44,568,361649,157.1
,2013,2013,Kansas,20,25-34 years,25-34,405,387397,104.5
,2013,2013,Kansas,20,35-44 years,35-44,578,343815,168.1
,2013,2013,Kentucky,21,25-34 years,25-34,857,564035,151.9
,2013,2013,Kentucky,21,35-44 years,35-44,1393,564798,246.6
,2013,2013,Louisiana,22,25-34 years,25-34,1072,662144,161.9
,2013,2013,Louisiana,22,35-44 years,35-44,1481,562555,263.3
,2013,2013,Maine,23,25-34 years,25-34,153,150570,101.6
,2013,2013,Maine,23,35-44 years,35-44,278,158124,175.8
,2013,2013,Maryland,24,25-34 years,25-34,921,817751,112.6
,2013,2013,Maryland,24,35-44 years,35-44,1212,770000,157.4
,2013,2013,Massachusetts,25,25-34 years,25-34,781,912797,85.6
,2013,2013,Massachusetts,25,35-44 years,35-44,1209,842825,143.4
,2013,2013,Michigan,26,25-34 years,25-34,1457,1186081,122.8
,2013,2013,Michigan,26,35-44 years,35-44,2353,1202521,195.7
,2013,2013,Minnesota,27,25-34 years,25-34,602,742560,81.1
,2013,2013,Minnesota,27,35-44 years,35-44,864,668291,129.3
,2013,2013,Mississippi,28,25-34 years,25-34,629,390084,161.2
,2013,2013,Mississippi,28,35-44 years,35-44,1047,369996,283.0
,2013,2013,Missouri,29,25-34 years,25-34,993,796990,124.6
,2013,2013,Missouri,29,35-44 years,35-44,1560,731076,213.4
,2013,2013,Montana,30,25-34 years,25-34,188,127391,147.6
,2013,2013,Montana,30,35-44 years,35-44,253,114744,220.5
,2013,2013,Nebraska,31,25-34 years,25-34,203,253050,80.2
,2013,2013,Nebraska,31,35-44 years,35-44,339,223477,151.7
,2013,2013,Nevada,32,25-34 years,25-34,467,397182,117.6
,2013,2013,Nevada,32,35-44 years,35-44,681,379312,179.5
,2013,2013,New Hampshire,33,25-34 years,25-34,159,151566,104.9
,2013,2013,New Hampshire,33,35-44 years,35-44,195,162156,120.3
,2013,2013,New Jersey,34,25-34 years,25-34,1155,1140291,101.3
,2013,2013,New Jersey,34,35-44 years,35-44,1675,1181223,141.8
,2013,2013,New Mexico,35,25-34 years,25-34,445,278232,159.9
,2013,2013,New Mexico,35,35-44 years,35-44,623,244134,255.2
,2013,2013,New York,36,25-34 years,25-34,2197,2803717,78.4
,2013,2013,New York,36,35-44 years,35-44,3374,2519967,133.9
,2013,2013,North Carolina,37,25-34 years,25-34,1428,1274545,112.0
,2013,2013,North Carolina,37,35-44 years,35-44,2410,1308964,184.1
,2013,2013,North Dakota,38,25-34 years,25-34,109,103916,104.9
,2013,2013,North Dakota,38,35-44 years,35-44,164,79835,205.4
,2013,2013,Ohio,39,25-34 years,25-34,1835,1452141,126.4
,2013,2013,Ohio,39,35-44 years,35-44,2898,1416905,204.5
,2013,2013,Oklahoma,40,25-34 years,25-34,754,527072,143.1
,2013,2013,Oklahoma,40,35-44 years,35-44,1231,467793,263.2
,2013,2013,Oregon,41,25-34 years,25-34,468,535780,87.3
,2013,2013,Oregon,41,35-44 years,35-44,750,511750,146.6
,2013,2013,Pennsylvania,42,25-34 years,25-34,1914,1611833,118.7
,2013,2013,Pennsylvania,42,35-44 years,35-44,2836,1529401,185.4
,2013,2013,Rhode Island,44,25-34 years,25-34,122,135303,90.2
,2013,2013,Rhode Island,44,35-44 years,35-44,194,126471,153.4
,2013,2013,South Carolina,45,25-34 years,25-34,775,614216,126.2
,2013,2013,South Carolina,45,35-44 years,35-44,1370,594770,230.3
,2013,2013,South Dakota,46,25-34 years,25-34,105,111514,94.2
,2013,2013,South Dakota,46,35-44 years,35-44,187,94707,197.5
,2013,2013,Tennessee,47,25-34 years,25-34,1132,846372,133.7
,2013,2013,Tennessee,47,35-44 years,35-44,2033,841476,241.6
,2013,2013,Texas,48,25-34 years,25-34,3889,3831647,101.5
,2013,2013,Texas,48,35-44 years,35-44,5892,3574508,164.8
,2013,2013,Utah,49,25-34 years,25-34,511,440736,115.9
,2013,2013,Utah,49,35-44 years,35-44,567,372699,152.1
,2013,2013,Vermont,50,25-34 years,25-34,60,71906,83.4
,2013,2013,Vermont,50,35-44 years,35-44,125,72987,171.3
,2013,2013,Virginia,51,25-34 years,25-34,1076,1160793,92.7
,2013,2013,Virginia,51,35-44 years,35-44,1584,1089286,145.4
,2013,2013,Washington,53,25-34 years,25-34,839,995914,84.2
,2013,2013,Washington,53,35-44 years,35-44,1240,913483,135.7
,2013,2013,West Virginia,54,25-34 years,25-34,425,219405,193.7
,2013,2013,West Virginia,54,35-44 years,35-44,664,231626,286.7
,2013,2013,Wisconsin,55,25-34 years,25-34,749,732214,102.3
,2013,2013,Wisconsin,55,35-44 years,35-44,1082,694378,155.8
,2013,2013,Wyoming,56,25-34 years,25-34,118,81827,144.2
,2013,2013,Wyoming,56,35-44 years,35-44,129,69228,186.3
,2014,2014,Alabama,01,25-34 years,25-34,1006,626387,160.6
,2014,2014,Alabama,01,35-44 years,35-44,1733,605590,286.2
,2014,2014,Alaska,02,25-34 years,25-34,165,118396,139.4
,2014,2014,Alaska,02,35-44 years,35-44,186,89980,206.7
,2014,2014,Arizona,04,25-34 years,25-34,1076,897745,119.9
,2014,2014,Arizona,04,35-44 years,35-44,1594,836593,190.5
,2014,2014,Arkansas,05,25-34 years,25-34,591,386530,152.9
,2014,2014,Arkansas,05,35-44 years,35-44,981,364642,269.0
,2014,2014,California,06,25-34 years,25-34,4502,5723386,78.7
,2014,2014,California,06,35-44 years,35-44,6709,5175338,129.6
,2014,2014,Colorado,08,25-34 years,25-34,815,798927,102.0
,2014,2014,Colorado,08,35-44 years,35-44,1176,722553,162.8
,2014,2014,Connecticut,09,25-34 years,25-34,396,441312,89.7
,2014,2014,Connecticut,09,35-44 years,35-44,614,439446,139.7
,2014,2014,Delaware,10,25-34 years,25-34,159,123681,128.6
,2014,2014,Delaware,10,35-44 years,35-44,217,110441,196.5
,2014,2014,District of Columbia,11,25-34 years,25-34,102,149921,68.0
,2014,2014,District of Columbia,11,35-44 years,35-44,171,92726,184.4
,2014,2014,Florida,12,25-34 years,25-34,2869,2532017,113.3
,2014,2014,Florida,12,35-44 years,35-44,4331,2421949,178.8
,2014,2014,Georgia,13,25-34 years,25-34,1625,1383437,117.5
,2014,2014,Georgia,13,35-44 years,35-44,2576,1369784,188.1
,2014,2014,Hawaii,15,25-34 years,25-34,160,211196,75.8
,2014,2014,Hawaii,15,35-44 years,35-44,244,175652,138.9
,2014,2014,Idaho,16,25-34 years,25-34,231,215372,107.3
,2014,2014,Idaho,16,35-44 years,35-44,346,199791,173.2
,2014,2014,Illinois,17,25-34 years,25-34,1721,1780945,96.6
,2014,2014,Illinois,17,35-44 years,35-44,2518,1679806,149.9
,2014,2014,Indiana,18,25-34 years,25-34,1145,845927,135.4
,2014,2014,Indiana,18,35-44 years,35-44,1741,824681,211.1
,2014,2014,Iowa,19,25-34 years,25-34,343,392294,87.4
,2014,2014,Iowa,19,35-44 years,35-44,515,363219,141.8
,2014,2014,Kansas,20,25-34 years,25-34,404,387893,104.2
,2014,2014,Kansas,20,35-44 years,35-44,566,344667,164.2
,2014,2014,Kentucky,21,25-34 years,25-34,870,565862,153.7
,2014,2014,Kentucky,21,35-44 years,35-44,1537,561197,273.9
,2014,2014,Louisiana,22,25-34 years,25-34,1110,669628,165.8
,2014,2014,Louisiana,22,35-44 years,35-44,1436,565948,253.7
,2014,2014,Maine,23,25-34 years,25-34,177,152659,115.9
,2014,2014,Maine,23,35-44 years,35-44,258,155439,166.0
,2014,2014,Maryland,24,25-34 years,25-34,923,829223,111.3
,2014,2014,Maryland,24,35-44 years,35-44,1291,769047,167.9
,2014,2014,Massachusetts,25,25-34 years,25-34,1010,930402,108.6
,2014,2014,Massachusetts,25,35-44 years,35-44,1235,837732,147.4
,2014,2014,Michigan,26,25-34 years,25-34,1556,1201043,129.6
,2014,2014,Michigan,26,35-44 years,35-44,2381,1189201,200.2
,2014,2014,Minnesota,27,25-34 years,25-34,564,747441,75.5
,2014,2014,Minnesota,27,35-44 years,35-44,824,669946,123.0
,2014,2014,Mississippi,28,25-34 years,25-34,657,391730,167.7
,2014,2014,Mississippi,28,35-44 years,35-44,1035,368864,280.6
,2014,2014,Missouri,29,25-34 years,25-34,1052,802552,131.1
,2014,2014,Missouri,29,35-44 years,35-44,1524,731526,208.3
,2014,2014,Montana,30,25-34 years,25-34,141,129177,109.2
,2014,2014,Montana,30,35-44 years,35-44,234,115765,202.1
,2014,2014,Nebraska,31,25-34 years,25-34,249,253066,98.4
,2014,2014,Nebraska,31,35-44 years,35-44,360,225333,159.8
,2014,2014,Nevada,32,25-34 years,25-34,455,406913,111.8
,2014,2014,Nevada,32,35-44 years,35-44,730,382743,190.7
,2014,2014,New Hampshire,33,25-34 years,25-34,226,154082,146.7
,2014,2014,New Hampshire,33,35-44 years,35-44,251,158491,158.4
,2014,2014,New Jersey,34,25-34 years,25-34,1117,1148422,97.3
,2014,2014,New Jersey,34,35-44 years,35-44,1588,1173603,135.3
,2014,2014,New Mexico,35,25-34 years,25-34,533,279697,190.6
,2014,2014,New Mexico,35,35-44 years,35-44,680,243181,279.6
,2014,2014,New York,36,25-34 years,25-34,2222,2847373,78.0
,2014,2014,New York,36,35-44 years,35-44,3349,2507973,133.5
,2014,2014,North Carolina,37,25-34 years,25-34,1523,1292250,117.9
,2014,2014,North Carolina,37,35-44 years,35-44,2458,1302758,188.7
,2014,2014,North Dakota,38,25-34 years,25-34,116,107968,107.4
,2014,2014,North Dakota,38,35-44 years,35-44,143,82076,174.2
,2014,2014,Ohio,39,25-34 years,25-34,1998,1470692,135.9
,2014,2014,Ohio,39,35-44 years,35-44,3020,1407057,214.6
,2014,2014,Oklahoma,40,25-34 years,25-34,742,533110,139.2
,2014,2014,Oklahoma,40,35-44 years,35-44,1237,471644,262.3
,2014,2014,Oregon,41,25-34 years,25-34,493,544037,90.6
,2014,2014,Oregon,41,35-44 years,35-44,809,516534,156.6
,2014,2014,Pennsylvania,42,25-34 years,25-34,1973,1640158,120.3
,2014,2014,Pennsylvania,42,35-44 years,35-44,2773,1512781,183.3
,2014,2014,Rhode Island,44,25-34 years,25-34,142,138771,102.3
,2014,2014,Rhode Island,44,35-44 years,35-44,194,125259,154.9
,2014,2014,South Carolina,45,25-34 years,25-34,853,628071,135.8
,2014,2014,South Carolina,45,35-44 years,35-44,1356,595609,227.7
,2014,2014,South Dakota,46,25-34 years,25-34,126,111934,112.6
,2014,2014,South Dakota,46,35-44 years,35-44,217,95716,226.7
,2014,2014,Tennessee,47,25-34 years,25-34,1213,858325,141.3
,2014,2014,Tennessee,47,35-44 years,35-44,2132,840148,253.8
,2014,2014,Texas,48,25-34 years,25-34,4049,3925657,103.1
,2014,2014,Texas,48,35-44 years,35-44,6099,3634885,167.8
,2014,2014,Utah,49,25-34 years,25-34,460,440622,104.4
,2014,2014,Utah,49,35-44 years,35-44,657,386350,170.1
,2014,2014,Vermont,50,25-34 years,25-34,84,71786,117.0
,2014,2014,Vermont,50,35-44 years,35-44,105,71584,146.7
,2014,2014,Virginia,51,25-34 years,25-34,1070,1175262,91.0
,2014,2014,Virginia,51,35-44 years,35-44,1699,1088765,156.0
,2014,2014,Washington,53,25-34 years,25-34,902,1021309,88.3
,2014,2014,Washington,53,35-44 years,35-44,1248,918559,135.9
,2014,2014,West Virginia,54,25-34 years,25-34,388,218869,177.3
,2014,2014,West Virginia,54,35-44 years,35-44,711,229785,309.4
,2014,2014,Wisconsin,55,25-34 years,25-34,745,730422,102.0
,2014,2014,Wisconsin,55,35-44 years,35-44,1059,690846,153.3
,2014,2014,Wyoming,56,25-34 years,25-34,128,82625,154.9
,2014,2014,Wyoming,56,35-44 years,35-44,148,69930,211.6
,2015,2015,Alabama,01,25-34 years,25-34,1069,632726,169.0
,2015,2015,Alabama,01,35-44 years,35-44,1680,602496,278.8
,2015,2015,Alaska,02,25-34 years,25-34,182,120486,151.1
,2015,2015,Alaska,02,35-44 years,35-44,194,90156,215.2
,2015,2015,Arizona,04,25-34 years,25-34,1181,913645,129.3
,2015,2015,Arizona,04,35-44 years,35-44,1638,841613,194.6
,2015,2015,Arkansas,05,25-34 years,25-34,586,388958,150.7
,2015,2015,Arkansas,05,35-44 years,35-44,999,365774,273.1
,2015,2015,California,06,25-34 years,25-34,4816,5835694,82.5
,2015,2015,California,06,35-44 years,35-44,6982,5187676,134.6
,2015,2015,Colorado,08,25-34 years,25-34,898,823332,109.1
,2015,2015,Colorado,08,35-44 years,35-44,1103,733546,150.4
,2015,2015,Connecticut,09,25-34 years,25-34,476,441550,107.8
,2015,2015,Connecticut,09,35-44 years,35-44,624,431323,144.7
,2015,2015,Delaware,10,25-34 years,25-34,180,125941,142.9
,2015,2015,Delaware,10,35-44 years,35-44,230,110596,208.0
,2015,2015,District of Columbia,11,25-34 years,25-34,132,152335,86.7
,2015,2015,District of Columbia,11,35-44 years,35-44,151,95949,157.4
,2015,2015,Florida,12,25-34 years,25-34,3214,2614315,122.9
,2015,2015,Florida,12,35-44 years,35-44,4555,2448471,186.0
,2015,2015,Georgia,13,25-34 years,25-34,1771,1402157,126.3
,2015,2015,Georgia,13,35-44 years,35-44,2625,1370719,191.5
,2015,2015,Hawaii,15,25-34 years,25-34,155,215911,71.8
,2015,2015,Hawaii,15,35-44 years,35-44,234,176715,132.4
,2015,2015,Idaho,16,25-34 years,25-34,218,217691,100.1
,2015,2015,Idaho,16,35-44 years,35-44,371,202632,183.1
,2015,2015,Illinois,17,25-34 years,25-34,1762,1774341,99.3
,2015,2015,Illinois,17,35-44 years,35-44,2616,1669816,156.7
,2015,2015,Indiana,18,25-34 years,25-34,1263,850559,148.5
,2015,2015,Indiana,18,35-44 years,35-44,1739,823056,211.3
,2015,2015,Iowa,19,25-34 years,25-34,354,391509,90.4
,2015,2015,Iowa,19,35-44 years,35-44,558,366396,152.3
,2015,2015,Kansas,20,25-34 years,25-34,420,387229,108.5
,2015,2015,Kansas,20,35-44 years,35-44,629,346113,181.7
,2015,2015,Kentucky,21,25-34 years,25-34,1023,568388,180.0
,2015,2015,Kentucky,21,35-44 years,35-44,1532,559036,274.0
,2015,2015,Louisiana,22,25-34 years,25-34,1128,676077,166.8
,2015,2015,Louisiana,22,35-44 years,35-44,1517,570811,265.8
,2015,2015,Maine,23,25-34 years,25-34,207,154547,133.9
,2015,2015,Maine,23,35-44 years,35-44,281,152750,184.0
,2015,2015,Maryland,24,25-34 years,25-34,1066,836617,127.4
,2015,2015,Maryland,24,35-44 years,35-44,1292,767825,168.3
,2015,2015,Massachusetts,25,25-34 years,25-34,1151,943848,121.9
,2015,2015,Massachusetts,25,35-44 years,35-44,1326,834093,159.0
,2015,2015,Michigan,26,25-34 years,25-34,1707,1223408,139.5
,2015,2015,Michigan,26,35-44 years,35-44,2445,1175461,208.0
,2015,2015,Minnesota,27,25-34 years,25-34,610,747143,81.6
,2015,2015,Minnesota,27,35-44 years,35-44,878,673698,130.3
,2015,2015,Mississippi,28,25-34 years,25-34,677,392986,172.3
,2015,2015,Mississippi,28,35-44 years,35-44,1082,367843,294.1
,2015,2015,Missouri,29,25-34 years,25-34,1146,806767,142.0
,2015,2015,Missouri,29,35-44 years,35-44,1574,732675,214.8
,2015,2015,Montana,30,25-34 years,25-34,204,131032,155.7
,2015,2015,Montana,30,35-44 years,35-44,266,117327,226.7
,2015,2015,Nebraska,31,25-34 years,25-34,240,252533,95.0
,2015,2015,Nebraska,31,35-44 years,35-44,318,228643,139.1
,2015,2015,Nevada,32,25-34 years,25-34,502,418110,120.1
,2015,2015,Nevada,32,35-44 years,35-44,750,385541,194.5
,2015,2015,New Hampshire,33,25-34 years,25-34,249,156230,159.4
,2015,2015,New Hampshire,33,35-44 years,35-44,322,154977,207.8
,2015,2015,New Jersey,34,25-34 years,25-34,1159,1155249,100.3
,2015,2015,New Jersey,34,35-44 years,35-44,1663,1163962,142.9
,2015,2015,New Mexico,35,25-34 years,25-34,524,280120,187.1
,2015,2015,New Mexico,35,35-44 years,35-44,733,243532,301.0
,2015,2015,New York,36,25-34 years,25-34,2444,2879618,84.9
,2015,2015,New York,36,35-44 years,35-44,3392,2495739,135.9
,2015,2015,North Carolina,37,25-34 years,25-34,1584,1308587,121.0
,2015,2015,North Carolina,37,35-44 years,35-44,2509,1295812,193.6
,2015,2015,North Dakota,38,25-34 years,25-34,154,112922,136.4
,2015,2015,North Dakota,38,35-44 years,35-44,175,84869,206.2
,2015,2015,Ohio,39,25-34 years,25-34,2313,1486970,155.6
,2015,2015,Ohio,39,35-44 years,35-44,3185,1397157,228.0
,2015,2015,Oklahoma,40,25-34 years,25-34,834,540239,154.4
,2015,2015,Oklahoma,40,35-44 years,35-44,1255,476292,263.5
,2015,2015,Oregon,41,25-34 years,25-34,510,556974,91.6
,2015,2015,Oregon,41,35-44 years,35-44,839,524109,160.1
,2015,2015,Pennsylvania,42,25-34 years,25-34,2349,1663067,141.2
,2015,2015,Pennsylvania,42,35-44 years,35-44,2869,1499308,191.4
,2015,2015,Rhode Island,44,25-34 years,25-34,173,141516,122.2
,2015,2015,Rhode Island,44,35-44 years,35-44,193,124128,155.5
,2015,2015,South Carolina,45,25-34 years,25-34,1023,641465,159.5
,2015,2015,South Carolina,45,35-44 years,35-44,1470,597298,246.1
,2015,2015,South Dakota,46,25-34 years,25-34,137,112092,122.2
,2015,2015,South Dakota,46,35-44 years,35-44,197,96949,203.2
,2015,2015,Tennessee,47,25-34 years,25-34,1295,872233,148.5
,2015,2015,Tennessee,47,35-44 years,35-44,2128,837242,254.2
,2015,2015,Texas,48,25-34 years,25-34,4279,4012159,106.7
,2015,2015,Texas,48,35-44 years,35-44,6177,3694015,167.2
,2015,2015,Utah,49,25-34 years,25-34,518,441518,117.3
,2015,2015,Utah,49,35-44 years,35-44,668,399342,167.3
,2015,2015,Vermont,50,25-34 years,25-34,78,71668,108.8
,2015,2015,Vermont,50,35-44 years,35-44,114,70630,161.4
,2015,2015,Virginia,51,25-34 years,25-34,1194,1183685,100.9
,2015,2015,Virginia,51,35-44 years,35-44,1731,1089472,158.9
,2015,2015,Washington,53,25-34 years,25-34,972,1052907,92.3
,2015,2015,Washington,53,35-44 years,35-44,1314,927922,141.6
,2015,2015,West Virginia,54,25-34 years,25-34,417,218551,190.8
,2015,2015,West Virginia,54,35-44 years,35-44,712,227481,313.0
,2015,2015,Wisconsin,55,25-34 years,25-34,836,726755,115.0
,2015,2015,Wisconsin,55,35-44 years,35-44,1082,689998,156.8
,2015,2015,Wyoming,56,25-34 years,25-34,137,82842,165.4
,2015,2015,Wyoming,56,35-44 years,35-44,171,70799,241.5
,2016,2016,Alabama,01,25-34 years,25-34,1173,637487,184.0
,2016,2016,Alabama,01,35-44 years,35-44,1830,595713,307.2
,2016,2016,Alaska,02,25-34 years,25-34,235,120453,195.1
,2016,2016,Alaska,02,35-44 years,35-44,222,92145,240.9
,2016,2016,Arizona,04,25-34 years,25-34,1322,933128,141.7
,2016,2016,Arizona,04,35-44 years,35-44,1608,845220,190.2
,2016,2016,Arkansas,05,25-34 years,25-34,631,392755,160.7
,2016,2016,Arkansas,05,35-44 years,35-44,1026,364726,281.3
,2016,2016,California,06,25-34 years,25-34,5201,5917785,87.9
,2016,2016,California,06,35-44 years,35-44,7032,5159932,136.3
,2016,2016,Colorado,08,25-34 years,25-34,984,842409,116.8
,2016,2016,Colorado,08,35-44 years,35-44,1253,742076,168.9
,2016,2016,Connecticut,09,25-34 years,25-34,546,442021,123.5
,2016,2016,Connecticut,09,35-44 years,35-44,674,423005,159.3
,2016,2016,Delaware,10,25-34 years,25-34,204,127501,160.0
,2016,2016,Delaware,10,35-44 years,35-44,227,109425,207.4
,2016,2016,District of Columbia,11,25-34 years,25-34,150,154991,96.8
,2016,2016,District of Columbia,11,35-44 years,35-44,181,98889,183.0
,2016,2016,Florida,12,25-34 years,25-34,4001,2683425,149.1
,2016,2016,Florida,12,35-44 years,35-44,5177,2464289,210.1
,2016,2016,Georgia,13,25-34 years,25-34,1917,1422300,134.8
,2016,2016,Georgia,13,35-44 years,35-44,2810,1362970,206.2
,2016,2016,Hawaii,15,25-34 years,25-34,183,207903,88.0
,2016,2016,Hawaii,15,35-44 years,35-44,276,177228,155.7
,2016,2016,Idaho,16,25-34 years,25-34,233,221561,105.2
,2016,2016,Idaho,16,35-44 years,35-44,356,205995,172.8
,2016,2016,Illinois,17,25-34 years,25-34,2161,1774032,121.8
,2016,2016,Illinois,17,35-44 years,35-44,2836,1646756,172.2
,2016,2016,Indiana,18,25-34 years,25-34,1382,859672,160.8
,2016,2016,Indiana,18,35-44 years,35-44,1858,814899,228.0
,2016,2016,Iowa,19,25-34 years,25-34,409,394373,103.7
,2016,2016,Iowa,19,35-44 years,35-44,628,367535,170.9
,2016,2016,Kansas,20,25-34 years,25-34,450,384606,117.0
,2016,2016,Kansas,20,35-44 years,35-44,618,347089,178.1
,2016,2016,Kentucky,21,25-34 years,25-34,1047,575311,182.0
,2016,2016,Kentucky,21,35-44 years,35-44,1761,553030,318.4
,2016,2016,Louisiana,22,25-34 years,25-34,1187,681658,174.1
,2016,2016,Louisiana,22,35-44 years,35-44,1562,574245,272.0
,2016,2016,Maine,23,25-34 years,25-34,228,156994,145.2
,2016,2016,Maine,23,35-44 years,35-44,322,150767,213.6
,2016,2016,Maryland,24,25-34 years,25-34,1285,834450,154.0
,2016,2016,Maryland,24,35-44 years,35-44,1496,761384,196.5
,2016,2016,Massachusetts,25,25-34 years,25-34,1274,952329,133.8
,2016,2016,Massachusetts,25,35-44 years,35-44,1470,825013,178.2
,2016,2016,Michigan,26,25-34 years,25-34,1885,1251709,150.6
,2016,2016,Michigan,26,35-44 years,35-44,2528,1157262,218.4
,2016,2016,Minnesota,27,25-34 years,25-34,673,748412,89.9
,2016,2016,Minnesota,27,35-44 years,35-44,930,676706,137.4
,2016,2016,Mississippi,28,25-34 years,25-34,699,394253,177.3
,2016,2016,Mississippi,28,35-44 years,35-44,1120,365535,306.4
,2016,2016,Missouri,29,25-34 years,25-34,1291,812868,158.8
,2016,2016,Missouri,29,35-44 years,35-44,1737,731038,237.6
,2016,2016,Montana,30,25-34 years,25-34,200,132974,150.4
,2016,2016,Montana,30,35-44 years,35-44,281,119445,235.3
,2016,2016,Nebraska,31,25-34 years,25-34,234,252946,92.5
,2016,2016,Nebraska,31,35-44 years,35-44,347,230528,150.5
,2016,2016,Nevada,32,25-34 years,25-34,507,428127,118.4
,2016,2016,Nevada,32,35-44 years,35-44,770,387758,198.6
,2016,2016,New Hampshire,33,25-34 years,25-34,290,160604,180.6
,2016,2016,New Hampshire,33,35-44 years,35-44,350,152181,230.0
,2016,2016,New Jersey,34,25-34 years,25-34,1511,1162064,130.0
,2016,2016,New Jersey,34,35-44 years,35-44,1784,1146197,155.6
,2016,2016,New Mexico,35,25-34 years,25-34,600,279900,214.4
,2016,2016,New Mexico,35,35-44 years,35-44,727,242692,299.6
,2016,2016,New York,36,25-34 years,25-34,2883,2890773,99.7
,2016,2016,New York,36,35-44 years,35-44,3700,2462561,150.3
,2016,2016,North Carolina,37,25-34 years,25-34,1867,1335454,139.8
,2016,2016,North Carolina,37,35-44 years,35-44,2664,1290237,206.5
,2016,2016,North Dakota,38,25-34 years,25-34,135,113553,118.9
,2016,2016,North Dakota,38,35-44 years,35-44,174,86414,201.4
,2016,2016,Ohio,39,25-34 years,25-34,2701,1506910,179.2
,2016,2016,Ohio,39,35-44 years,35-44,3523,1380120,255.3
,2016,2016,Oklahoma,40,25-34 years,25-34,864,545460,158.4
,2016,2016,Oklahoma,40,35-44 years,35-44,1332,478784,278.2
,2016,2016,Oregon,41,25-34 years,25-34,551,574842,95.9
,2016,2016,Oregon,41,35-44 years,35-44,776,531899,145.9
,2016,2016,Pennsylvania,42,25-34 years,25-34,2830,1677711,168.7
,2016,2016,Pennsylvania,42,35-44 years,35-44,3286,1481167,221.9
,2016,2016,Rhode Island,44,25-34 years,25-34,165,143107,115.3
,2016,2016,Rhode Island,44,35-44 years,35-44,227,122946,184.6
,2016,2016,South Carolina,45,25-34 years,25-34,1036,655031,158.2
,2016,2016,South Carolina,45,35-44 years,35-44,1513,599410,252.4
,2016,2016,South Dakota,46,25-34 years,25-34,145,112266,129.2
,2016,2016,South Dakota,46,35-44 years,35-44,210,98592,213.0
,2016,2016,Tennessee,47,25-34 years,25-34,1456,892054,163.2
,2016,2016,Tennessee,47,35-44 years,35-44,2185,831284,262.8
,2016,2016,Texas,48,25-34 years,25-34,4405,4085728,107.8
,2016,2016,Texas,48,35-44 years,35-44,6292,3726287,168.9
,2016,2016,Utah,49,25-34 years,25-34,569,448845,126.8
,2016,2016,Utah,49,35-44 years,35-44,708,410933,172.3
,2016,2016,Vermont,50,25-34 years,25-34,113,72709,155.4
,2016,2016,Vermont,50,35-44 years,35-44,120,69504,172.7
,2016,2016,Virginia,51,25-34 years,25-34,1344,1172060,114.7
,2016,2016,Virginia,51,35-44 years,35-44,1828,1085925,168.3
,2016,2016,Washington,53,25-34 years,25-34,961,1081072,88.9
,2016,2016,Washington,53,35-44 years,35-44,1337,941493,142.0
,2016,2016,West Virginia,54,25-34 years,25-34,481,219000,219.6
,2016,2016,West Virginia,54,35-44 years,35-44,810,222833,363.5
,2016,2016,Wisconsin,55,25-34 years,25-34,908,727719,124.8
,2016,2016,Wisconsin,55,35-44 years,35-44,1143,686760,166.4
,2016,2016,Wyoming,56,25-34 years,25-34,109,81948,133.0
,2016,2016,Wyoming,56,35-44 years,35-44,167,71334,234.1
,2017,2017,Alabama,01,25-34 years,25-34,1178,640302,184.0
,2017,2017,Alabama,01,35-44 years,35-44,1766,591795,298.4
,2017,2017,Alaska,02,25-34 years,25-34,229,120215,190.5
,2017,2017,Alaska,02,35-44 years,35-44,209,93212,224.2
,2017,2017,Arizona,04,25-34 years,25-34,1357,955894,142.0
,2017,2017,Arizona,04,35-44 years,35-44,1772,858680,206.4
,2017,2017,Arkansas,05,25-34 years,25-34,614,395464,155.3
,2017,2017,Arkansas,05,35-44 years,35-44,1012,366276,276.3
,2017,2017,California,06,25-34 years,25-34,5188,6023779,86.1
,2017,2017,California,06,35-44 years,35-44,7151,5223062,136.9
,2017,2017,Colorado,08,25-34 years,25-34,1052,870662,120.8
,2017,2017,Colorado,08,35-44 years,35-44,1222,759774,160.8
,2017,2017,Connecticut,09,25-34 years,25-34,590,444198,132.8
,2017,2017,Connecticut,09,35-44 years,35-44,736,422731,174.1
,2017,2017,Delaware,10,25-34 years,25-34,213,129278,164.8
,2017,2017,Delaware,10,35-44 years,35-44,250,110316,226.6
,2017,2017,District of Columbia,11,25-34 years,25-34,147,162602,90.4
,2017,2017,District of Columbia,11,35-44 years,35-44,200,102038,196.0
,2017,2017,Florida,12,25-34 years,25-34,4100,2742680,149.5
,2017,2017,Florida,12,35-44 years,35-44,5197,2517851,206.4
,2017,2017,Georgia,13,25-34 years,25-34,2008,1453326,138.2
,2017,2017,Georgia,13,35-44 years,35-44,2748,1367466,201.0
,2017,2017,Hawaii,15,25-34 years,25-34,190,206560,92.0
,2017,2017,Hawaii,15,35-44 years,35-44,323,179402,180.0
,2017,2017,Idaho,16,25-34 years,25-34,275,225719,121.8
,2017,2017,Idaho,16,35-44 years,35-44,364,212618,171.2
,2017,2017,Illinois,17,25-34 years,25-34,2279,1776073,128.3
,2017,2017,Illinois,17,35-44 years,35-44,2803,1639168,171.0
,2017,2017,Indiana,18,25-34 years,25-34,1507,868804,173.5
,2017,2017,Indiana,18,35-44 years,35-44,2025,816778,247.9
,2017,2017,Iowa,19,25-34 years,25-34,383,395643,96.8
,2017,2017,Iowa,19,35-44 years,35-44,606,373088,162.4
,2017,2017,Kansas,20,25-34 years,25-34,485,383787,126.4
,2017,2017,Kansas,20,35-44 years,35-44,667,351767,189.6
,2017,2017,Kentucky,21,25-34 years,25-34,1138,580996,195.9
,2017,2017,Kentucky,21,35-44 years,35-44,1748,550240,317.7
,2017,2017,Louisiana,22,25-34 years,25-34,1214,679687,178.6
,2017,2017,Louisiana,22,35-44 years,35-44,1668,578448,288.4
,2017,2017,Maine,23,25-34 years,25-34,259,158413,163.5
,2017,2017,Maine,23,35-44 years,35-44,320,151334,211.5
,2017,2017,Maryland,24,25-34 years,25-34,1415,837918,168.9
,2017,2017,Maryland,24,35-44 years,35-44,1522,769410,197.8
,2017,2017,Massachusetts,25,25-34 years,25-34,1279,973931,131.3
,2017,2017,Massachusetts,25,35-44 years,35-44,1504,830501,181.1
,2017,2017,Michigan,26,25-34 years,25-34,2057,1269103,162.1
,2017,2017,Michigan,26,35-44 years,35-44,2511,1155834,217.2
,2017,2017,Minnesota,27,25-34 years,25-34,730,757175,96.4
,2017,2017,Minnesota,27,35-44 years,35-44,941,694463,135.5
,2017,2017,Mississippi,28,25-34 years,25-34,717,393592,182.2
,2017,2017,Mississippi,28,35-44 years,35-44,1075,364095,295.3
,2017,2017,Missouri,29,25-34 years,25-34,1320,820863,160.8
,2017,2017,Missouri,29,35-44 years,35-44,1775,735574,241.3
,2017,2017,Montana,30,25-34 years,25-34,229,135024,169.6
,2017,2017,Montana,30,35-44 years,35-44,266,122795,216.6
,2017,2017,Nebraska,31,25-34 years,25-34,233,255515,91.2
,2017,2017,Nebraska,31,35-44 years,35-44,390,234673,166.2
,2017,2017,Nevada,32,25-34 years,25-34,542,440358,123.1
,2017,2017,Nevada,32,35-44 years,35-44,767,397068,193.2
,2017,2017,New Hampshire,33,25-34 years,25-34,283,163419,173.2
,2017,2017,New Hampshire,33,35-44 years,35-44,278,152032,182.9
,2017,2017,New Jersey,34,25-34 years,25-34,1611,1171073,137.6
,2017,2017,New Jersey,34,35-44 years,35-44,1938,1153694,168.0
,2017,2017,New Mexico,35,25-34 years,25-34,566,281932,200.8
,2017,2017,New Mexico,35,35-44 years,35-44,721,245955,293.1
,2017,2017,New York,36,25-34 years,25-34,2824,2936919,96.2
,2017,2017,New York,36,35-44 years,35-44,3648,2465837,147.9
,2017,2017,North Carolina,37,25-34 years,25-34,2073,1370247,151.3
,2017,2017,North Carolina,37,35-44 years,35-44,2827,1290678,219.0
,2017,2017,North Dakota,38,25-34 years,25-34,173,114253,151.4
,2017,2017,North Dakota,38,35-44 years,35-44,150,88146,170.2
,2017,2017,Ohio,39,25-34 years,25-34,2998,1523761,196.8
,2017,2017,Ohio,39,35-44 years,35-44,3885,1381218,281.3
,2017,2017,Oklahoma,40,25-34 years,25-34,851,545596,156.0
,2017,2017,Oklahoma,40,35-44 years,35-44,1243,483208,257.2
,2017,2017,Oregon,41,25-34 years,25-34,552,587032,94.0
,2017,2017,Oregon,41,35-44 years,35-44,858,547174,156.8
,2017,2017,Pennsylvania,42,25-34 years,25-34,3076,1688589,182.2
,2017,2017,Pennsylvania,42,35-44 years,35-44,3470,1485441,233.6
,2017,2017,Rhode Island,44,25-34 years,25-34,170,145146,117.1
,2017,2017,Rhode Island,44,35-44 years,35-44,236,123492,191.1
,2017,2017,South Carolina,45,25-34 years,25-34,1114,665507,167.4
,2017,2017,South Carolina,45,35-44 years,35-44,1552,604153,256.9
,2017,2017,South Dakota,46,25-34 years,25-34,159,113605,140.0
,2017,2017,South Dakota,46,35-44 years,35-44,214,100994,211.9
,2017,2017,Tennessee,47,25-34 years,25-34,1536,915996,167.7
,2017,2017,Tennessee,47,35-44 years,35-44,2335,834564,279.8
,2017,2017,Texas,48,25-34 years,25-34,4608,4162040,110.7
,2017,2017,Texas,48,35-44 years,35-44,6573,3804749,172.8
,2017,2017,Utah,49,25-34 years,25-34,547,457423,119.6
,2017,2017,Utah,49,35-44 years,35-44,717,422547,169.7
,2017,2017,Vermont,50,25-34 years,25-34,100,72980,137.0
,2017,2017,Vermont,50,35-44 years,35-44,138,69651,198.1
,2017,2017,Virginia,51,25-34 years,25-34,1361,1185270,114.8
,2017,2017,Virginia,51,35-44 years,35-44,1862,1093732,170.2
,2017,2017,Washington,53,25-34 years,25-34,1073,1117379,96.0
,2017,2017,Washington,53,35-44 years,35-44,1443,973049,148.3
,2017,2017,West Virginia,54,25-34 years,25-34,539,216070,249.5
,2017,2017,West Virginia,54,35-44 years,35-44,836,218844,382.0
,2017,2017,Wisconsin,55,25-34 years,25-34,976,731360,133.5
,2017,2017,Wisconsin,55,35-44 years,35-44,1181,694136,170.1
,2017,2017,Wyoming,56,25-34 years,25-34,97,79514,122.0
,2017,2017,Wyoming,56,35-44 years,35-44,153,71619,213.6
,2018,2018,Alabama,01,25-34 years,25-34,1148,643540,178.4
,2018,2018,Alabama,01,35-44 years,35-44,1820,592302,307.3
,2018,2018,Alaska,02,25-34 years,25-34,193,118865,162.4
,2018,2018,Alaska,02,35-44 years,35-44,206,94650,217.6
,2018,2018,Arizona,04,25-34 years,25-34,1450,985845,147.1
,2018,2018,Arizona,04,35-44 years,35-44,1720,880431,195.4
,2018,2018,Arkansas,05,25-34 years,25-34,620,396588,156.3
,2018,2018,Arkansas,05,35-44 years,35-44,983,368518,266.7
,2018,2018,California,06,25-34 years,25-34,5359,6043799,88.7
,2018,2018,California,06,35-44 years,35-44,7413,5255671,141.0
,2018,2018,Colorado,08,25-34 years,25-34,1041,894422,116.4
,2018,2018,Colorado,08,35-44 years,35-44,1330,780079,170.5
,2018,2018,Connecticut,09,25-34 years,25-34,555,445390,124.6
,2018,2018,Connecticut,09,35-44 years,35-44,757,423336,178.8
,2018,2018,Delaware,10,25-34 years,25-34,235,129063,182.1
,2018,2018,Delaware,10,35-44 years,35-44,291,111468,261.1
,2018,2018,District of Columbia,11,25-34 years,25-34,155,164087,94.5
,2018,2018,District of Columbia,11,35-44 years,35-44,199,105674,188.3
,2018,2018,Florida,12,25-34 years,25-34,3921,2788255,140.6
,2018,2018,Florida,12,35-44 years,35-44,5357,2568764,208.5
,2018,2018,Georgia,13,25-34 years,25-34,1930,1473246,131.0
,2018,2018,Georgia,13,35-44 years,35-44,2875,1372602,209.5
,2018,2018,Hawaii,15,25-34 years,25-34,181,203006,89.2
,2018,2018,Hawaii,15,35-44 years,35-44,263,180510,145.7
,2018,2018,Idaho,16,25-34 years,25-34,240,231382,103.7
,2018,2018,Idaho,16,35-44 years,35-44,372,220029,169.1
,2018,2018,Illinois,17,25-34 years,25-34,2197,1769781,124.1
,2018,2018,Illinois,17,35-44 years,35-44,2937,1639725,179.1
,2018,2018,Indiana,18,25-34 years,25-34,1330,877438,151.6
,2018,2018,Indiana,18,35-44 years,35-44,1955,822202,237.8
,2018,2018,Iowa,19,25-34 years,25-34,410,397715,103.1
,2018,2018,Iowa,19,35-44 years,35-44,589,379935,155.0
,2018,2018,Kansas,20,25-34 years,25-34,485,382884,126.7
,2018,2018,Kansas,20,35-44 years,35-44,675,356322,189.4
,2018,2018,Kentucky,21,25-34 years,25-34,1045,585107,178.6
,2018,2018,Kentucky,21,35-44 years,35-44,1635,551949,296.2
,2018,2018,Louisiana,22,25-34 years,25-34,1182,667182,177.2
,2018,2018,Louisiana,22,35-44 years,35-44,1651,583526,282.9
,2018,2018,Maine,23,25-34 years,25-34,223,160340,139.1
,2018,2018,Maine,23,35-44 years,35-44,324,152383,212.6
,2018,2018,Maryland,24,25-34 years,25-34,1330,834612,159.4
,2018,2018,Maryland,24,35-44 years,35-44,1615,773801,208.7
,2018,2018,Massachusetts,25,25-34 years,25-34,1296,992913,130.5
,2018,2018,Massachusetts,25,35-44 years,35-44,1452,840652,172.7
,2018,2018,Michigan,26,25-34 years,25-34,1973,1296651,152.2
,2018,2018,Michigan,26,35-44 years,35-44,2666,1163189,229.2
,2018,2018,Minnesota,27,25-34 years,25-34,718,760925,94.4
,2018,2018,Minnesota,27,35-44 years,35-44,917,710265,129.1
,2018,2018,Mississippi,28,25-34 years,25-34,717,394306,181.8
,2018,2018,Mississippi,28,35-44 years,35-44,1093,364998,299.5
,2018,2018,Missouri,29,25-34 years,25-34,1438,823505,174.6
,2018,2018,Missouri,29,35-44 years,35-44,1872,744539,251.4
,2018,2018,Montana,30,25-34 years,25-34,194,137463,141.1
,2018,2018,Montana,30,35-44 years,35-44,247,126396,195.4
,2018,2018,Nebraska,31,25-34 years,25-34,244,255723,95.4
,2018,2018,Nebraska,31,35-44 years,35-44,398,239311,166.3
,2018,2018,Nevada,32,25-34 years,25-34,530,445372,119.0
,2018,2018,Nevada,32,35-44 years,35-44,835,403153,207.1
,2018,2018,New Hampshire,33,25-34 years,25-34,259,169075,153.2
,2018,2018,New Hampshire,33,35-44 years,35-44,323,154674,208.8
,2018,2018,New Jersey,34,25-34 years,25-34,1610,1155839,139.3
,2018,2018,New Jersey,34,35-44 years,35-44,2021,1139300,177.4
,2018,2018,New Mexico,35,25-34 years,25-34,613,283835,216.0
,2018,2018,New Mexico,35,35-44 years,35-44,772,250784,307.8
,2018,2018,New York,36,25-34 years,25-34,2686,2878793,93.3
,2018,2018,New York,36,35-44 years,35-44,3634,2431864,149.4
,2018,2018,North Carolina,37,25-34 years,25-34,2049,1393148,147.1
,2018,2018,North Carolina,37,35-44 years,35-44,2785,1295905,214.9
,2018,2018,North Dakota,38,25-34 years,25-34,144,114800,125.4
,2018,2018,North Dakota,38,35-44 years,35-44,184,90402,203.5
,2018,2018,Ohio,39,25-34 years,25-34,2613,1545280,169.1
,2018,2018,Ohio,39,35-44 years,35-44,3573,1391192,256.8
,2018,2018,Oklahoma,40,25-34 years,25-34,808,543218,148.7
,2018,2018,Oklahoma,40,35-44 years,35-44,1230,490388,250.8
,2018,2018,Oregon,41,25-34 years,25-34,593,596485,99.4
,2018,2018,Oregon,41,35-44 years,35-44,813,559767,145.2
,2018,2018,Pennsylvania,42,25-34 years,25-34,2823,1701106,166.0
,2018,2018,Pennsylvania,42,35-44 years,35-44,3285,1498545,219.2
,2018,2018,Rhode Island,44,25-34 years,25-34,143,146231,97.8
,2018,2018,Rhode Island,44,35-44 years,35-44,220,124186,177.2
,2018,2018,South Carolina,45,25-34 years,25-34,1159,673890,172.0
,2018,2018,South Carolina,45,35-44 years,35-44,1590,611397,260.1
,2018,2018,South Dakota,46,25-34 years,25-34,170,116095,146.4
,2018,2018,South Dakota,46,35-44 years,35-44,187,103909,180.0
,2018,2018,Tennessee,47,25-34 years,25-34,1661,931067,178.4
,2018,2018,Tennessee,47,35-44 years,35-44,2288,840267,272.3
,2018,2018,Texas,48,25-34 years,25-34,4500,4236328,106.2
,2018,2018,Texas,48,35-44 years,35-44,6649,3881772,171.3
,2018,2018,Utah,49,25-34 years,25-34,524,464908,112.7
,2018,2018,Utah,49,35-44 years,35-44,758,434614,174.4
,2018,2018,Vermont,50,25-34 years,25-34,125,74091,168.7
,2018,2018,Vermont,50,35-44 years,35-44,148,70601,209.6
,2018,2018,Virginia,51,25-34 years,25-34,1348,1190306,113.2
,2018,2018,Virginia,51,35-44 years,35-44,1889,1104883,171.0
,2018,2018,Washington,53,25-34 years,25-34,1094,1153357,94.9
,2018,2018,Washington,53,35-44 years,35-44,1490,1002869,148.6
,2018,2018,West Virginia,54,25-34 years,25-34,510,215362,236.8
,2018,2018,West Virginia,54,35-44 years,35-44,771,216760,355.7
,2018,2018,Wisconsin,55,25-34 years,25-34,973,737377,132.0
,2018,2018,Wisconsin,55,35-44 years,35-44,1167,704716,165.6
,2018,2018,Wyoming,56,25-34 years,25-34,99,77778,127.3
,2018,2018,Wyoming,56,35-44 years,35-44,156,72713,214.5
,2019,2019,Alabama,01,25-34 years,25-34,1158,647229,178.9
,2019,2019,Alabama,01,35-44 years,35-44,1794,593306,302.4
,2019,2019,Alaska,02,25-34 years,25-34,227,117588,193.0
,2019,2019,Alaska,02,35-44 years,35-44,242,95765,252.7
,2019,2019,Arizona,04,25-34 years,25-34,1510,1007093,149.9
,2019,2019,Arizona,04,35-44 years,35-44,1929,896027,215.3
,2019,2019,Arkansas,05,25-34 years,25-34,571,396868,143.9
,2019,2019,Arkansas,05,35-44 years,35-44,999,370263,269.8
,2019,2019,California,06,25-34 years,25-34,5724,6052952,94.6
,2019,2019,California,06,35-44 years,35-44,7750,5282100,146.7
,2019,2019,Colorado,08,25-34 years,25-34,1097,913354,120.1
,2019,2019,Colorado,08,35-44 years,35-44,1381,798071,173.0
,2019,2019,Connecticut,09,25-34 years,25-34,601,448029,134.1
,2019,2019,Connecticut,09,35-44 years,35-44,787,427141,184.2
,2019,2019,Delaware,10,25-34 years,25-34,254,129080,196.8
,2019,2019,Delaware,10,35-44 years,35-44,315,113101,278.5
,2019,2019,District of Columbia,11,25-34 years,25-34,145,164541,88.1
,2019,2019,District of Columbia,11,35-44 years,35-44,204,108969,187.2
,2019,2019,Florida,12,25-34 years,25-34,4091,2799422,146.1
,2019,2019,Florida,12,35-44 years,35-44,5602,2600531,215.4
,2019,2019,Georgia,13,25-34 years,25-34,1911,1493261,128.0
,2019,2019,Georgia,13,35-44 years,35-44,2912,1380954,210.9
,2019,2019,Hawaii,15,25-34 years,25-34,187,199995,93.5
,2019,2019,Hawaii,15,35-44 years,35-44,327,181803,179.9
,2019,2019,Idaho,16,25-34 years,25-34,226,236490,95.6
,2019,2019,Idaho,16,35-44 years,35-44,372,227172,163.8
,2019,2019,Illinois,17,25-34 years,25-34,2138,1758096,121.6
,2019,2019,Illinois,17,35-44 years,35-44,3042,1637135,185.8
,2019,2019,Indiana,18,25-34 years,25-34,1417,890687,159.1
,2019,2019,Indiana,18,35-44 years,35-44,1940,828959,234.0
,2019,2019,Iowa,19,25-34 years,25-34,428,398150,107.5
,2019,2019,Iowa,19,35-44 years,35-44,638,385215,165.6
,2019,2019,Kansas,20,25-34 years,25-34,495,382922,129.3
,2019,2019,Kansas,20,35-44 years,35-44,692,361029,191.7
,2019,2019,Kentucky,21,25-34 years,25-34,995,587380,169.4
,2019,2019,Kentucky,21,35-44 years,35-44,1648,550953,299.1
,2019,2019,Louisiana,22,25-34 years,25-34,1121,658227,170.3
,2019,2019,Louisiana,22,35-44 years,35-44,1733,589854,293.8
,2019,2019,Maine,23,25-34 years,25-34,248,162808,152.3
,2019,2019,Maine,23,35-44 years,35-44,364,154075,236.2
,2019,2019,Maryland,24,25-34 years,25-34,1371,829249,165.3
,2019,2019,Maryland,24,35-44 years,35-44,1661,782213,212.3
,2019,2019,Massachusetts,25,25-34 years,25-34,1168,994454,117.5
,2019,2019,Massachusetts,25,35-44 years,35-44,1471,848373,173.4
,2019,2019,Michigan,26,25-34 years,25-34,1976,1311614,150.7
,2019,2019,Michigan,26,35-44 years,35-44,2508,1166172,215.1
,2019,2019,Minnesota,27,25-34 years,25-34,744,762616,97.6
,2019,2019,Minnesota,27,35-44 years,35-44,1050,725577,144.7
,2019,2019,Mississippi,28,25-34 years,25-34,725,393747,184.1
,2019,2019,Mississippi,28,35-44 years,35-44,1187,365754,324.5
,2019,2019,Missouri,29,25-34 years,25-34,1347,825887,163.1
,2019,2019,Missouri,29,35-44 years,35-44,1897,753739,251.7
,2019,2019,Montana,30,25-34 years,25-34,188,138386,135.9
,2019,2019,Montana,30,35-44 years,35-44,298,129795,229.6
,2019,2019,Nebraska,31,25-34 years,25-34,256,255338,100.3
,2019,2019,Nebraska,31,35-44 years,35-44,384,243139,157.9
,2019,2019,Nevada,32,25-34 years,25-34,504,453116,111.2
,2019,2019,Nevada,32,35-44 years,35-44,765,410505,186.4
,2019,2019,New Hampshire,33,25-34 years,25-34,261,172816,151.0
,2019,2019,New Hampshire,33,35-44 years,35-44,327,156500,208.9
,2019,2019,New Jersey,34,25-34 years,25-34,1529,1152278,132.7
,2019,2019,New Jersey,34,35-44 years,35-44,1976,1137693,173.7
,2019,2019,New Mexico,35,25-34 years,25-34,660,284087,232.3
,2019,2019,New Mexico,35,35-44 years,35-44,870,254846,341.4
,2019,2019,New York,36,25-34 years,25-34,2732,2867651,95.3
,2019,2019,New York,36,35-44 years,35-44,3738,2429961,153.8
,2019,2019,North Carolina,37,25-34 years,25-34,2143,1416069,151.3
,2019,2019,North Carolina,37,35-44 years,35-44,2827,1303427,216.9
,2019,2019,North Dakota,38,25-34 years,25-34,150,114571,130.9
,2019,2019,North Dakota,38,35-44 years,35-44,189,92576,204.2
,2019,2019,Ohio,39,25-34 years,25-34,2659,1554378,171.1
,2019,2019,Ohio,39,35-44 years,35-44,3644,1397808,260.7
,2019,2019,Oklahoma,40,25-34 years,25-34,781,543593,143.7
,2019,2019,Oklahoma,40,35-44 years,35-44,1318,497873,264.7
,2019,2019,Oregon,41,25-34 years,25-34,592,604284,98.0
,2019,2019,Oregon,41,35-44 years,35-44,890,568712,156.5
,2019,2019,Pennsylvania,42,25-34 years,25-34,2628,1709136,153.8
,2019,2019,Pennsylvania,42,35-44 years,35-44,3318,1513739,219.2
,2019,2019,Rhode Island,44,25-34 years,25-34,164,148213,110.7
,2019,2019,Rhode Island,44,35-44 years,35-44,250,125335,199.5
,2019,2019,South Carolina,45,25-34 years,25-34,1127,682854,165.0
,2019,2019,South Carolina,45,35-44 years,35-44,1677,620504,270.3
,2019,2019,South Dakota,46,25-34 years,25-34,165,115064,143.4
,2019,2019,South Dakota,46,35-44 years,35-44,236,105864,222.9
,2019,2019,Tennessee,47,25-34 years,25-34,1657,949656,174.5
,2019,2019,Tennessee,47,35-44 years,35-44,2363,847658,278.8
,2019,2019,Texas,48,25-34 years,25-34,4536,4276763,106.1
,2019,2019,Texas,48,35-44 years,35-44,6889,3942439,174.7
,2019,2019,Utah,49,25-34 years,25-34,511,471806,108.3
,2019,2019,Utah,49,35-44 years,35-44,766,443453,172.7
,2019,2019,Vermont,50,25-34 years,25-34,114,74408,153.2
,2019,2019,Vermont,50,35-44 years,35-44,135,71267,189.4
,2019,2019,Virginia,51,25-34 years,25-34,1359,1190381,114.2
,2019,2019,Virginia,51,35-44 years,35-44,1900,1112496,170.8
,2019,2019,Washington,53,25-34 years,25-34,1095,1172075,93.4
,2019,2019,Washington,53,35-44 years,35-44,1512,1028141,147.1
,2019,2019,West Virginia,54,25-34 years,25-34,518,214004,242.1
,2019,2019,West Virginia,54,35-44 years,35-44,816,213802,381.7
,2019,2019,Wisconsin,55,25-34 years,25-34,865,741222,116.7
,2019,2019,Wisconsin,55,35-44 years,35-44,1281,713075,179.6
,2019,2019,Wyoming,56,25-34 years,25-34,109,76433,142.6
,2019,2019,Wyoming,56,35-44 years,35-44,172,74285,231.5
---,,,,,,,,,
"Dataset: Multiple Cause of Death, 1999-2020",,,,,,,,,
Query Parameters:,,,,,,,,,
Ten-Year Age Groups: 25-34 years; 35-44 years,,,,,,,,,
Year/Month: 1999; 2000; 2001; 2002; 2003; 2004; 2005; 2006; 2007; 2008; 2009; 2010; 2011; 2012; 2013; 2014; 2015; 2016; 2017;,,,,,,,,,
2018; 2019,,,,,,,,,
Group By: Year; State; Ten-Year Age Groups,,,,,,,,,
Show Totals: True,,,,,,,,,
Show Zero Values: True,,,,,,,,,
Show Suppressed: True,,,,,,,,,
"Calculate Rates Per: 100,000",,,,,,,,,
Rate Options: Default intercensal populations for years 2001-2009 (except Infant Age Groups),,,,,,,,,
---,,,,,,,,,
Help: See http://wonder.cdc.gov/wonder/help/mcd.html for more information.,,,,,,,,,
---,,,,,,,,,
"Query Date: Apr 23, 2026 7:04:00 PM",,,,,,,,,
---,,,,,,,,,
"Suggested Citation: Centers for Disease Control and Prevention, National Center for Health Statistics. National Vital Statistics",,,,,,,,,
"System, Mortality 1999-2020 on CDC WONDER Online Database, released in 2021. Data are from the Multiple Cause of Death Files,",,,,,,,,,
"1999-2020, as compiled from data provided by the 57 vital statistics jurisdictions through the Vital Statistics Cooperative",,,,,,,,,
"Program. Accessed at http://wonder.cdc.gov/mcd-icd10.html on Apr 23, 2026 7:04:00 PM",,,,,,,,,
---,,,,,,,,,
Caveats:,,,,,,,,,
"1. As of April 3, 2017, the underlying cause of death has been revised for 125 deaths in 2014. More information:",,,,,,,,,
http://wonder.cdc.gov/wonder/help/mcd.html#2014-Revision.,,,,,,,,,
"2. Deaths of persons with Age ""Not Stated"" are included in ""All"" counts and rates, but are not distributed among age groups,",,,,,,,,,
"so are not included in age-specific counts, age-specific rates or in any age-adjusted rates. More information:",,,,,,,,,
http://wonder.cdc.gov/wonder/help/mcd.html#Not Stated.,,,,,,,,,
"3. The population figures for year 2020 are bridged-race estimates of the July 1 resident population, from the Vintage 2020",,,,,,,,,
"postcensal series released by NCHS on September 22, 2021. The population figures for year 2019 are bridged-race estimates of the",,,,,,,,,
"July 1 resident population, from the Vintage 2019 postcensal series released by NCHS on July 9, 2020. The population figures for",,,,,,,,,
"year 2018 are bridged-race estimates of the July 1 resident population, from the Vintage 2018 postcensal series released by NCHS",,,,,,,,,
"on June 25, 2019. The population figures for year 2017 are bridged-race estimates of the July 1 resident population, from the",,,,,,,,,
"Vintage 2017 postcensal series released by NCHS on June 27, 2018. The population figures for year 2016 are bridged-race",,,,,,,,,
"estimates of the July 1 resident population, from the Vintage 2016 postcensal series released by NCHS on June 26, 2017. The",,,,,,,,,
"population figures for year 2015 are bridged-race estimates of the July 1 resident population, from the Vintage 2015 postcensal",,,,,,,,,
"series released by NCHS on June 28, 2016. The population figures for year 2014 are bridged-race estimates of the July 1 resident",,,,,,,,,
"population, from the Vintage 2014 postcensal series released by NCHS on June 30, 2015. The population figures for year 2013 are",,,,,,,,,
"bridged-race estimates of the July 1 resident population, from the Vintage 2013 postcensal series released by NCHS on June 26,",,,,,,,,,
"2014. The population figures for year 2012 are bridged-race estimates of the July 1 resident population, from the Vintage 2012",,,,,,,,,
"postcensal series released by NCHS on June 13, 2013. Population figures for 2011 are bridged-race estimates of the July 1",,,,,,,,,
"resident population, from the county-level postcensal Vintage 2011 series released by NCHS on July 18, 2012. Population figures",,,,,,,,,
"for 2010 are April 1 Census counts. The population figures for years 2001 - 2009, are bridged-race estimates of the July 1",,,,,,,,,
"resident population, from the revised intercensal county-level 2000 - 2009 series released by NCHS on October 26, 2012.",,,,,,,,,
Population figures for 2000 are April 1 Census counts. Population figures for 1999 are from the 1990-1999 intercensal series of,,,,,,,,,
July 1 estimates. Population figures for Infant Age Groups are the number of live births. <br/><b>Note:</b> Rates and population,,,,,,,,,
"figures for years 2001 - 2009 differ slightly from previously published reports, due to use of the population estimates which",,,,,,,,,
were available at the time of release.,,,,,,,,,
