Notes,Year,Year Code,State,State Code,Ten-Year Age Groups,Ten-Year Age Groups Code,Sex,Sex Code,Deaths,Population,Crude Rate
,1999,1999,Alabama,01,35-44 years,35-44,Male,M,130,335631,38.7
,1999,1999,Alabama,01,45-54 years,45-54,Male,M,355,284323,124.9
,1999,1999,Alabama,01,55-64 years,55-64,Male,M,603,194056,310.7
,1999,1999,Alaska,02,35-44 years,35-44,Male,M,10,60064,
,1999,1999,Alaska,02,45-54 years,45-54,Male,M,37,48831,75.8
,1999,1999,Alaska,02,55-64 years,55-64,Male,M,46,23173,198.5
,1999,1999,Arizona,04,35-44 years,35-44,Male,M,86,384610,22.4
,1999,1999,Arizona,04,45-54 years,45-54,Male,M,308,296226,104.0
,1999,1999,Arizona,04,55-64 years,55-64,Male,M,589,203442,289.5
,1999,1999,Arkansas,05,35-44 years,35-44,Male,M,84,195273,43.0
,1999,1999,Arkansas,05,45-54 years,45-54,Male,M,222,166308,133.5
,1999,1999,Arkansas,05,55-64 years,55-64,Male,M,388,119881,323.7
,1999,1999,California,06,35-44 years,35-44,Male,M,493,2760947,17.9
,1999,1999,California,06,45-54 years,45-54,Male,M,1837,2064379,89.0
,1999,1999,California,06,55-64 years,55-64,Male,M,3222,1223139,263.4
,1999,1999,Colorado,08,35-44 years,35-44,Male,M,70,373273,18.8
,1999,1999,Colorado,08,45-54 years,45-54,Male,M,197,297388,66.2
,1999,1999,Colorado,08,55-64 years,55-64,Male,M,364,161800,225.0
,1999,1999,Connecticut,09,35-44 years,35-44,Male,M,53,284561,18.6
,1999,1999,Connecticut,09,45-54 years,45-54,Male,M,195,228474,85.3
,1999,1999,Connecticut,09,55-64 years,55-64,Male,M,363,145109,250.2
,1999,1999,Delaware,10,35-44 years,35-44,Male,M,18,62330,
,1999,1999,Delaware,10,45-54 years,45-54,Male,M,48,48750,98.5
,1999,1999,Delaware,10,55-64 years,55-64,Male,M,83,33230,249.8
,1999,1999,District of Columbia,11,35-44 years,35-44,Male,M,,44096,
,1999,1999,District of Columbia,11,45-54 years,45-54,Male,M,50,34379,145.4
,1999,1999,District of Columbia,11,55-64 years,55-64,Male,M,53,22242,238.3
,1999,1999,Florida,12,35-44 years,35-44,Male,M,367,1223234,30.0
,1999,1999,Florida,12,45-54 years,45-54,Male,M,1052,966780,108.8
,1999,1999,Florida,12,55-64 years,55-64,Male,M,2167,708839,305.7
,1999,1999,Georgia,13,35-44 years,35-44,Male,M,202,660376,30.6
,1999,1999,Georgia,13,45-54 years,45-54,Male,M,580,508674,114.0
,1999,1999,Georgia,13,55-64 years,55-64,Male,M,966,308354,313.3
,1999,1999,Hawaii,15,35-44 years,35-44,Male,M,22,97666,22.5
,1999,1999,Hawaii,15,45-54 years,45-54,Male,M,71,83710,84.8
,1999,1999,Hawaii,15,55-64 years,55-64,Male,M,129,50424,255.8
,1999,1999,Idaho,16,35-44 years,35-44,Male,M,18,97386,
,1999,1999,Idaho,16,45-54 years,45-54,Male,M,65,82912,78.4
,1999,1999,Idaho,16,55-64 years,55-64,Male,M,126,52239,241.2
,1999,1999,Illinois,17,35-44 years,35-44,Male,M,257,986053,26.1
,1999,1999,Illinois,17,45-54 years,45-54,Male,M,907,775959,116.9
,1999,1999,Illinois,17,55-64 years,55-64,Male,M,1604,491627,326.3
,1999,1999,Indiana,18,35-44 years,35-44,Male,M,157,478858,32.8
,1999,1999,Indiana,18,45-54 years,45-54,Male,M,473,393302,120.3
,1999,1999,Indiana,18,55-64 years,55-64,Male,M,782,252551,309.6
,1999,1999,Iowa,19,35-44 years,35-44,Male,M,53,224360,23.6
,1999,1999,Iowa,19,45-54 years,45-54,Male,M,184,192057,95.8
,1999,1999,Iowa,19,55-64 years,55-64,Male,M,335,124230,269.7
,1999,1999,Kansas,20,35-44 years,35-44,Male,M,47,212272,22.1
,1999,1999,Kansas,20,45-54 years,45-54,Male,M,144,172334,83.6
,1999,1999,Kansas,20,55-64 years,55-64,Male,M,266,105733,251.6
,1999,1999,Kentucky,21,35-44 years,35-44,Male,M,113,316592,35.7
,1999,1999,Kentucky,21,45-54 years,45-54,Male,M,350,265956,131.6
,1999,1999,Kentucky,21,55-64 years,55-64,Male,M,641,175819,364.6
,1999,1999,Louisiana,22,35-44 years,35-44,Male,M,133,339382,39.2
,1999,1999,Louisiana,22,45-54 years,45-54,Male,M,403,277057,145.5
,1999,1999,Louisiana,22,55-64 years,55-64,Male,M,638,176452,361.6
,1999,1999,Maine,23,35-44 years,35-44,Male,M,28,104519,26.8
,1999,1999,Maine,23,45-54 years,45-54,Male,M,77,92618,83.1
,1999,1999,Maine,23,55-64 years,55-64,Male,M,137,58545,234.0
,1999,1999,Maryland,24,35-44 years,35-44,Male,M,95,441710,21.5
,1999,1999,Maryland,24,45-54 years,45-54,Male,M,341,352869,96.6
,1999,1999,Maryland,24,55-64 years,55-64,Male,M,664,219754,302.2
,1999,1999,Massachusetts,25,35-44 years,35-44,Male,M,125,519686,24.1
,1999,1999,Massachusetts,25,45-54 years,45-54,Male,M,314,412688,76.1
,1999,1999,Massachusetts,25,55-64 years,55-64,Male,M,596,254634,234.1
,1999,1999,Michigan,26,35-44 years,35-44,Male,M,270,796374,33.9
,1999,1999,Michigan,26,45-54 years,45-54,Male,M,791,656207,120.5
,1999,1999,Michigan,26,55-64 years,55-64,Male,M,1432,411898,347.7
,1999,1999,Minnesota,27,35-44 years,35-44,Male,M,86,414785,20.7
,1999,1999,Minnesota,27,45-54 years,45-54,Male,M,266,323007,82.4
,1999,1999,Minnesota,27,55-64 years,55-64,Male,M,372,194395,191.4
,1999,1999,Mississippi,28,35-44 years,35-44,Male,M,110,205967,53.4
,1999,1999,Mississippi,28,45-54 years,45-54,Male,M,276,170376,162.0
,1999,1999,Mississippi,28,55-64 years,55-64,Male,M,483,114647,421.3
,1999,1999,Missouri,29,35-44 years,35-44,Male,M,142,438657,32.4
,1999,1999,Missouri,29,45-54 years,45-54,Male,M,469,351662,133.4
,1999,1999,Missouri,29,55-64 years,55-64,Male,M,808,239259,337.7
,1999,1999,Montana,30,35-44 years,35-44,Male,M,14,71273,
,1999,1999,Montana,30,45-54 years,45-54,Male,M,56,66448,84.3
,1999,1999,Montana,30,55-64 years,55-64,Male,M,88,41804,210.5
,1999,1999,Nebraska,31,35-44 years,35-44,Male,M,33,133565,24.7
,1999,1999,Nebraska,31,45-54 years,45-54,Male,M,80,109357,73.2
,1999,1999,Nebraska,31,55-64 years,55-64,Male,M,147,68387,215.0
,1999,1999,Nevada,32,35-44 years,35-44,Male,M,35,164054,21.3
,1999,1999,Nevada,32,45-54 years,45-54,Male,M,167,129481,129.0
,1999,1999,Nevada,32,55-64 years,55-64,Male,M,297,91487,324.6
,1999,1999,New Hampshire,33,35-44 years,35-44,Male,M,25,109539,22.8
,1999,1999,New Hampshire,33,45-54 years,45-54,Male,M,66,88379,74.7
,1999,1999,New Hampshire,33,55-64 years,55-64,Male,M,145,52450,276.5
,1999,1999,New Jersey,34,35-44 years,35-44,Male,M,148,706034,21.0
,1999,1999,New Jersey,34,45-54 years,45-54,Male,M,511,547694,93.3
,1999,1999,New Jersey,34,55-64 years,55-64,Male,M,891,352541,252.7
,1999,1999,New Mexico,35,35-44 years,35-44,Male,M,22,139789,15.7
,1999,1999,New Mexico,35,45-54 years,45-54,Male,M,93,116461,79.9
,1999,1999,New Mexico,35,55-64 years,55-64,Male,M,196,74425,263.4
,1999,1999,New York,36,35-44 years,35-44,Male,M,318,1506475,21.1
,1999,1999,New York,36,45-54 years,45-54,Male,M,1245,1197851,103.9
,1999,1999,New York,36,55-64 years,55-64,Male,M,2477,775941,319.2
,1999,1999,North Carolina,37,35-44 years,35-44,Male,M,207,632761,32.7
,1999,1999,North Carolina,37,45-54 years,45-54,Male,M,652,513327,127.0
,1999,1999,North Carolina,37,55-64 years,55-64,Male,M,1118,337298,331.5
,1999,1999,North Dakota,38,35-44 years,35-44,Male,M,15,50353,
,1999,1999,North Dakota,38,45-54 years,45-54,Male,M,43,42487,101.2
,1999,1999,North Dakota,38,55-64 years,55-64,Male,M,82,26261,312.3
,1999,1999,Ohio,39,35-44 years,35-44,Male,M,276,895854,30.8
,1999,1999,Ohio,39,45-54 years,45-54,Male,M,879,747403,117.6
,1999,1999,Ohio,39,55-64 years,55-64,Male,M,1548,477384,324.3
,1999,1999,Oklahoma,40,35-44 years,35-44,Male,M,98,262484,37.3
,1999,1999,Oklahoma,40,45-54 years,45-54,Male,M,316,217390,145.4
,1999,1999,Oklahoma,40,55-64 years,55-64,Male,M,620,149688,414.2
,1999,1999,Oregon,41,35-44 years,35-44,Male,M,58,266688,21.7
,1999,1999,Oregon,41,45-54 years,45-54,Male,M,196,246155,79.6
,1999,1999,Oregon,41,55-64 years,55-64,Male,M,357,145281,245.7
,1999,1999,Pennsylvania,42,35-44 years,35-44,Male,M,269,966081,27.8
,1999,1999,Pennsylvania,42,45-54 years,45-54,Male,M,877,814584,107.7
,1999,1999,Pennsylvania,42,55-64 years,55-64,Male,M,1633,532986,306.4
,1999,1999,Rhode Island,44,35-44 years,35-44,Male,M,27,83123,32.5
,1999,1999,Rhode Island,44,45-54 years,45-54,Male,M,72,67028,107.4
,1999,1999,Rhode Island,44,55-64 years,55-64,Male,M,120,41269,290.8
,1999,1999,South Carolina,45,35-44 years,35-44,Male,M,116,304550,38.1
,1999,1999,South Carolina,45,45-54 years,45-54,Male,M,374,258099,144.9
,1999,1999,South Carolina,45,55-64 years,55-64,Male,M,649,172669,375.9
,1999,1999,South Dakota,46,35-44 years,35-44,Male,M,12,58318,
,1999,1999,South Dakota,46,45-54 years,45-54,Male,M,54,47869,112.8
,1999,1999,South Dakota,46,55-64 years,55-64,Male,M,81,30162,268.5
,1999,1999,Tennessee,47,35-44 years,35-44,Male,M,205,441235,46.5
,1999,1999,Tennessee,47,45-54 years,45-54,Male,M,564,374763,150.5
,1999,1999,Tennessee,47,55-64 years,55-64,Male,M,962,250764,383.6
,1999,1999,Texas,48,35-44 years,35-44,Male,M,450,1656972,27.2
,1999,1999,Texas,48,45-54 years,45-54,Male,M,1357,1244195,109.1
,1999,1999,Texas,48,55-64 years,55-64,Male,M,2380,750046,317.3
,1999,1999,Utah,49,35-44 years,35-44,Male,M,25,151324,16.5
,1999,1999,Utah,49,45-54 years,45-54,Male,M,74,114783,64.5
,1999,1999,Utah,49,55-64 years,55-64,Male,M,105,68062,154.3
,1999,1999,Vermont,50,35-44 years,35-44,Male,M,15,50274,
,1999,1999,Vermont,50,45-54 years,45-54,Male,M,48,45168,106.3
,1999,1999,Vermont,50,55-64 years,55-64,Male,M,67,27251,245.9
,1999,1999,Virginia,51,35-44 years,35-44,Male,M,170,588717,28.9
,1999,1999,Virginia,51,45-54 years,45-54,Male,M,435,474690,91.6
,1999,1999,Virginia,51,55-64 years,55-64,Male,M,787,297502,264.5
,1999,1999,Washington,53,35-44 years,35-44,Male,M,91,493491,18.4
,1999,1999,Washington,53,45-54 years,45-54,Male,M,318,409640,77.6
,1999,1999,Washington,53,55-64 years,55-64,Male,M,568,239401,237.3
,1999,1999,West Virginia,54,35-44 years,35-44,Male,M,59,135276,43.6
,1999,1999,West Virginia,54,45-54 years,45-54,Male,M,204,131608,155.0
,1999,1999,West Virginia,54,55-64 years,55-64,Male,M,322,88635,363.3
,1999,1999,Wisconsin,55,35-44 years,35-44,Male,M,101,439947,23.0
,1999,1999,Wisconsin,55,45-54 years,45-54,Male,M,338,356822,94.7
,1999,1999,Wisconsin,55,55-64 years,55-64,Male,M,572,220229,259.7
,1999,1999,Wyoming,56,35-44 years,35-44,Male,M,,40234,
,1999,1999,Wyoming,56,45-54 years,45-54,Male,M,30,36606,82.0
,1999,1999,Wyoming,56,55-64 years,55-64,Male,M,54,21868,246.9
,2000,2000,Alabama,01,35-44 years,35-44,Male,M,104,334930,31.1
,2000,2000,Alabama,01,45-54 years,45-54,Male,M,364,291764,124.8
,2000,2000,Alabama,01,55-64 years,55-64,Male,M,592,196694,301.0
,2000,2000,Alaska,02,35-44 years,35-44,Male,M,,58354,
,2000,2000,Alaska,02,45-54 years,45-54,Male,M,43,50261,85.6
,2000,2000,Alaska,02,55-64 years,55-64,Male,M,51,23906,213.3
,2000,2000,Arizona,04,35-44 years,35-44,Male,M,88,388657,22.6
,2000,2000,Arizona,04,45-54 years,45-54,Male,M,313,307789,101.7
,2000,2000,Arizona,04,55-64 years,55-64,Male,M,545,210410,259.0
,2000,2000,Arkansas,05,35-44 years,35-44,Male,M,81,197120,41.1
,2000,2000,Arkansas,05,45-54 years,45-54,Male,M,230,171244,134.3
,2000,2000,Arkansas,05,55-64 years,55-64,Male,M,434,122870,353.2
,2000,2000,California,06,35-44 years,35-44,Male,M,468,2772494,16.9
,2000,2000,California,06,45-54 years,45-54,Male,M,1697,2133761,79.5
,2000,2000,California,06,55-64 years,55-64,Male,M,3272,1257308,260.2
,2000,2000,Colorado,08,35-44 years,35-44,Male,M,57,372346,15.3
,2000,2000,Colorado,08,45-54 years,45-54,Male,M,205,308351,66.5
,2000,2000,Colorado,08,55-64 years,55-64,Male,M,316,167084,189.1
,2000,2000,Connecticut,09,35-44 years,35-44,Male,M,63,285229,22.1
,2000,2000,Connecticut,09,45-54 years,45-54,Male,M,209,234113,89.3
,2000,2000,Connecticut,09,55-64 years,55-64,Male,M,345,148030,233.1
,2000,2000,Delaware,10,35-44 years,35-44,Male,M,18,62685,
,2000,2000,Delaware,10,45-54 years,45-54,Male,M,51,50279,101.4
,2000,2000,Delaware,10,55-64 years,55-64,Male,M,116,33990,341.3
,2000,2000,District of Columbia,11,35-44 years,35-44,Male,M,13,44009,
,2000,2000,District of Columbia,11,45-54 years,45-54,Male,M,43,35360,121.6
,2000,2000,District of Columbia,11,55-64 years,55-64,Male,M,69,22727,303.6
,2000,2000,Florida,12,35-44 years,35-44,Male,M,339,1237689,27.4
,2000,2000,Florida,12,45-54 years,45-54,Male,M,1158,1005204,115.2
,2000,2000,Florida,12,55-64 years,55-64,Male,M,2095,732704,285.9
,2000,2000,Georgia,13,35-44 years,35-44,Male,M,192,670503,28.6
,2000,2000,Georgia,13,45-54 years,45-54,Male,M,566,524950,107.8
,2000,2000,Georgia,13,55-64 years,55-64,Male,M,931,317915,292.8
,2000,2000,Hawaii,15,35-44 years,35-44,Male,M,19,96577,
,2000,2000,Hawaii,15,45-54 years,45-54,Male,M,65,85653,75.9
,2000,2000,Hawaii,15,55-64 years,55-64,Male,M,122,52198,233.7
,2000,2000,Idaho,16,35-44 years,35-44,Male,M,17,97089,
,2000,2000,Idaho,16,45-54 years,45-54,Male,M,68,85789,79.3
,2000,2000,Idaho,16,55-64 years,55-64,Male,M,139,53724,258.7
,2000,2000,Illinois,17,35-44 years,35-44,Male,M,266,985069,27.0
,2000,2000,Illinois,17,45-54 years,45-54,Male,M,941,797578,118.0
,2000,2000,Illinois,17,55-64 years,55-64,Male,M,1501,497104,301.9
,2000,2000,Indiana,18,35-44 years,35-44,Male,M,166,478310,34.7
,2000,2000,Indiana,18,45-54 years,45-54,Male,M,482,404106,119.3
,2000,2000,Indiana,18,55-64 years,55-64,Male,M,821,256169,320.5
,2000,2000,Iowa,19,35-44 years,35-44,Male,M,57,222612,25.6
,2000,2000,Iowa,19,45-54 years,45-54,Male,M,212,197608,107.3
,2000,2000,Iowa,19,55-64 years,55-64,Male,M,346,125136,276.5
,2000,2000,Kansas,20,35-44 years,35-44,Male,M,50,210328,23.8
,2000,2000,Kansas,20,45-54 years,45-54,Male,M,163,177665,91.7
,2000,2000,Kansas,20,55-64 years,55-64,Male,M,269,107089,251.2
,2000,2000,Kentucky,21,35-44 years,35-44,Male,M,136,317528,42.8
,2000,2000,Kentucky,21,45-54 years,45-54,Male,M,352,273923,128.5
,2000,2000,Kentucky,21,55-64 years,55-64,Male,M,582,179180,324.8
,2000,2000,Louisiana,22,35-44 years,35-44,Male,M,136,337350,40.3
,2000,2000,Louisiana,22,45-54 years,45-54,Male,M,341,285205,119.6
,2000,2000,Louisiana,22,55-64 years,55-64,Male,M,639,179454,356.1
,2000,2000,Maine,23,35-44 years,35-44,Male,M,30,104029,28.8
,2000,2000,Maine,23,45-54 years,45-54,Male,M,92,95780,96.1
,2000,2000,Maine,23,55-64 years,55-64,Male,M,149,60278,247.2
,2000,2000,Maryland,24,35-44 years,35-44,Male,M,98,443754,22.1
,2000,2000,Maryland,24,45-54 years,45-54,Male,M,340,362093,93.9
,2000,2000,Maryland,24,55-64 years,55-64,Male,M,614,225250,272.6
,2000,2000,Massachusetts,25,35-44 years,35-44,Male,M,117,522345,22.4
,2000,2000,Massachusetts,25,45-54 years,45-54,Male,M,342,424234,80.6
,2000,2000,Massachusetts,25,55-64 years,55-64,Male,M,572,260345,219.7
,2000,2000,Michigan,26,35-44 years,35-44,Male,M,239,793234,30.1
,2000,2000,Michigan,26,45-54 years,45-54,Male,M,792,675322,117.3
,2000,2000,Michigan,26,55-64 years,55-64,Male,M,1424,418706,340.1
,2000,2000,Minnesota,27,35-44 years,35-44,Male,M,76,415317,18.3
,2000,2000,Minnesota,27,45-54 years,45-54,Male,M,210,334551,62.8
,2000,2000,Minnesota,27,55-64 years,55-64,Male,M,361,198851,181.5
,2000,2000,Mississippi,28,35-44 years,35-44,Male,M,109,206495,52.8
,2000,2000,Mississippi,28,45-54 years,45-54,Male,M,271,176013,154.0
,2000,2000,Mississippi,28,55-64 years,55-64,Male,M,464,116600,397.9
,2000,2000,Missouri,29,35-44 years,35-44,Male,M,133,439397,30.3
,2000,2000,Missouri,29,45-54 years,45-54,Male,M,427,362352,117.8
,2000,2000,Missouri,29,55-64 years,55-64,Male,M,702,243272,288.6
,2000,2000,Montana,30,35-44 years,35-44,Male,M,15,69942,
,2000,2000,Montana,30,45-54 years,45-54,Male,M,64,68522,93.4
,2000,2000,Montana,30,55-64 years,55-64,Male,M,109,42800,254.7
,2000,2000,Nebraska,31,35-44 years,35-44,Male,M,24,132620,18.1
,2000,2000,Nebraska,31,45-54 years,45-54,Male,M,81,112606,71.9
,2000,2000,Nebraska,31,55-64 years,55-64,Male,M,108,69051,156.4
,2000,2000,Nevada,32,35-44 years,35-44,Male,M,38,167706,22.7
,2000,2000,Nevada,32,45-54 years,45-54,Male,M,141,135656,103.9
,2000,2000,Nevada,32,55-64 years,55-64,Male,M,303,95583,317.0
,2000,2000,New Hampshire,33,35-44 years,35-44,Male,M,23,109654,21.0
,2000,2000,New Hampshire,33,45-54 years,45-54,Male,M,86,91793,93.7
,2000,2000,New Hampshire,33,55-64 years,55-64,Male,M,136,54400,250.0
,2000,2000,New Jersey,34,35-44 years,35-44,Male,M,138,708291,19.5
,2000,2000,New Jersey,34,45-54 years,45-54,Male,M,515,561202,91.8
,2000,2000,New Jersey,34,55-64 years,55-64,Male,M,976,358632,272.1
,2000,2000,New Mexico,35,35-44 years,35-44,Male,M,30,138892,21.6
,2000,2000,New Mexico,35,45-54 years,45-54,Male,M,80,119923,66.7
,2000,2000,New Mexico,35,55-64 years,55-64,Male,M,173,76195,227.0
,2000,2000,New York,36,35-44 years,35-44,Male,M,324,1509276,21.5
,2000,2000,New York,36,45-54 years,45-54,Male,M,1248,1226925,101.7
,2000,2000,New York,36,55-64 years,55-64,Male,M,2411,786187,306.7
,2000,2000,North Carolina,37,35-44 years,35-44,Male,M,196,637301,30.8
,2000,2000,North Carolina,37,45-54 years,45-54,Male,M,667,528012,126.3
,2000,2000,North Carolina,37,55-64 years,55-64,Male,M,1133,344460,328.9
,2000,2000,North Dakota,38,35-44 years,35-44,Male,M,13,49245,
,2000,2000,North Dakota,38,45-54 years,45-54,Male,M,48,43874,109.4
,2000,2000,North Dakota,38,55-64 years,55-64,Male,M,80,26450,302.5
,2000,2000,Ohio,39,35-44 years,35-44,Male,M,279,890083,31.3
,2000,2000,Ohio,39,45-54 years,45-54,Male,M,898,768978,116.8
,2000,2000,Ohio,39,55-64 years,55-64,Male,M,1592,480567,331.3
,2000,2000,Oklahoma,40,35-44 years,35-44,Male,M,106,260722,40.7
,2000,2000,Oklahoma,40,45-54 years,45-54,Male,M,358,223029,160.5
,2000,2000,Oklahoma,40,55-64 years,55-64,Male,M,635,152057,417.6
,2000,2000,Oregon,41,35-44 years,35-44,Male,M,44,263155,16.7
,2000,2000,Oregon,41,45-54 years,45-54,Male,M,187,252178,74.2
,2000,2000,Oregon,41,55-64 years,55-64,Male,M,353,149587,236.0
,2000,2000,Pennsylvania,42,35-44 years,35-44,Male,M,257,961114,26.7
,2000,2000,Pennsylvania,42,45-54 years,45-54,Male,M,842,838567,100.4
,2000,2000,Pennsylvania,42,55-64 years,55-64,Male,M,1573,538760,292.0
,2000,2000,Rhode Island,44,35-44 years,35-44,Male,M,22,83264,26.4
,2000,2000,Rhode Island,44,45-54 years,45-54,Male,M,75,69362,108.1
,2000,2000,Rhode Island,44,55-64 years,55-64,Male,M,112,42322,264.6
,2000,2000,South Carolina,45,35-44 years,35-44,Male,M,119,305991,38.9
,2000,2000,South Carolina,45,45-54 years,45-54,Male,M,362,265876,136.2
,2000,2000,South Carolina,45,55-64 years,55-64,Male,M,616,177705,346.6
,2000,2000,South Dakota,46,35-44 years,35-44,Male,M,16,58093,
,2000,2000,South Dakota,46,45-54 years,45-54,Male,M,51,49843,102.3
,2000,2000,South Dakota,46,55-64 years,55-64,Male,M,77,30611,251.5
,2000,2000,Tennessee,47,35-44 years,35-44,Male,M,173,442911,39.1
,2000,2000,Tennessee,47,45-54 years,45-54,Male,M,579,384928,150.4
,2000,2000,Tennessee,47,55-64 years,55-64,Male,M,985,255801,385.1
,2000,2000,Texas,48,35-44 years,35-44,Male,M,411,1668604,24.6
,2000,2000,Texas,48,45-54 years,45-54,Male,M,1396,1289818,108.2
,2000,2000,Texas,48,55-64 years,55-64,Male,M,2442,770800,316.8
,2000,2000,Utah,49,35-44 years,35-44,Male,M,24,151576,15.8
,2000,2000,Utah,49,45-54 years,45-54,Male,M,74,118948,62.2
,2000,2000,Utah,49,55-64 years,55-64,Male,M,126,69520,181.2
,2000,2000,Vermont,50,35-44 years,35-44,Male,M,18,49846,
,2000,2000,Vermont,50,45-54 years,45-54,Male,M,36,46515,77.4
,2000,2000,Vermont,50,55-64 years,55-64,Male,M,57,28183,202.2
,2000,2000,Virginia,51,35-44 years,35-44,Male,M,150,593977,25.3
,2000,2000,Virginia,51,45-54 years,45-54,Male,M,474,487776,97.2
,2000,2000,Virginia,51,55-64 years,55-64,Male,M,816,305857,266.8
,2000,2000,Washington,53,35-44 years,35-44,Male,M,102,490298,20.8
,2000,2000,Washington,53,45-54 years,45-54,Male,M,334,420567,79.4
,2000,2000,Washington,53,55-64 years,55-64,Male,M,576,246520,233.7
,2000,2000,West Virginia,54,35-44 years,35-44,Male,M,60,133458,45.0
,2000,2000,West Virginia,54,45-54 years,45-54,Male,M,199,134727,147.7
,2000,2000,West Virginia,54,55-64 years,55-64,Male,M,340,89789,378.7
,2000,2000,Wisconsin,55,35-44 years,35-44,Male,M,113,439087,25.7
,2000,2000,Wisconsin,55,45-54 years,45-54,Male,M,348,368707,94.4
,2000,2000,Wisconsin,55,55-64 years,55-64,Male,M,537,223943,239.8
,2000,2000,Wyoming,56,35-44 years,35-44,Male,M,12,39242,
,2000,2000,Wyoming,56,45-54 years,45-54,Male,M,29,37950,76.4
,2000,2000,Wyoming,56,55-64 years,55-64,Male,M,58,22582,256.8
,2001,2001,Alabama,01,35-44 years,35-44,Male,M,129,331017,39.0
,2001,2001,Alabama,01,45-54 years,45-54,Male,M,376,303384,123.9
,2001,2001,Alabama,01,55-64 years,55-64,Male,M,571,201485,283.4
,2001,2001,Alaska,02,35-44 years,35-44,Male,M,15,56799,
,2001,2001,Alaska,02,45-54 years,45-54,Male,M,42,52815,79.5
,2001,2001,Alaska,02,55-64 years,55-64,Male,M,46,25443,180.8
,2001,2001,Arizona,04,35-44 years,35-44,Male,M,73,393437,18.6
,2001,2001,Arizona,04,45-54 years,45-54,Male,M,287,325535,88.2
,2001,2001,Arizona,04,55-64 years,55-64,Male,M,596,221049,269.6
,2001,2001,Arkansas,05,35-44 years,35-44,Male,M,90,195794,46.0
,2001,2001,Arkansas,05,45-54 years,45-54,Male,M,239,177888,134.4
,2001,2001,Arkansas,05,55-64 years,55-64,Male,M,458,125992,363.5
,2001,2001,California,06,35-44 years,35-44,Male,M,395,2791352,14.2
,2001,2001,California,06,45-54 years,45-54,Male,M,1709,2234943,76.5
,2001,2001,California,06,55-64 years,55-64,Male,M,3132,1313640,238.4
,2001,2001,Colorado,08,35-44 years,35-44,Male,M,68,373687,18.2
,2001,2001,Colorado,08,45-54 years,45-54,Male,M,199,325545,61.1
,2001,2001,Colorado,08,55-64 years,55-64,Male,M,306,176624,173.2
,2001,2001,Connecticut,09,35-44 years,35-44,Male,M,53,284635,18.6
,2001,2001,Connecticut,09,45-54 years,45-54,Male,M,183,243681,75.1
,2001,2001,Connecticut,09,55-64 years,55-64,Male,M,319,153381,208.0
,2001,2001,Delaware,10,35-44 years,35-44,Male,M,21,62747,33.5
,2001,2001,Delaware,10,45-54 years,45-54,Male,M,44,52929,83.1
,2001,2001,Delaware,10,55-64 years,55-64,Male,M,108,35324,305.7
,2001,2001,District of Columbia,11,35-44 years,35-44,Male,M,17,44255,
,2001,2001,District of Columbia,11,45-54 years,45-54,Male,M,47,36359,129.3
,2001,2001,District of Columbia,11,55-64 years,55-64,Male,M,87,23313,373.2
,2001,2001,Florida,12,35-44 years,35-44,Male,M,347,1254696,27.7
,2001,2001,Florida,12,45-54 years,45-54,Male,M,1101,1061926,103.7
,2001,2001,Florida,12,55-64 years,55-64,Male,M,2152,766856,280.6
,2001,2001,Georgia,13,35-44 years,35-44,Male,M,180,680285,26.5
,2001,2001,Georgia,13,45-54 years,45-54,Male,M,587,551681,106.4
,2001,2001,Georgia,13,55-64 years,55-64,Male,M,920,332781,276.5
,2001,2001,Hawaii,15,35-44 years,35-44,Male,M,23,95181,24.2
,2001,2001,Hawaii,15,45-54 years,45-54,Male,M,75,89002,84.3
,2001,2001,Hawaii,15,55-64 years,55-64,Male,M,95,55214,172.1
,2001,2001,Idaho,16,35-44 years,35-44,Male,M,20,96772,20.7
,2001,2001,Idaho,16,45-54 years,45-54,Male,M,67,89967,74.5
,2001,2001,Idaho,16,55-64 years,55-64,Male,M,123,56484,217.8
,2001,2001,Illinois,17,35-44 years,35-44,Male,M,267,977616,27.3
,2001,2001,Illinois,17,45-54 years,45-54,Male,M,908,830457,109.3
,2001,2001,Illinois,17,55-64 years,55-64,Male,M,1451,509041,285.0
,2001,2001,Indiana,18,35-44 years,35-44,Male,M,174,473936,36.7
,2001,2001,Indiana,18,45-54 years,45-54,Male,M,457,421373,108.5
,2001,2001,Indiana,18,55-64 years,55-64,Male,M,785,262727,298.8
,2001,2001,Iowa,19,35-44 years,35-44,Male,M,55,218671,25.2
,2001,2001,Iowa,19,45-54 years,45-54,Male,M,193,205556,93.9
,2001,2001,Iowa,19,55-64 years,55-64,Male,M,326,127912,254.9
,2001,2001,Kansas,20,35-44 years,35-44,Male,M,48,206228,23.3
,2001,2001,Kansas,20,45-54 years,45-54,Male,M,172,185887,92.5
,2001,2001,Kansas,20,55-64 years,55-64,Male,M,251,110151,227.9
,2001,2001,Kentucky,21,35-44 years,35-44,Male,M,122,315403,38.7
,2001,2001,Kentucky,21,45-54 years,45-54,Male,M,409,284916,143.6
,2001,2001,Kentucky,21,55-64 years,55-64,Male,M,651,184085,353.6
,2001,2001,Louisiana,22,35-44 years,35-44,Male,M,131,332543,39.4
,2001,2001,Louisiana,22,45-54 years,45-54,Male,M,430,298116,144.2
,2001,2001,Louisiana,22,55-64 years,55-64,Male,M,636,184096,345.5
,2001,2001,Maine,23,35-44 years,35-44,Male,M,14,103394,
,2001,2001,Maine,23,45-54 years,45-54,Male,M,88,99804,88.2
,2001,2001,Maine,23,55-64 years,55-64,Male,M,135,62620,215.6
,2001,2001,Maryland,24,35-44 years,35-44,Male,M,93,444366,20.9
,2001,2001,Maryland,24,45-54 years,45-54,Male,M,352,377702,93.2
,2001,2001,Maryland,24,55-64 years,55-64,Male,M,597,233749,255.4
,2001,2001,Massachusetts,25,35-44 years,35-44,Male,M,106,521165,20.3
,2001,2001,Massachusetts,25,45-54 years,45-54,Male,M,315,441081,71.4
,2001,2001,Massachusetts,25,55-64 years,55-64,Male,M,578,269128,214.8
,2001,2001,Michigan,26,35-44 years,35-44,Male,M,240,784221,30.6
,2001,2001,Michigan,26,45-54 years,45-54,Male,M,762,702936,108.4
,2001,2001,Michigan,26,55-64 years,55-64,Male,M,1304,430507,302.9
,2001,2001,Minnesota,27,35-44 years,35-44,Male,M,101,412806,24.5
,2001,2001,Minnesota,27,45-54 years,45-54,Male,M,264,351903,75.0
,2001,2001,Minnesota,27,55-64 years,55-64,Male,M,386,206297,187.1
,2001,2001,Mississippi,28,35-44 years,35-44,Male,M,100,204399,48.9
,2001,2001,Mississippi,28,45-54 years,45-54,Male,M,278,183630,151.4
,2001,2001,Mississippi,28,55-64 years,55-64,Male,M,422,119585,352.9
,2001,2001,Missouri,29,35-44 years,35-44,Male,M,152,435544,34.9
,2001,2001,Missouri,29,45-54 years,45-54,Male,M,408,379982,107.4
,2001,2001,Missouri,29,55-64 years,55-64,Male,M,760,249323,304.8
,2001,2001,Montana,30,35-44 years,35-44,Male,M,15,67782,
,2001,2001,Montana,30,45-54 years,45-54,Male,M,42,71324,58.9
,2001,2001,Montana,30,55-64 years,55-64,Male,M,107,44454,240.7
,2001,2001,Nebraska,31,35-44 years,35-44,Male,M,32,129924,24.6
,2001,2001,Nebraska,31,45-54 years,45-54,Male,M,70,118009,59.3
,2001,2001,Nebraska,31,55-64 years,55-64,Male,M,131,71059,184.4
,2001,2001,Nevada,32,35-44 years,35-44,Male,M,34,174210,19.5
,2001,2001,Nevada,32,45-54 years,45-54,Male,M,144,145455,99.0
,2001,2001,Nevada,32,55-64 years,55-64,Male,M,345,102075,338.0
,2001,2001,New Hampshire,33,35-44 years,35-44,Male,M,28,109812,25.5
,2001,2001,New Hampshire,33,45-54 years,45-54,Male,M,82,96711,84.8
,2001,2001,New Hampshire,33,55-64 years,55-64,Male,M,139,56723,245.1
,2001,2001,New Jersey,34,35-44 years,35-44,Male,M,130,709444,18.3
,2001,2001,New Jersey,34,45-54 years,45-54,Male,M,485,583808,83.1
,2001,2001,New Jersey,34,55-64 years,55-64,Male,M,895,369011,242.5
,2001,2001,New Mexico,35,35-44 years,35-44,Male,M,29,136274,21.3
,2001,2001,New Mexico,35,45-54 years,45-54,Male,M,109,124870,87.3
,2001,2001,New Mexico,35,55-64 years,55-64,Male,M,185,79037,234.1
,2001,2001,New York,36,35-44 years,35-44,Male,M,339,1506897,22.5
,2001,2001,New York,36,45-54 years,45-54,Male,M,1186,1270239,93.4
,2001,2001,New York,36,55-64 years,55-64,Male,M,2319,806901,287.4
,2001,2001,North Carolina,37,35-44 years,35-44,Male,M,205,642676,31.9
,2001,2001,North Carolina,37,45-54 years,45-54,Male,M,646,553583,116.7
,2001,2001,North Carolina,37,55-64 years,55-64,Male,M,1055,359046,293.8
,2001,2001,North Dakota,38,35-44 years,35-44,Male,M,10,47355,
,2001,2001,North Dakota,38,45-54 years,45-54,Male,M,47,45894,102.4
,2001,2001,North Dakota,38,55-64 years,55-64,Male,M,73,26977,270.6
,2001,2001,Ohio,39,35-44 years,35-44,Male,M,274,877182,31.2
,2001,2001,Ohio,39,45-54 years,45-54,Male,M,951,800763,118.8
,2001,2001,Ohio,39,55-64 years,55-64,Male,M,1536,491046,312.8
,2001,2001,Oklahoma,40,35-44 years,35-44,Male,M,83,256672,32.3
,2001,2001,Oklahoma,40,45-54 years,45-54,Male,M,335,232041,144.4
,2001,2001,Oklahoma,40,55-64 years,55-64,Male,M,565,155414,363.5
,2001,2001,Oregon,41,35-44 years,35-44,Male,M,42,260373,16.1
,2001,2001,Oregon,41,45-54 years,45-54,Male,M,202,261753,77.2
,2001,2001,Oregon,41,55-64 years,55-64,Male,M,319,156869,203.4
,2001,2001,Pennsylvania,42,35-44 years,35-44,Male,M,254,947232,26.8
,2001,2001,Pennsylvania,42,45-54 years,45-54,Male,M,861,873521,98.6
,2001,2001,Pennsylvania,42,55-64 years,55-64,Male,M,1482,550478,269.2
,2001,2001,Rhode Island,44,35-44 years,35-44,Male,M,27,83030,32.5
,2001,2001,Rhode Island,44,45-54 years,45-54,Male,M,61,72464,84.2
,2001,2001,Rhode Island,44,55-64 years,55-64,Male,M,126,44023,286.2
,2001,2001,South Carolina,45,35-44 years,35-44,Male,M,124,305777,40.6
,2001,2001,South Carolina,45,45-54 years,45-54,Male,M,329,276745,118.9
,2001,2001,South Carolina,45,55-64 years,55-64,Male,M,575,185016,310.8
,2001,2001,South Dakota,46,35-44 years,35-44,Male,M,14,56900,
,2001,2001,South Dakota,46,45-54 years,45-54,Male,M,56,52453,106.8
,2001,2001,South Dakota,46,55-64 years,55-64,Male,M,90,31543,285.3
,2001,2001,Tennessee,47,35-44 years,35-44,Male,M,163,441822,36.9
,2001,2001,Tennessee,47,45-54 years,45-54,Male,M,557,400336,139.1
,2001,2001,Tennessee,47,55-64 years,55-64,Male,M,958,263636,363.4
,2001,2001,Texas,48,35-44 years,35-44,Male,M,434,1678642,25.9
,2001,2001,Texas,48,45-54 years,45-54,Male,M,1459,1361116,107.2
,2001,2001,Texas,48,55-64 years,55-64,Male,M,2398,805088,297.9
,2001,2001,Utah,49,35-44 years,35-44,Male,M,28,151360,18.5
,2001,2001,Utah,49,45-54 years,45-54,Male,M,71,125992,56.4
,2001,2001,Utah,49,55-64 years,55-64,Male,M,136,72891,186.6
,2001,2001,Vermont,50,35-44 years,35-44,Male,M,,49050,
,2001,2001,Vermont,50,45-54 years,45-54,Male,M,38,48416,78.5
,2001,2001,Vermont,50,55-64 years,55-64,Male,M,55,29333,187.5
,2001,2001,Virginia,51,35-44 years,35-44,Male,M,136,593981,22.9
,2001,2001,Virginia,51,45-54 years,45-54,Male,M,474,510141,92.9
,2001,2001,Virginia,51,55-64 years,55-64,Male,M,801,318881,251.2
,2001,2001,Washington,53,35-44 years,35-44,Male,M,98,487832,20.1
,2001,2001,Washington,53,45-54 years,45-54,Male,M,329,439908,74.8
,2001,2001,Washington,53,55-64 years,55-64,Male,M,588,258680,227.3
,2001,2001,West Virginia,54,35-44 years,35-44,Male,M,62,130526,47.5
,2001,2001,West Virginia,54,45-54 years,45-54,Male,M,222,138717,160.0
,2001,2001,West Virginia,54,55-64 years,55-64,Male,M,304,91840,331.0
,2001,2001,Wisconsin,55,35-44 years,35-44,Male,M,102,435836,23.4
,2001,2001,Wisconsin,55,45-54 years,45-54,Male,M,357,386195,92.4
,2001,2001,Wisconsin,55,55-64 years,55-64,Male,M,571,231407,246.8
,2001,2001,Wyoming,56,35-44 years,35-44,Male,M,,37785,
,2001,2001,Wyoming,56,45-54 years,45-54,Male,M,36,39735,90.6
,2001,2001,Wyoming,56,55-64 years,55-64,Male,M,58,23494,246.9
,2002,2002,Alabama,01,35-44 years,35-44,Male,M,138,325253,42.4
,2002,2002,Alabama,01,45-54 years,45-54,Male,M,362,306036,118.3
,2002,2002,Alabama,01,55-64 years,55-64,Male,M,577,212993,270.9
,2002,2002,Alaska,02,35-44 years,35-44,Male,M,13,55096,
,2002,2002,Alaska,02,45-54 years,45-54,Male,M,50,54127,92.4
,2002,2002,Alaska,02,55-64 years,55-64,Male,M,70,28058,249.5
,2002,2002,Arizona,04,35-44 years,35-44,Male,M,84,395476,21.2
,2002,2002,Arizona,04,45-54 years,45-54,Male,M,324,334374,96.9
,2002,2002,Arizona,04,55-64 years,55-64,Male,M,632,236953,266.7
,2002,2002,Arkansas,05,35-44 years,35-44,Male,M,89,193228,46.1
,2002,2002,Arkansas,05,45-54 years,45-54,Male,M,293,179334,163.4
,2002,2002,Arkansas,05,55-64 years,55-64,Male,M,457,132792,344.1
,2002,2002,California,06,35-44 years,35-44,Male,M,494,2782733,17.8
,2002,2002,California,06,45-54 years,45-54,Male,M,1782,2279051,78.2
,2002,2002,California,06,55-64 years,55-64,Male,M,3267,1402754,232.9
,2002,2002,Colorado,08,35-44 years,35-44,Male,M,47,368490,12.8
,2002,2002,Colorado,08,45-54 years,45-54,Male,M,218,331561,65.7
,2002,2002,Colorado,08,55-64 years,55-64,Male,M,381,191359,199.1
,2002,2002,Connecticut,09,35-44 years,35-44,Male,M,64,281616,22.7
,2002,2002,Connecticut,09,45-54 years,45-54,Male,M,216,246589,87.6
,2002,2002,Connecticut,09,55-64 years,55-64,Male,M,339,163483,207.4
,2002,2002,Delaware,10,35-44 years,35-44,Male,M,25,62477,40.0
,2002,2002,Delaware,10,45-54 years,45-54,Male,M,56,53794,104.1
,2002,2002,Delaware,10,55-64 years,55-64,Male,M,81,37963,213.4
,2002,2002,District of Columbia,11,35-44 years,35-44,Male,M,,43690,
,2002,2002,District of Columbia,11,45-54 years,45-54,Male,M,45,36312,123.9
,2002,2002,District of Columbia,11,55-64 years,55-64,Male,M,90,24507,367.2
,2002,2002,Florida,12,35-44 years,35-44,Male,M,326,1259847,25.9
,2002,2002,Florida,12,45-54 years,45-54,Male,M,1095,1091171,100.4
,2002,2002,Florida,12,55-64 years,55-64,Male,M,2194,818394,268.1
,2002,2002,Georgia,13,35-44 years,35-44,Male,M,214,681909,31.4
,2002,2002,Georgia,13,45-54 years,45-54,Male,M,568,562113,101.0
,2002,2002,Georgia,13,55-64 years,55-64,Male,M,955,356990,267.5
,2002,2002,Hawaii,15,35-44 years,35-44,Male,M,19,93744,
,2002,2002,Hawaii,15,45-54 years,45-54,Male,M,70,90718,77.2
,2002,2002,Hawaii,15,55-64 years,55-64,Male,M,112,59189,189.2
,2002,2002,Idaho,16,35-44 years,35-44,Male,M,18,95632,
,2002,2002,Idaho,16,45-54 years,45-54,Male,M,83,91690,90.5
,2002,2002,Idaho,16,55-64 years,55-64,Male,M,145,60386,240.1
,2002,2002,Illinois,17,35-44 years,35-44,Male,M,259,964895,26.8
,2002,2002,Illinois,17,45-54 years,45-54,Male,M,979,840762,116.4
,2002,2002,Illinois,17,55-64 years,55-64,Male,M,1537,536673,286.4
,2002,2002,Indiana,18,35-44 years,35-44,Male,M,153,467481,32.7
,2002,2002,Indiana,18,45-54 years,45-54,Male,M,458,426151,107.5
,2002,2002,Indiana,18,55-64 years,55-64,Male,M,753,278013,270.9
,2002,2002,Iowa,19,35-44 years,35-44,Male,M,65,213838,30.4
,2002,2002,Iowa,19,45-54 years,45-54,Male,M,201,208028,96.6
,2002,2002,Iowa,19,55-64 years,55-64,Male,M,324,134720,240.5
,2002,2002,Kansas,20,35-44 years,35-44,Male,M,43,200580,21.4
,2002,2002,Kansas,20,45-54 years,45-54,Male,M,185,188991,97.9
,2002,2002,Kansas,20,55-64 years,55-64,Male,M,244,117000,208.5
,2002,2002,Kentucky,21,35-44 years,35-44,Male,M,158,311631,50.7
,2002,2002,Kentucky,21,45-54 years,45-54,Male,M,377,287822,131.0
,2002,2002,Kentucky,21,55-64 years,55-64,Male,M,599,195550,306.3
,2002,2002,Louisiana,22,35-44 years,35-44,Male,M,127,326441,38.9
,2002,2002,Louisiana,22,45-54 years,45-54,Male,M,419,302990,138.3
,2002,2002,Louisiana,22,55-64 years,55-64,Male,M,637,195381,326.0
,2002,2002,Maine,23,35-44 years,35-44,Male,M,30,102082,29.4
,2002,2002,Maine,23,45-54 years,45-54,Male,M,78,100883,77.3
,2002,2002,Maine,23,55-64 years,55-64,Male,M,154,67350,228.7
,2002,2002,Maryland,24,35-44 years,35-44,Male,M,103,441475,23.3
,2002,2002,Maryland,24,45-54 years,45-54,Male,M,353,382304,92.3
,2002,2002,Maryland,24,55-64 years,55-64,Male,M,627,249818,251.0
,2002,2002,Massachusetts,25,35-44 years,35-44,Male,M,97,516698,18.8
,2002,2002,Massachusetts,25,45-54 years,45-54,Male,M,357,443658,80.5
,2002,2002,Massachusetts,25,55-64 years,55-64,Male,M,584,287556,203.1
,2002,2002,Michigan,26,35-44 years,35-44,Male,M,222,770068,28.8
,2002,2002,Michigan,26,45-54 years,45-54,Male,M,804,710707,113.1
,2002,2002,Michigan,26,55-64 years,55-64,Male,M,1311,457154,286.8
,2002,2002,Minnesota,27,35-44 years,35-44,Male,M,69,406602,17.0
,2002,2002,Minnesota,27,45-54 years,45-54,Male,M,255,358707,71.1
,2002,2002,Minnesota,27,55-64 years,55-64,Male,M,343,219712,156.1
,2002,2002,Mississippi,28,35-44 years,35-44,Male,M,133,200962,66.2
,2002,2002,Mississippi,28,45-54 years,45-54,Male,M,305,185940,164.0
,2002,2002,Mississippi,28,55-64 years,55-64,Male,M,459,126448,363.0
,2002,2002,Missouri,29,35-44 years,35-44,Male,M,161,428694,37.6
,2002,2002,Missouri,29,45-54 years,45-54,Male,M,428,385503,111.0
,2002,2002,Missouri,29,55-64 years,55-64,Male,M,770,263321,292.4
,2002,2002,Montana,30,35-44 years,35-44,Male,M,11,65977,
,2002,2002,Montana,30,45-54 years,45-54,Male,M,53,72010,73.6
,2002,2002,Montana,30,55-64 years,55-64,Male,M,107,47479,225.4
,2002,2002,Nebraska,31,35-44 years,35-44,Male,M,23,127469,18.0
,2002,2002,Nebraska,31,45-54 years,45-54,Male,M,70,119900,58.4
,2002,2002,Nebraska,31,55-64 years,55-64,Male,M,159,75051,211.9
,2002,2002,Nevada,32,35-44 years,35-44,Male,M,34,177483,19.2
,2002,2002,Nevada,32,45-54 years,45-54,Male,M,130,149986,86.7
,2002,2002,Nevada,32,55-64 years,55-64,Male,M,304,111082,273.7
,2002,2002,New Hampshire,33,35-44 years,35-44,Male,M,27,108748,24.8
,2002,2002,New Hampshire,33,45-54 years,45-54,Male,M,104,98187,105.9
,2002,2002,New Hampshire,33,55-64 years,55-64,Male,M,127,61460,206.6
,2002,2002,New Jersey,34,35-44 years,35-44,Male,M,146,704162,20.7
,2002,2002,New Jersey,34,45-54 years,45-54,Male,M,486,590783,82.3
,2002,2002,New Jersey,34,55-64 years,55-64,Male,M,873,390822,223.4
,2002,2002,New Mexico,35,35-44 years,35-44,Male,M,35,134043,26.1
,2002,2002,New Mexico,35,45-54 years,45-54,Male,M,102,127233,80.2
,2002,2002,New Mexico,35,55-64 years,55-64,Male,M,199,84608,235.2
,2002,2002,New York,36,35-44 years,35-44,Male,M,311,1491579,20.9
,2002,2002,New York,36,45-54 years,45-54,Male,M,1242,1279999,97.0
,2002,2002,New York,36,55-64 years,55-64,Male,M,2341,850193,275.3
,2002,2002,North Carolina,37,35-44 years,35-44,Male,M,196,640805,30.6
,2002,2002,North Carolina,37,45-54 years,45-54,Male,M,651,562663,115.7
,2002,2002,North Carolina,37,55-64 years,55-64,Male,M,1075,384501,279.6
,2002,2002,North Dakota,38,35-44 years,35-44,Male,M,16,45776,
,2002,2002,North Dakota,38,45-54 years,45-54,Male,M,42,46689,90.0
,2002,2002,North Dakota,38,55-64 years,55-64,Male,M,69,28418,242.8
,2002,2002,Ohio,39,35-44 years,35-44,Male,M,284,859663,33.0
,2002,2002,Ohio,39,45-54 years,45-54,Male,M,961,807566,119.0
,2002,2002,Ohio,39,55-64 years,55-64,Male,M,1554,521442,298.0
,2002,2002,Oklahoma,40,35-44 years,35-44,Male,M,96,251686,38.1
,2002,2002,Oklahoma,40,45-54 years,45-54,Male,M,345,234773,147.0
,2002,2002,Oklahoma,40,55-64 years,55-64,Male,M,679,164052,413.9
,2002,2002,Oregon,41,35-44 years,35-44,Male,M,37,257716,14.4
,2002,2002,Oregon,41,45-54 years,45-54,Male,M,204,263783,77.3
,2002,2002,Oregon,41,55-64 years,55-64,Male,M,352,169625,207.5
,2002,2002,Pennsylvania,42,35-44 years,35-44,Male,M,270,930870,29.0
,2002,2002,Pennsylvania,42,45-54 years,45-54,Male,M,837,882375,94.9
,2002,2002,Pennsylvania,42,55-64 years,55-64,Male,M,1527,584387,261.3
,2002,2002,Rhode Island,44,35-44 years,35-44,Male,M,27,82450,32.7
,2002,2002,Rhode Island,44,45-54 years,45-54,Male,M,74,73235,101.0
,2002,2002,Rhode Island,44,55-64 years,55-64,Male,M,150,47327,316.9
,2002,2002,South Carolina,45,35-44 years,35-44,Male,M,95,302757,31.4
,2002,2002,South Carolina,45,45-54 years,45-54,Male,M,313,279607,111.9
,2002,2002,South Carolina,45,55-64 years,55-64,Male,M,583,197815,294.7
,2002,2002,South Dakota,46,35-44 years,35-44,Male,M,14,55469,
,2002,2002,South Dakota,46,45-54 years,45-54,Male,M,49,53514,91.6
,2002,2002,South Dakota,46,55-64 years,55-64,Male,M,74,33372,221.7
,2002,2002,Tennessee,47,35-44 years,35-44,Male,M,209,437221,47.8
,2002,2002,Tennessee,47,45-54 years,45-54,Male,M,554,403160,137.4
,2002,2002,Tennessee,47,55-64 years,55-64,Male,M,985,281358,350.1
,2002,2002,Texas,48,35-44 years,35-44,Male,M,417,1672752,24.9
,2002,2002,Texas,48,45-54 years,45-54,Male,M,1418,1395367,101.6
,2002,2002,Texas,48,55-64 years,55-64,Male,M,2381,861684,276.3
,2002,2002,Utah,49,35-44 years,35-44,Male,M,18,150800,
,2002,2002,Utah,49,45-54 years,45-54,Male,M,85,129686,65.5
,2002,2002,Utah,49,55-64 years,55-64,Male,M,97,77902,124.5
,2002,2002,Vermont,50,35-44 years,35-44,Male,M,,48239,
,2002,2002,Vermont,50,45-54 years,45-54,Male,M,26,48755,53.3
,2002,2002,Vermont,50,55-64 years,55-64,Male,M,61,31584,193.1
,2002,2002,Virginia,51,35-44 years,35-44,Male,M,150,588706,25.5
,2002,2002,Virginia,51,45-54 years,45-54,Male,M,519,517372,100.3
,2002,2002,Virginia,51,55-64 years,55-64,Male,M,784,342072,229.2
,2002,2002,Washington,53,35-44 years,35-44,Male,M,92,480884,19.1
,2002,2002,Washington,53,45-54 years,45-54,Male,M,348,445902,78.0
,2002,2002,Washington,53,55-64 years,55-64,Male,M,626,280030,223.5
,2002,2002,West Virginia,54,35-44 years,35-44,Male,M,71,127952,55.5
,2002,2002,West Virginia,54,45-54 years,45-54,Male,M,226,138644,163.0
,2002,2002,West Virginia,54,55-64 years,55-64,Male,M,288,97599,295.1
,2002,2002,Wisconsin,55,35-44 years,35-44,Male,M,93,430839,21.6
,2002,2002,Wisconsin,55,45-54 years,45-54,Male,M,329,393524,83.6
,2002,2002,Wisconsin,55,55-64 years,55-64,Male,M,563,245992,228.9
,2002,2002,Wyoming,56,35-44 years,35-44,Male,M,,36510,
,2002,2002,Wyoming,56,45-54 years,45-54,Male,M,22,40562,54.2
,2002,2002,Wyoming,56,55-64 years,55-64,Male,M,56,25302,221.3
,2003,2003,Alabama,01,35-44 years,35-44,Male,M,139,320230,43.4
,2003,2003,Alabama,01,45-54 years,45-54,Male,M,353,310588,113.7
,2003,2003,Alabama,01,55-64 years,55-64,Male,M,540,222255,243.0
,2003,2003,Alaska,02,35-44 years,35-44,Male,M,,53163,
,2003,2003,Alaska,02,45-54 years,45-54,Male,M,37,55511,66.7
,2003,2003,Alaska,02,55-64 years,55-64,Male,M,47,30106,156.1
,2003,2003,Arizona,04,35-44 years,35-44,Male,M,78,395903,19.7
,2003,2003,Arizona,04,45-54 years,45-54,Male,M,313,344210,90.9
,2003,2003,Arizona,04,55-64 years,55-64,Male,M,598,251298,238.0
,2003,2003,Arkansas,05,35-44 years,35-44,Male,M,101,190895,52.9
,2003,2003,Arkansas,05,45-54 years,45-54,Male,M,270,181875,148.5
,2003,2003,Arkansas,05,55-64 years,55-64,Male,M,437,137956,316.8
,2003,2003,California,06,35-44 years,35-44,Male,M,509,2772481,18.4
,2003,2003,California,06,45-54 years,45-54,Male,M,1914,2337208,81.9
,2003,2003,California,06,55-64 years,55-64,Male,M,3358,1476641,227.4
,2003,2003,Colorado,08,35-44 years,35-44,Male,M,68,361078,18.8
,2003,2003,Colorado,08,45-54 years,45-54,Male,M,212,337921,62.7
,2003,2003,Colorado,08,55-64 years,55-64,Male,M,345,204480,168.7
,2003,2003,Connecticut,09,35-44 years,35-44,Male,M,61,277705,22.0
,2003,2003,Connecticut,09,45-54 years,45-54,Male,M,199,252182,78.9
,2003,2003,Connecticut,09,55-64 years,55-64,Male,M,339,171089,198.1
,2003,2003,Delaware,10,35-44 years,35-44,Male,M,22,61826,35.6
,2003,2003,Delaware,10,45-54 years,45-54,Male,M,63,55320,113.9
,2003,2003,Delaware,10,55-64 years,55-64,Male,M,90,40029,224.8
,2003,2003,District of Columbia,11,35-44 years,35-44,Male,M,,42783,
,2003,2003,District of Columbia,11,45-54 years,45-54,Male,M,55,36066,152.5
,2003,2003,District of Columbia,11,55-64 years,55-64,Male,M,89,25100,354.6
,2003,2003,Florida,12,35-44 years,35-44,Male,M,326,1259775,25.9
,2003,2003,Florida,12,45-54 years,45-54,Male,M,1140,1125626,101.3
,2003,2003,Florida,12,55-64 years,55-64,Male,M,2176,862008,252.4
,2003,2003,Georgia,13,35-44 years,35-44,Male,M,206,680379,30.3
,2003,2003,Georgia,13,45-54 years,45-54,Male,M,558,574292,97.2
,2003,2003,Georgia,13,55-64 years,55-64,Male,M,965,378497,255.0
,2003,2003,Hawaii,15,35-44 years,35-44,Male,M,26,91811,28.3
,2003,2003,Hawaii,15,45-54 years,45-54,Male,M,72,92001,78.3
,2003,2003,Hawaii,15,55-64 years,55-64,Male,M,108,63073,171.2
,2003,2003,Idaho,16,35-44 years,35-44,Male,M,20,95049,21.0
,2003,2003,Idaho,16,45-54 years,45-54,Male,M,91,93400,97.4
,2003,2003,Idaho,16,55-64 years,55-64,Male,M,148,64226,230.4
,2003,2003,Illinois,17,35-44 years,35-44,Male,M,243,949960,25.6
,2003,2003,Illinois,17,45-54 years,45-54,Male,M,914,855548,106.8
,2003,2003,Illinois,17,55-64 years,55-64,Male,M,1452,558062,260.2
,2003,2003,Indiana,18,35-44 years,35-44,Male,M,151,459723,32.8
,2003,2003,Indiana,18,45-54 years,45-54,Male,M,496,434901,114.0
,2003,2003,Indiana,18,55-64 years,55-64,Male,M,762,289681,263.0
,2003,2003,Iowa,19,35-44 years,35-44,Male,M,61,209036,29.2
,2003,2003,Iowa,19,45-54 years,45-54,Male,M,222,211346,105.0
,2003,2003,Iowa,19,55-64 years,55-64,Male,M,364,140493,259.1
,2003,2003,Kansas,20,35-44 years,35-44,Male,M,46,195200,23.6
,2003,2003,Kansas,20,45-54 years,45-54,Male,M,176,192416,91.5
,2003,2003,Kansas,20,55-64 years,55-64,Male,M,291,122695,237.2
,2003,2003,Kentucky,21,35-44 years,35-44,Male,M,144,307113,46.9
,2003,2003,Kentucky,21,45-54 years,45-54,Male,M,421,293030,143.7
,2003,2003,Kentucky,21,55-64 years,55-64,Male,M,670,204527,327.6
,2003,2003,Louisiana,22,35-44 years,35-44,Male,M,147,320284,45.9
,2003,2003,Louisiana,22,45-54 years,45-54,Male,M,438,309318,141.6
,2003,2003,Louisiana,22,55-64 years,55-64,Male,M,690,204877,336.8
,2003,2003,Maine,23,35-44 years,35-44,Male,M,27,100348,26.9
,2003,2003,Maine,23,45-54 years,45-54,Male,M,83,102592,80.9
,2003,2003,Maine,23,55-64 years,55-64,Male,M,148,71391,207.3
,2003,2003,Maryland,24,35-44 years,35-44,Male,M,86,436704,19.7
,2003,2003,Maryland,24,45-54 years,45-54,Male,M,383,389250,98.4
,2003,2003,Maryland,24,55-64 years,55-64,Male,M,625,262108,238.5
,2003,2003,Massachusetts,25,35-44 years,35-44,Male,M,82,508045,16.1
,2003,2003,Massachusetts,25,45-54 years,45-54,Male,M,344,450415,76.4
,2003,2003,Massachusetts,25,55-64 years,55-64,Male,M,598,300959,198.7
,2003,2003,Michigan,26,35-44 years,35-44,Male,M,225,755023,29.8
,2003,2003,Michigan,26,45-54 years,45-54,Male,M,831,723008,114.9
,2003,2003,Michigan,26,55-64 years,55-64,Male,M,1355,477879,283.5
,2003,2003,Minnesota,27,35-44 years,35-44,Male,M,79,399188,19.8
,2003,2003,Minnesota,27,45-54 years,45-54,Male,M,239,367673,65.0
,2003,2003,Minnesota,27,55-64 years,55-64,Male,M,357,230401,154.9
,2003,2003,Mississippi,28,35-44 years,35-44,Male,M,98,197652,49.6
,2003,2003,Mississippi,28,45-54 years,45-54,Male,M,290,189427,153.1
,2003,2003,Mississippi,28,55-64 years,55-64,Male,M,405,131770,307.4
,2003,2003,Missouri,29,35-44 years,35-44,Male,M,125,420432,29.7
,2003,2003,Missouri,29,45-54 years,45-54,Male,M,467,394015,118.5
,2003,2003,Missouri,29,55-64 years,55-64,Male,M,726,274704,264.3
,2003,2003,Montana,30,35-44 years,35-44,Male,M,21,63720,33.0
,2003,2003,Montana,30,45-54 years,45-54,Male,M,75,73313,102.3
,2003,2003,Montana,30,55-64 years,55-64,Male,M,110,50308,218.7
,2003,2003,Nebraska,31,35-44 years,35-44,Male,M,19,124663,
,2003,2003,Nebraska,31,45-54 years,45-54,Male,M,85,122395,69.4
,2003,2003,Nebraska,31,55-64 years,55-64,Male,M,119,78509,151.6
,2003,2003,Nevada,32,35-44 years,35-44,Male,M,40,180886,22.1
,2003,2003,Nevada,32,45-54 years,45-54,Male,M,160,155628,102.8
,2003,2003,Nevada,32,55-64 years,55-64,Male,M,308,118328,260.3
,2003,2003,New Hampshire,33,35-44 years,35-44,Male,M,16,107172,
,2003,2003,New Hampshire,33,45-54 years,45-54,Male,M,68,100364,67.8
,2003,2003,New Hampshire,33,55-64 years,55-64,Male,M,141,65456,215.4
,2003,2003,New Jersey,34,35-44 years,35-44,Male,M,133,695871,19.1
,2003,2003,New Jersey,34,45-54 years,45-54,Male,M,469,601637,78.0
,2003,2003,New Jersey,34,55-64 years,55-64,Male,M,871,406938,214.0
,2003,2003,New Mexico,35,35-44 years,35-44,Male,M,29,131631,22.0
,2003,2003,New Mexico,35,45-54 years,45-54,Male,M,102,130083,78.4
,2003,2003,New Mexico,35,55-64 years,55-64,Male,M,168,89419,187.9
,2003,2003,New York,36,35-44 years,35-44,Male,M,291,1472784,19.8
,2003,2003,New York,36,45-54 years,45-54,Male,M,1087,1299042,83.7
,2003,2003,New York,36,55-64 years,55-64,Male,M,2319,883032,262.6
,2003,2003,North Carolina,37,35-44 years,35-44,Male,M,207,638515,32.4
,2003,2003,North Carolina,37,45-54 years,45-54,Male,M,635,574510,110.5
,2003,2003,North Carolina,37,55-64 years,55-64,Male,M,1102,406936,270.8
,2003,2003,North Dakota,38,35-44 years,35-44,Male,M,12,44219,
,2003,2003,North Dakota,38,45-54 years,45-54,Male,M,52,47506,109.5
,2003,2003,North Dakota,38,55-64 years,55-64,Male,M,77,29773,258.6
,2003,2003,Ohio,39,35-44 years,35-44,Male,M,262,841608,31.1
,2003,2003,Ohio,39,45-54 years,45-54,Male,M,847,821095,103.2
,2003,2003,Ohio,39,55-64 years,55-64,Male,M,1471,544487,270.2
,2003,2003,Oklahoma,40,35-44 years,35-44,Male,M,113,246522,45.8
,2003,2003,Oklahoma,40,45-54 years,45-54,Male,M,369,238750,154.6
,2003,2003,Oklahoma,40,55-64 years,55-64,Male,M,651,170364,382.1
,2003,2003,Oregon,41,35-44 years,35-44,Male,M,55,254897,21.6
,2003,2003,Oregon,41,45-54 years,45-54,Male,M,192,266049,72.2
,2003,2003,Oregon,41,55-64 years,55-64,Male,M,397,180536,219.9
,2003,2003,Pennsylvania,42,35-44 years,35-44,Male,M,216,913686,23.6
,2003,2003,Pennsylvania,42,45-54 years,45-54,Male,M,892,898083,99.3
,2003,2003,Pennsylvania,42,55-64 years,55-64,Male,M,1536,610775,251.5
,2003,2003,Rhode Island,44,35-44 years,35-44,Male,M,29,81374,35.6
,2003,2003,Rhode Island,44,45-54 years,45-54,Male,M,70,74761,93.6
,2003,2003,Rhode Island,44,55-64 years,55-64,Male,M,125,49805,251.0
,2003,2003,South Carolina,45,35-44 years,35-44,Male,M,90,300267,30.0
,2003,2003,South Carolina,45,45-54 years,45-54,Male,M,331,284185,116.5
,2003,2003,South Carolina,45,55-64 years,55-64,Male,M,611,208756,292.7
,2003,2003,South Dakota,46,35-44 years,35-44,Male,M,17,53926,
,2003,2003,South Dakota,46,45-54 years,45-54,Male,M,54,54870,98.4
,2003,2003,South Dakota,46,55-64 years,55-64,Male,M,92,35215,261.3
,2003,2003,Tennessee,47,35-44 years,35-44,Male,M,212,432853,49.0
,2003,2003,Tennessee,47,45-54 years,45-54,Male,M,619,408403,151.6
,2003,2003,Tennessee,47,55-64 years,55-64,Male,M,1030,295322,348.8
,2003,2003,Texas,48,35-44 years,35-44,Male,M,405,1664298,24.3
,2003,2003,Texas,48,45-54 years,45-54,Male,M,1333,1437009,92.8
,2003,2003,Texas,48,55-64 years,55-64,Male,M,2369,909768,260.4
,2003,2003,Utah,49,35-44 years,35-44,Male,M,18,150048,
,2003,2003,Utah,49,45-54 years,45-54,Male,M,70,133140,52.6
,2003,2003,Utah,49,55-64 years,55-64,Male,M,126,82436,152.8
,2003,2003,Vermont,50,35-44 years,35-44,Male,M,,46896,
,2003,2003,Vermont,50,45-54 years,45-54,Male,M,33,49143,67.2
,2003,2003,Vermont,50,55-64 years,55-64,Male,M,73,33566,217.5
,2003,2003,Virginia,51,35-44 years,35-44,Male,M,145,581644,24.9
,2003,2003,Virginia,51,45-54 years,45-54,Male,M,456,525725,86.7
,2003,2003,Virginia,51,55-64 years,55-64,Male,M,798,360265,221.5
,2003,2003,Washington,53,35-44 years,35-44,Male,M,94,473258,19.9
,2003,2003,Washington,53,45-54 years,45-54,Male,M,339,454529,74.6
,2003,2003,Washington,53,55-64 years,55-64,Male,M,637,296536,214.8
,2003,2003,West Virginia,54,35-44 years,35-44,Male,M,65,125712,51.7
,2003,2003,West Virginia,54,45-54 years,45-54,Male,M,195,139772,139.5
,2003,2003,West Virginia,54,55-64 years,55-64,Male,M,326,102027,319.5
,2003,2003,Wisconsin,55,35-44 years,35-44,Male,M,90,424096,21.2
,2003,2003,Wisconsin,55,45-54 years,45-54,Male,M,328,402728,81.4
,2003,2003,Wisconsin,55,55-64 years,55-64,Male,M,558,257751,216.5
,2003,2003,Wyoming,56,35-44 years,35-44,Male,M,10,35171,
,2003,2003,Wyoming,56,45-54 years,45-54,Male,M,39,41176,94.7
,2003,2003,Wyoming,56,55-64 years,55-64,Male,M,69,26913,256.4
,2004,2004,Alabama,01,35-44 years,35-44,Male,M,116,317137,36.6
,2004,2004,Alabama,01,45-54 years,45-54,Male,M,346,314363,110.1
,2004,2004,Alabama,01,55-64 years,55-64,Male,M,521,232067,224.5
,2004,2004,Alaska,02,35-44 years,35-44,Male,M,18,52304,
,2004,2004,Alaska,02,45-54 years,45-54,Male,M,45,56508,79.6
,2004,2004,Alaska,02,55-64 years,55-64,Male,M,52,32618,159.4
,2004,2004,Arizona,04,35-44 years,35-44,Male,M,95,400602,23.7
,2004,2004,Arizona,04,45-54 years,45-54,Male,M,292,355246,82.2
,2004,2004,Arizona,04,55-64 years,55-64,Male,M,643,266773,241.0
,2004,2004,Arkansas,05,35-44 years,35-44,Male,M,84,189874,44.2
,2004,2004,Arkansas,05,45-54 years,45-54,Male,M,272,184571,147.4
,2004,2004,Arkansas,05,55-64 years,55-64,Male,M,448,143634,311.9
,2004,2004,California,06,35-44 years,35-44,Male,M,422,2765632,15.3
,2004,2004,California,06,45-54 years,45-54,Male,M,1752,2386820,73.4
,2004,2004,California,06,55-64 years,55-64,Male,M,3237,1544835,209.5
,2004,2004,Colorado,08,35-44 years,35-44,Male,M,61,358801,17.0
,2004,2004,Colorado,08,45-54 years,45-54,Male,M,198,343466,57.6
,2004,2004,Colorado,08,55-64 years,55-64,Male,M,348,216641,160.6
,2004,2004,Connecticut,09,35-44 years,35-44,Male,M,50,273072,18.3
,2004,2004,Connecticut,09,45-54 years,45-54,Male,M,186,257637,72.2
,2004,2004,Connecticut,09,55-64 years,55-64,Male,M,302,177450,170.2
,2004,2004,Delaware,10,35-44 years,35-44,Male,M,15,61288,
,2004,2004,Delaware,10,45-54 years,45-54,Male,M,58,57032,101.7
,2004,2004,Delaware,10,55-64 years,55-64,Male,M,106,42007,252.3
,2004,2004,District of Columbia,11,35-44 years,35-44,Male,M,12,42086,
,2004,2004,District of Columbia,11,45-54 years,45-54,Male,M,40,36040,111.0
,2004,2004,District of Columbia,11,55-64 years,55-64,Male,M,82,25756,318.4
,2004,2004,Florida,12,35-44 years,35-44,Male,M,316,1268894,24.9
,2004,2004,Florida,12,45-54 years,45-54,Male,M,1151,1166734,98.7
,2004,2004,Florida,12,55-64 years,55-64,Male,M,2244,908588,247.0
,2004,2004,Georgia,13,35-44 years,35-44,Male,M,182,683765,26.6
,2004,2004,Georgia,13,45-54 years,45-54,Male,M,614,587382,104.5
,2004,2004,Georgia,13,55-64 years,55-64,Male,M,925,397981,232.4
,2004,2004,Hawaii,15,35-44 years,35-44,Male,M,17,91083,
,2004,2004,Hawaii,15,45-54 years,45-54,Male,M,80,94143,85.0
,2004,2004,Hawaii,15,55-64 years,55-64,Male,M,115,67717,169.8
,2004,2004,Idaho,16,35-44 years,35-44,Male,M,21,95427,22.0
,2004,2004,Idaho,16,45-54 years,45-54,Male,M,96,95323,100.7
,2004,2004,Idaho,16,55-64 years,55-64,Male,M,127,67913,187.0
,2004,2004,Illinois,17,35-44 years,35-44,Male,M,256,936509,27.3
,2004,2004,Illinois,17,45-54 years,45-54,Male,M,879,870607,101.0
,2004,2004,Illinois,17,55-64 years,55-64,Male,M,1419,578674,245.2
,2004,2004,Indiana,18,35-44 years,35-44,Male,M,151,454849,33.2
,2004,2004,Indiana,18,45-54 years,45-54,Male,M,539,441827,122.0
,2004,2004,Indiana,18,55-64 years,55-64,Male,M,773,301536,256.4
,2004,2004,Iowa,19,35-44 years,35-44,Male,M,60,205904,29.1
,2004,2004,Iowa,19,45-54 years,45-54,Male,M,179,214843,83.3
,2004,2004,Iowa,19,55-64 years,55-64,Male,M,362,146260,247.5
,2004,2004,Kansas,20,35-44 years,35-44,Male,M,59,191908,30.7
,2004,2004,Kansas,20,45-54 years,45-54,Male,M,208,195175,106.6
,2004,2004,Kansas,20,55-64 years,55-64,Male,M,262,128190,204.4
,2004,2004,Kentucky,21,35-44 years,35-44,Male,M,151,306210,49.3
,2004,2004,Kentucky,21,45-54 years,45-54,Male,M,375,296646,126.4
,2004,2004,Kentucky,21,55-64 years,55-64,Male,M,614,213123,288.1
,2004,2004,Louisiana,22,35-44 years,35-44,Male,M,123,317069,38.8
,2004,2004,Louisiana,22,45-54 years,45-54,Male,M,391,315331,124.0
,2004,2004,Louisiana,22,55-64 years,55-64,Male,M,624,213936,291.7
,2004,2004,Maine,23,35-44 years,35-44,Male,M,24,98619,24.3
,2004,2004,Maine,23,45-54 years,45-54,Male,M,64,104279,61.4
,2004,2004,Maine,23,55-64 years,55-64,Male,M,115,75395,152.5
,2004,2004,Maryland,24,35-44 years,35-44,Male,M,78,430871,18.1
,2004,2004,Maryland,24,45-54 years,45-54,Male,M,395,397003,99.5
,2004,2004,Maryland,24,55-64 years,55-64,Male,M,616,273908,224.9
,2004,2004,Massachusetts,25,35-44 years,35-44,Male,M,97,497687,19.5
,2004,2004,Massachusetts,25,45-54 years,45-54,Male,M,321,456611,70.3
,2004,2004,Massachusetts,25,55-64 years,55-64,Male,M,575,313962,183.1
,2004,2004,Michigan,26,35-44 years,35-44,Male,M,222,741879,29.9
,2004,2004,Michigan,26,45-54 years,45-54,Male,M,822,733663,112.0
,2004,2004,Michigan,26,55-64 years,55-64,Male,M,1336,498534,268.0
,2004,2004,Minnesota,27,35-44 years,35-44,Male,M,59,392648,15.0
,2004,2004,Minnesota,27,45-54 years,45-54,Male,M,258,376626,68.5
,2004,2004,Minnesota,27,55-64 years,55-64,Male,M,338,241258,140.1
,2004,2004,Mississippi,28,35-44 years,35-44,Male,M,105,195674,53.7
,2004,2004,Mississippi,28,45-54 years,45-54,Male,M,294,192455,152.8
,2004,2004,Mississippi,28,55-64 years,55-64,Male,M,483,137214,352.0
,2004,2004,Missouri,29,35-44 years,35-44,Male,M,143,413827,34.6
,2004,2004,Missouri,29,45-54 years,45-54,Male,M,486,402439,120.8
,2004,2004,Missouri,29,55-64 years,55-64,Male,M,756,285301,265.0
,2004,2004,Montana,30,35-44 years,35-44,Male,M,16,62470,
,2004,2004,Montana,30,45-54 years,45-54,Male,M,53,74196,71.4
,2004,2004,Montana,30,55-64 years,55-64,Male,M,103,53363,193.0
,2004,2004,Nebraska,31,35-44 years,35-44,Male,M,31,122453,25.3
,2004,2004,Nebraska,31,45-54 years,45-54,Male,M,75,124421,60.3
,2004,2004,Nebraska,31,55-64 years,55-64,Male,M,122,82523,147.8
,2004,2004,Nevada,32,35-44 years,35-44,Male,M,26,186737,13.9
,2004,2004,Nevada,32,45-54 years,45-54,Male,M,151,162719,92.8
,2004,2004,Nevada,32,55-64 years,55-64,Male,M,289,126302,228.8
,2004,2004,New Hampshire,33,35-44 years,35-44,Male,M,27,105256,25.7
,2004,2004,New Hampshire,33,45-54 years,45-54,Male,M,73,102919,70.9
,2004,2004,New Hampshire,33,55-64 years,55-64,Male,M,116,69260,167.5
,2004,2004,New Jersey,34,35-44 years,35-44,Male,M,119,686463,17.3
,2004,2004,New Jersey,34,45-54 years,45-54,Male,M,445,615436,72.3
,2004,2004,New Jersey,34,55-64 years,55-64,Male,M,835,419614,199.0
,2004,2004,New Mexico,35,35-44 years,35-44,Male,M,18,130512,
,2004,2004,New Mexico,35,45-54 years,45-54,Male,M,98,132485,74.0
,2004,2004,New Mexico,35,55-64 years,55-64,Male,M,180,94687,190.1
,2004,2004,New York,36,35-44 years,35-44,Male,M,271,1451119,18.7
,2004,2004,New York,36,45-54 years,45-54,Male,M,1098,1317686,83.3
,2004,2004,New York,36,55-64 years,55-64,Male,M,2200,914401,240.6
,2004,2004,North Carolina,37,35-44 years,35-44,Male,M,198,641468,30.9
,2004,2004,North Carolina,37,45-54 years,45-54,Male,M,623,585516,106.4
,2004,2004,North Carolina,37,55-64 years,55-64,Male,M,1058,427657,247.4
,2004,2004,North Dakota,38,35-44 years,35-44,Male,M,,43242,
,2004,2004,North Dakota,38,45-54 years,45-54,Male,M,36,48446,74.3
,2004,2004,North Dakota,38,55-64 years,55-64,Male,M,66,31275,211.0
,2004,2004,Ohio,39,35-44 years,35-44,Male,M,273,826967,33.0
,2004,2004,Ohio,39,45-54 years,45-54,Male,M,907,832902,108.9
,2004,2004,Ohio,39,55-64 years,55-64,Male,M,1461,567780,257.3
,2004,2004,Oklahoma,40,35-44 years,35-44,Male,M,119,243245,48.9
,2004,2004,Oklahoma,40,45-54 years,45-54,Male,M,365,242243,150.7
,2004,2004,Oklahoma,40,55-64 years,55-64,Male,M,650,176739,367.8
,2004,2004,Oregon,41,35-44 years,35-44,Male,M,31,253290,12.2
,2004,2004,Oregon,41,45-54 years,45-54,Male,M,182,267147,68.1
,2004,2004,Oregon,41,55-64 years,55-64,Male,M,313,191240,163.7
,2004,2004,Pennsylvania,42,35-44 years,35-44,Male,M,215,897765,23.9
,2004,2004,Pennsylvania,42,45-54 years,45-54,Male,M,750,913990,82.1
,2004,2004,Pennsylvania,42,55-64 years,55-64,Male,M,1471,636060,231.3
,2004,2004,Rhode Island,44,35-44 years,35-44,Male,M,22,80256,27.4
,2004,2004,Rhode Island,44,45-54 years,45-54,Male,M,80,75829,105.5
,2004,2004,Rhode Island,44,55-64 years,55-64,Male,M,123,52136,235.9
,2004,2004,South Carolina,45,35-44 years,35-44,Male,M,99,300115,33.0
,2004,2004,South Carolina,45,45-54 years,45-54,Male,M,364,289067,125.9
,2004,2004,South Carolina,45,55-64 years,55-64,Male,M,622,219565,283.3
,2004,2004,South Dakota,46,35-44 years,35-44,Male,M,14,52854,
,2004,2004,South Dakota,46,45-54 years,45-54,Male,M,53,55959,94.7
,2004,2004,South Dakota,46,55-64 years,55-64,Male,M,77,37390,205.9
,2004,2004,Tennessee,47,35-44 years,35-44,Male,M,180,431778,41.7
,2004,2004,Tennessee,47,45-54 years,45-54,Male,M,603,414204,145.6
,2004,2004,Tennessee,47,55-64 years,55-64,Male,M,943,308185,306.0
,2004,2004,Texas,48,35-44 years,35-44,Male,M,367,1665195,22.0
,2004,2004,Texas,48,45-54 years,45-54,Male,M,1356,1478792,91.7
,2004,2004,Texas,48,55-64 years,55-64,Male,M,2417,958360,252.2
,2004,2004,Utah,49,35-44 years,35-44,Male,M,21,150037,14.0
,2004,2004,Utah,49,45-54 years,45-54,Male,M,68,136442,49.8
,2004,2004,Utah,49,55-64 years,55-64,Male,M,135,87135,154.9
,2004,2004,Vermont,50,35-44 years,35-44,Male,M,11,45699,
,2004,2004,Vermont,50,45-54 years,45-54,Male,M,33,49713,66.4
,2004,2004,Vermont,50,55-64 years,55-64,Male,M,56,35574,157.4
,2004,2004,Virginia,51,35-44 years,35-44,Male,M,139,577077,24.1
,2004,2004,Virginia,51,45-54 years,45-54,Male,M,409,537026,76.2
,2004,2004,Virginia,51,55-64 years,55-64,Male,M,784,378392,207.2
,2004,2004,Washington,53,35-44 years,35-44,Male,M,87,470939,18.5
,2004,2004,Washington,53,45-54 years,45-54,Male,M,308,462693,66.6
,2004,2004,Washington,53,55-64 years,55-64,Male,M,603,314732,191.6
,2004,2004,West Virginia,54,35-44 years,35-44,Male,M,48,124346,38.6
,2004,2004,West Virginia,54,45-54 years,45-54,Male,M,168,139697,120.3
,2004,2004,West Virginia,54,55-64 years,55-64,Male,M,246,106765,230.4
,2004,2004,Wisconsin,55,35-44 years,35-44,Male,M,81,417245,19.4
,2004,2004,Wisconsin,55,45-54 years,45-54,Male,M,309,411715,75.1
,2004,2004,Wisconsin,55,55-64 years,55-64,Male,M,527,270793,194.6
,2004,2004,Wyoming,56,35-44 years,35-44,Male,M,,34394,
,2004,2004,Wyoming,56,45-54 years,45-54,Male,M,38,41788,90.9
,2004,2004,Wyoming,56,55-64 years,55-64,Male,M,48,28358,169.3
,2005,2005,Alabama,01,35-44 years,35-44,Male,M,97,314366,30.9
,2005,2005,Alabama,01,45-54 years,45-54,Male,M,311,320096,97.2
,2005,2005,Alabama,01,55-64 years,55-64,Male,M,557,241277,230.9
,2005,2005,Alaska,02,35-44 years,35-44,Male,M,13,51602,
,2005,2005,Alaska,02,45-54 years,45-54,Male,M,30,57268,52.4
,2005,2005,Alaska,02,55-64 years,55-64,Male,M,66,35104,188.0
,2005,2005,Arizona,04,35-44 years,35-44,Male,M,78,409089,19.1
,2005,2005,Arizona,04,45-54 years,45-54,Male,M,334,370020,90.3
,2005,2005,Arizona,04,55-64 years,55-64,Male,M,688,284720,241.6
,2005,2005,Arkansas,05,35-44 years,35-44,Male,M,86,189138,45.5
,2005,2005,Arkansas,05,45-54 years,45-54,Male,M,291,188153,154.7
,2005,2005,Arkansas,05,55-64 years,55-64,Male,M,444,148637,298.7
,2005,2005,California,06,35-44 years,35-44,Male,M,471,2750680,17.1
,2005,2005,California,06,45-54 years,45-54,Male,M,1826,2439467,74.9
,2005,2005,California,06,55-64 years,55-64,Male,M,3394,1616930,209.9
,2005,2005,Colorado,08,35-44 years,35-44,Male,M,52,356981,14.6
,2005,2005,Colorado,08,45-54 years,45-54,Male,M,229,350753,65.3
,2005,2005,Colorado,08,55-64 years,55-64,Male,M,346,230162,150.3
,2005,2005,Connecticut,09,35-44 years,35-44,Male,M,40,269013,14.9
,2005,2005,Connecticut,09,45-54 years,45-54,Male,M,179,263542,67.9
,2005,2005,Connecticut,09,55-64 years,55-64,Male,M,284,183726,154.6
,2005,2005,Delaware,10,35-44 years,35-44,Male,M,16,61036,
,2005,2005,Delaware,10,45-54 years,45-54,Male,M,63,58651,107.4
,2005,2005,Delaware,10,55-64 years,55-64,Male,M,116,44059,263.3
,2005,2005,District of Columbia,11,35-44 years,35-44,Male,M,13,42105,
,2005,2005,District of Columbia,11,45-54 years,45-54,Male,M,59,36014,163.8
,2005,2005,District of Columbia,11,55-64 years,55-64,Male,M,89,26523,335.6
,2005,2005,Florida,12,35-44 years,35-44,Male,M,321,1280375,25.1
,2005,2005,Florida,12,45-54 years,45-54,Male,M,1149,1213762,94.7
,2005,2005,Florida,12,55-64 years,55-64,Male,M,2162,956321,226.1
,2005,2005,Georgia,13,35-44 years,35-44,Male,M,171,688333,24.8
,2005,2005,Georgia,13,45-54 years,45-54,Male,M,564,604583,93.3
,2005,2005,Georgia,13,55-64 years,55-64,Male,M,891,419233,212.5
,2005,2005,Hawaii,15,35-44 years,35-44,Male,M,22,91478,24.0
,2005,2005,Hawaii,15,45-54 years,45-54,Male,M,71,94792,74.9
,2005,2005,Hawaii,15,55-64 years,55-64,Male,M,115,71880,160.0
,2005,2005,Idaho,16,35-44 years,35-44,Male,M,22,95500,23.0
,2005,2005,Idaho,16,45-54 years,45-54,Male,M,70,98255,71.2
,2005,2005,Idaho,16,55-64 years,55-64,Male,M,124,72124,171.9
,2005,2005,Illinois,17,35-44 years,35-44,Male,M,232,924216,25.1
,2005,2005,Illinois,17,45-54 years,45-54,Male,M,918,885277,103.7
,2005,2005,Illinois,17,55-64 years,55-64,Male,M,1432,602692,237.6
,2005,2005,Indiana,18,35-44 years,35-44,Male,M,114,449758,25.3
,2005,2005,Indiana,18,45-54 years,45-54,Male,M,485,450152,107.7
,2005,2005,Indiana,18,55-64 years,55-64,Male,M,743,314288,236.4
,2005,2005,Iowa,19,35-44 years,35-44,Male,M,51,202302,25.2
,2005,2005,Iowa,19,45-54 years,45-54,Male,M,201,217808,92.3
,2005,2005,Iowa,19,55-64 years,55-64,Male,M,348,152859,227.7
,2005,2005,Kansas,20,35-44 years,35-44,Male,M,42,188681,22.3
,2005,2005,Kansas,20,45-54 years,45-54,Male,M,174,198165,87.8
,2005,2005,Kansas,20,55-64 years,55-64,Male,M,294,134681,218.3
,2005,2005,Kentucky,21,35-44 years,35-44,Male,M,129,303411,42.5
,2005,2005,Kentucky,21,45-54 years,45-54,Male,M,415,301962,137.4
,2005,2005,Kentucky,21,55-64 years,55-64,Male,M,585,222225,263.2
,2005,2005,Louisiana,22,35-44 years,35-44,Male,M,120,312104,38.4
,2005,2005,Louisiana,22,45-54 years,45-54,Male,M,395,320796,123.1
,2005,2005,Louisiana,22,55-64 years,55-64,Male,M,687,223867,306.9
,2005,2005,Maine,23,35-44 years,35-44,Male,M,21,97043,21.6
,2005,2005,Maine,23,45-54 years,45-54,Male,M,84,105226,79.8
,2005,2005,Maine,23,55-64 years,55-64,Male,M,142,79659,178.3
,2005,2005,Maryland,24,35-44 years,35-44,Male,M,85,425992,20.0
,2005,2005,Maryland,24,45-54 years,45-54,Male,M,345,405549,85.1
,2005,2005,Maryland,24,55-64 years,55-64,Male,M,635,283715,223.8
,2005,2005,Massachusetts,25,35-44 years,35-44,Male,M,79,488637,16.2
,2005,2005,Massachusetts,25,45-54 years,45-54,Male,M,284,463800,61.2
,2005,2005,Massachusetts,25,55-64 years,55-64,Male,M,555,326418,170.0
,2005,2005,Michigan,26,35-44 years,35-44,Male,M,192,729471,26.3
,2005,2005,Michigan,26,45-54 years,45-54,Male,M,805,742335,108.4
,2005,2005,Michigan,26,55-64 years,55-64,Male,M,1438,519514,276.8
,2005,2005,Minnesota,27,35-44 years,35-44,Male,M,72,385622,18.7
,2005,2005,Minnesota,27,45-54 years,45-54,Male,M,247,385124,64.1
,2005,2005,Minnesota,27,55-64 years,55-64,Male,M,377,253056,149.0
,2005,2005,Mississippi,28,35-44 years,35-44,Male,M,103,194054,53.1
,2005,2005,Mississippi,28,45-54 years,45-54,Male,M,304,195782,155.3
,2005,2005,Mississippi,28,55-64 years,55-64,Male,M,489,142912,342.2
,2005,2005,Missouri,29,35-44 years,35-44,Male,M,145,408327,35.5
,2005,2005,Missouri,29,45-54 years,45-54,Male,M,475,412179,115.2
,2005,2005,Missouri,29,55-64 years,55-64,Male,M,751,296437,253.3
,2005,2005,Montana,30,35-44 years,35-44,Male,M,15,61011,
,2005,2005,Montana,30,45-54 years,45-54,Male,M,54,75412,71.6
,2005,2005,Montana,30,55-64 years,55-64,Male,M,102,56270,181.3
,2005,2005,Nebraska,31,35-44 years,35-44,Male,M,39,120396,32.4
,2005,2005,Nebraska,31,45-54 years,45-54,Male,M,80,126624,63.2
,2005,2005,Nebraska,31,55-64 years,55-64,Male,M,122,86621,140.8
,2005,2005,Nevada,32,35-44 years,35-44,Male,M,26,191778,13.6
,2005,2005,Nevada,32,45-54 years,45-54,Male,M,174,169768,102.5
,2005,2005,Nevada,32,55-64 years,55-64,Male,M,330,133011,248.1
,2005,2005,New Hampshire,33,35-44 years,35-44,Male,M,19,103240,
,2005,2005,New Hampshire,33,45-54 years,45-54,Male,M,77,105373,73.1
,2005,2005,New Hampshire,33,55-64 years,55-64,Male,M,139,72775,191.0
,2005,2005,New Jersey,34,35-44 years,35-44,Male,M,118,676276,17.4
,2005,2005,New Jersey,34,45-54 years,45-54,Male,M,444,628208,70.7
,2005,2005,New Jersey,34,55-64 years,55-64,Male,M,864,433623,199.3
,2005,2005,New Mexico,35,35-44 years,35-44,Male,M,18,129648,
,2005,2005,New Mexico,35,45-54 years,45-54,Male,M,102,134999,75.6
,2005,2005,New Mexico,35,55-64 years,55-64,Male,M,194,100486,193.1
,2005,2005,New York,36,35-44 years,35-44,Male,M,262,1425858,18.4
,2005,2005,New York,36,45-54 years,45-54,Male,M,1086,1337204,81.2
,2005,2005,New York,36,55-64 years,55-64,Male,M,2202,946497,232.6
,2005,2005,North Carolina,37,35-44 years,35-44,Male,M,173,646009,26.8
,2005,2005,North Carolina,37,45-54 years,45-54,Male,M,637,600948,106.0
,2005,2005,North Carolina,37,55-64 years,55-64,Male,M,1078,449250,240.0
,2005,2005,North Dakota,38,35-44 years,35-44,Male,M,15,41971,
,2005,2005,North Dakota,38,45-54 years,45-54,Male,M,32,49084,65.2
,2005,2005,North Dakota,38,55-64 years,55-64,Male,M,65,33093,196.4
,2005,2005,Ohio,39,35-44 years,35-44,Male,M,250,813825,30.7
,2005,2005,Ohio,39,45-54 years,45-54,Male,M,897,843613,106.3
,2005,2005,Ohio,39,55-64 years,55-64,Male,M,1438,592427,242.7
,2005,2005,Oklahoma,40,35-44 years,35-44,Male,M,106,239419,44.3
,2005,2005,Oklahoma,40,45-54 years,45-54,Male,M,351,246991,142.1
,2005,2005,Oklahoma,40,55-64 years,55-64,Male,M,604,183046,330.0
,2005,2005,Oregon,41,35-44 years,35-44,Male,M,52,254630,20.4
,2005,2005,Oregon,41,45-54 years,45-54,Male,M,190,268534,70.8
,2005,2005,Oregon,41,55-64 years,55-64,Male,M,337,202574,166.4
,2005,2005,Pennsylvania,42,35-44 years,35-44,Male,M,213,884353,24.1
,2005,2005,Pennsylvania,42,45-54 years,45-54,Male,M,850,929158,91.5
,2005,2005,Pennsylvania,42,55-64 years,55-64,Male,M,1516,662238,228.9
,2005,2005,Rhode Island,44,35-44 years,35-44,Male,M,21,78485,26.8
,2005,2005,Rhode Island,44,45-54 years,45-54,Male,M,80,76379,104.7
,2005,2005,Rhode Island,44,55-64 years,55-64,Male,M,152,54230,280.3
,2005,2005,South Carolina,45,35-44 years,35-44,Male,M,107,299903,35.7
,2005,2005,South Carolina,45,45-54 years,45-54,Male,M,352,294247,119.6
,2005,2005,South Carolina,45,55-64 years,55-64,Male,M,635,230602,275.4
,2005,2005,South Dakota,46,35-44 years,35-44,Male,M,12,51724,
,2005,2005,South Dakota,46,45-54 years,45-54,Male,M,52,56851,91.5
,2005,2005,South Dakota,46,55-64 years,55-64,Male,M,88,39599,222.2
,2005,2005,Tennessee,47,35-44 years,35-44,Male,M,196,432766,45.3
,2005,2005,Tennessee,47,45-54 years,45-54,Male,M,600,421457,142.4
,2005,2005,Tennessee,47,55-64 years,55-64,Male,M,946,321581,294.2
,2005,2005,Texas,48,35-44 years,35-44,Male,M,403,1668891,24.1
,2005,2005,Texas,48,45-54 years,45-54,Male,M,1429,1524292,93.7
,2005,2005,Texas,48,55-64 years,55-64,Male,M,2422,1008906,240.1
,2005,2005,Utah,49,35-44 years,35-44,Male,M,21,152039,13.8
,2005,2005,Utah,49,45-54 years,45-54,Male,M,82,140425,58.4
,2005,2005,Utah,49,55-64 years,55-64,Male,M,128,92803,137.9
,2005,2005,Vermont,50,35-44 years,35-44,Male,M,,44870,
,2005,2005,Vermont,50,45-54 years,45-54,Male,M,32,50166,63.8
,2005,2005,Vermont,50,55-64 years,55-64,Male,M,58,37402,155.1
,2005,2005,Virginia,51,35-44 years,35-44,Male,M,136,575168,23.6
,2005,2005,Virginia,51,45-54 years,45-54,Male,M,502,548824,91.5
,2005,2005,Virginia,51,55-64 years,55-64,Male,M,801,394007,203.3
,2005,2005,Washington,53,35-44 years,35-44,Male,M,68,470850,14.4
,2005,2005,Washington,53,45-54 years,45-54,Male,M,298,470820,63.3
,2005,2005,Washington,53,55-64 years,55-64,Male,M,655,333128,196.6
,2005,2005,West Virginia,54,35-44 years,35-44,Male,M,51,123059,41.4
,2005,2005,West Virginia,54,45-54 years,45-54,Male,M,186,139689,133.2
,2005,2005,West Virginia,54,55-64 years,55-64,Male,M,318,111564,285.0
,2005,2005,Wisconsin,55,35-44 years,35-44,Male,M,65,410913,15.8
,2005,2005,Wisconsin,55,45-54 years,45-54,Male,M,308,420477,73.3
,2005,2005,Wisconsin,55,55-64 years,55-64,Male,M,547,284340,192.4
,2005,2005,Wyoming,56,35-44 years,35-44,Male,M,,33799,
,2005,2005,Wyoming,56,45-54 years,45-54,Male,M,30,42321,70.9
,2005,2005,Wyoming,56,55-64 years,55-64,Male,M,55,29995,183.4
,2006,2006,Alabama,01,35-44 years,35-44,Male,M,106,314657,33.7
,2006,2006,Alabama,01,45-54 years,45-54,Male,M,350,326177,107.3
,2006,2006,Alabama,01,55-64 years,55-64,Male,M,566,250793,225.7
,2006,2006,Alaska,02,35-44 years,35-44,Male,M,10,50456,
,2006,2006,Alaska,02,45-54 years,45-54,Male,M,37,58001,63.8
,2006,2006,Alaska,02,55-64 years,55-64,Male,M,41,37404,109.6
,2006,2006,Arizona,04,35-44 years,35-44,Male,M,83,418806,19.8
,2006,2006,Arizona,04,45-54 years,45-54,Male,M,337,384152,87.7
,2006,2006,Arizona,04,55-64 years,55-64,Male,M,684,301884,226.6
,2006,2006,Arkansas,05,35-44 years,35-44,Male,M,92,189796,48.5
,2006,2006,Arkansas,05,45-54 years,45-54,Male,M,282,192180,146.7
,2006,2006,Arkansas,05,55-64 years,55-64,Male,M,503,153834,327.0
,2006,2006,California,06,35-44 years,35-44,Male,M,426,2728888,15.6
,2006,2006,California,06,45-54 years,45-54,Male,M,1845,2482711,74.3
,2006,2006,California,06,55-64 years,55-64,Male,M,3386,1682305,201.3
,2006,2006,Colorado,08,35-44 years,35-44,Male,M,57,359609,15.9
,2006,2006,Colorado,08,45-54 years,45-54,Male,M,236,357116,66.1
,2006,2006,Colorado,08,55-64 years,55-64,Male,M,371,244418,151.8
,2006,2006,Connecticut,09,35-44 years,35-44,Male,M,46,264136,17.4
,2006,2006,Connecticut,09,45-54 years,45-54,Male,M,149,269487,55.3
,2006,2006,Connecticut,09,55-64 years,55-64,Male,M,287,189897,151.1
,2006,2006,Delaware,10,35-44 years,35-44,Male,M,13,61009,
,2006,2006,Delaware,10,45-54 years,45-54,Male,M,72,60029,119.9
,2006,2006,Delaware,10,55-64 years,55-64,Male,M,95,46169,205.8
,2006,2006,District of Columbia,11,35-44 years,35-44,Male,M,,42028,
,2006,2006,District of Columbia,11,45-54 years,45-54,Male,M,53,35891,147.7
,2006,2006,District of Columbia,11,55-64 years,55-64,Male,M,88,27333,322.0
,2006,2006,Florida,12,35-44 years,35-44,Male,M,312,1284703,24.3
,2006,2006,Florida,12,45-54 years,45-54,Male,M,1112,1254102,88.7
,2006,2006,Florida,12,55-64 years,55-64,Male,M,2147,995923,215.6
,2006,2006,Georgia,13,35-44 years,35-44,Male,M,164,699702,23.4
,2006,2006,Georgia,13,45-54 years,45-54,Male,M,543,623011,87.2
,2006,2006,Georgia,13,55-64 years,55-64,Male,M,927,438605,211.4
,2006,2006,Hawaii,15,35-44 years,35-44,Male,M,12,91665,
,2006,2006,Hawaii,15,45-54 years,45-54,Male,M,69,95929,71.9
,2006,2006,Hawaii,15,55-64 years,55-64,Male,M,131,75481,173.6
,2006,2006,Idaho,16,35-44 years,35-44,Male,M,21,96956,21.7
,2006,2006,Idaho,16,45-54 years,45-54,Male,M,67,100863,66.4
,2006,2006,Idaho,16,55-64 years,55-64,Male,M,142,76489,185.6
,2006,2006,Illinois,17,35-44 years,35-44,Male,M,191,913596,20.9
,2006,2006,Illinois,17,45-54 years,45-54,Male,M,835,897523,93.0
,2006,2006,Illinois,17,55-64 years,55-64,Male,M,1426,625704,227.9
,2006,2006,Indiana,18,35-44 years,35-44,Male,M,152,446726,34.0
,2006,2006,Indiana,18,45-54 years,45-54,Male,M,454,457802,99.2
,2006,2006,Indiana,18,55-64 years,55-64,Male,M,733,326717,224.4
,2006,2006,Iowa,19,35-44 years,35-44,Male,M,45,199170,22.6
,2006,2006,Iowa,19,45-54 years,45-54,Male,M,208,220268,94.4
,2006,2006,Iowa,19,55-64 years,55-64,Male,M,334,159703,209.1
,2006,2006,Kansas,20,35-44 years,35-44,Male,M,29,185819,15.6
,2006,2006,Kansas,20,45-54 years,45-54,Male,M,179,200059,89.5
,2006,2006,Kansas,20,55-64 years,55-64,Male,M,288,140914,204.4
,2006,2006,Kentucky,21,35-44 years,35-44,Male,M,147,302705,48.6
,2006,2006,Kentucky,21,45-54 years,45-54,Male,M,433,307089,141.0
,2006,2006,Kentucky,21,55-64 years,55-64,Male,M,571,231395,246.8
,2006,2006,Louisiana,22,35-44 years,35-44,Male,M,122,290560,42.0
,2006,2006,Louisiana,22,45-54 years,45-54,Male,M,405,310029,130.6
,2006,2006,Louisiana,22,55-64 years,55-64,Male,M,662,223365,296.4
,2006,2006,Maine,23,35-44 years,35-44,Male,M,19,95408,
,2006,2006,Maine,23,45-54 years,45-54,Male,M,83,106188,78.2
,2006,2006,Maine,23,55-64 years,55-64,Male,M,161,83299,193.3
,2006,2006,Maryland,24,35-44 years,35-44,Male,M,84,419546,20.0
,2006,2006,Maryland,24,45-54 years,45-54,Male,M,341,412920,82.6
,2006,2006,Maryland,24,55-64 years,55-64,Male,M,616,293368,210.0
,2006,2006,Massachusetts,25,35-44 years,35-44,Male,M,73,478367,15.3
,2006,2006,Massachusetts,25,45-54 years,45-54,Male,M,296,471080,62.8
,2006,2006,Massachusetts,25,55-64 years,55-64,Male,M,520,338730,153.5
,2006,2006,Michigan,26,35-44 years,35-44,Male,M,209,716929,29.2
,2006,2006,Michigan,26,45-54 years,45-54,Male,M,790,748719,105.5
,2006,2006,Michigan,26,55-64 years,55-64,Male,M,1381,539929,255.8
,2006,2006,Minnesota,27,35-44 years,35-44,Male,M,68,378412,18.0
,2006,2006,Minnesota,27,45-54 years,45-54,Male,M,256,392868,65.2
,2006,2006,Minnesota,27,55-64 years,55-64,Male,M,322,265350,121.3
,2006,2006,Mississippi,28,35-44 years,35-44,Male,M,98,191538,51.2
,2006,2006,Mississippi,28,45-54 years,45-54,Male,M,307,197901,155.1
,2006,2006,Mississippi,28,55-64 years,55-64,Male,M,423,148187,285.5
,2006,2006,Missouri,29,35-44 years,35-44,Male,M,122,403377,30.2
,2006,2006,Missouri,29,45-54 years,45-54,Male,M,502,421589,119.1
,2006,2006,Missouri,29,55-64 years,55-64,Male,M,797,307897,258.9
,2006,2006,Montana,30,35-44 years,35-44,Male,M,21,60403,34.8
,2006,2006,Montana,30,45-54 years,45-54,Male,M,59,75936,77.7
,2006,2006,Montana,30,55-64 years,55-64,Male,M,101,59500,169.7
,2006,2006,Nebraska,31,35-44 years,35-44,Male,M,24,118622,20.2
,2006,2006,Nebraska,31,45-54 years,45-54,Male,M,80,128123,62.4
,2006,2006,Nebraska,31,55-64 years,55-64,Male,M,120,90839,132.1
,2006,2006,Nevada,32,35-44 years,35-44,Male,M,46,197326,23.3
,2006,2006,Nevada,32,45-54 years,45-54,Male,M,173,176379,98.1
,2006,2006,Nevada,32,55-64 years,55-64,Male,M,325,138899,234.0
,2006,2006,New Hampshire,33,35-44 years,35-44,Male,M,17,101138,
,2006,2006,New Hampshire,33,45-54 years,45-54,Male,M,76,108072,70.3
,2006,2006,New Hampshire,33,55-64 years,55-64,Male,M,130,76287,170.4
,2006,2006,New Jersey,34,35-44 years,35-44,Male,M,134,664603,20.2
,2006,2006,New Jersey,34,45-54 years,45-54,Male,M,433,640208,67.6
,2006,2006,New Jersey,34,55-64 years,55-64,Male,M,793,447202,177.3
,2006,2006,New Mexico,35,35-44 years,35-44,Male,M,23,128348,17.9
,2006,2006,New Mexico,35,45-54 years,45-54,Male,M,91,138001,65.9
,2006,2006,New Mexico,35,55-64 years,55-64,Male,M,191,106320,179.6
,2006,2006,New York,36,35-44 years,35-44,Male,M,286,1399994,20.4
,2006,2006,New York,36,45-54 years,45-54,Male,M,1067,1352196,78.9
,2006,2006,New York,36,55-64 years,55-64,Male,M,2243,977666,229.4
,2006,2006,North Carolina,37,35-44 years,35-44,Male,M,193,655816,29.4
,2006,2006,North Carolina,37,45-54 years,45-54,Male,M,637,617764,103.1
,2006,2006,North Carolina,37,55-64 years,55-64,Male,M,1155,470588,245.4
,2006,2006,North Dakota,38,35-44 years,35-44,Male,M,11,41135,
,2006,2006,North Dakota,38,45-54 years,45-54,Male,M,47,49646,94.7
,2006,2006,North Dakota,38,55-64 years,55-64,Male,M,76,34637,219.4
,2006,2006,Ohio,39,35-44 years,35-44,Male,M,217,801968,27.1
,2006,2006,Ohio,39,45-54 years,45-54,Male,M,908,852702,106.5
,2006,2006,Ohio,39,55-64 years,55-64,Male,M,1542,615683,250.5
,2006,2006,Oklahoma,40,35-44 years,35-44,Male,M,80,238344,33.6
,2006,2006,Oklahoma,40,45-54 years,45-54,Male,M,327,252183,129.7
,2006,2006,Oklahoma,40,55-64 years,55-64,Male,M,645,190102,339.3
,2006,2006,Oregon,41,35-44 years,35-44,Male,M,40,255704,15.6
,2006,2006,Oregon,41,45-54 years,45-54,Male,M,195,270561,72.1
,2006,2006,Oregon,41,55-64 years,55-64,Male,M,340,214050,158.8
,2006,2006,Pennsylvania,42,35-44 years,35-44,Male,M,211,872416,24.2
,2006,2006,Pennsylvania,42,45-54 years,45-54,Male,M,782,942912,82.9
,2006,2006,Pennsylvania,42,55-64 years,55-64,Male,M,1532,688920,222.4
,2006,2006,Rhode Island,44,35-44 years,35-44,Male,M,16,76057,
,2006,2006,Rhode Island,44,45-54 years,45-54,Male,M,68,77349,87.9
,2006,2006,Rhode Island,44,55-64 years,55-64,Male,M,107,56292,190.1
,2006,2006,South Carolina,45,35-44 years,35-44,Male,M,99,301820,32.8
,2006,2006,South Carolina,45,45-54 years,45-54,Male,M,357,300753,118.7
,2006,2006,South Carolina,45,55-64 years,55-64,Male,M,621,242011,256.6
,2006,2006,South Dakota,46,35-44 years,35-44,Male,M,12,50878,
,2006,2006,South Dakota,46,45-54 years,45-54,Male,M,57,57801,98.6
,2006,2006,South Dakota,46,55-64 years,55-64,Male,M,106,41668,254.4
,2006,2006,Tennessee,47,35-44 years,35-44,Male,M,190,435624,43.6
,2006,2006,Tennessee,47,45-54 years,45-54,Male,M,613,429919,142.6
,2006,2006,Tennessee,47,55-64 years,55-64,Male,M,1072,335870,319.2
,2006,2006,Texas,48,35-44 years,35-44,Male,M,376,1686036,22.3
,2006,2006,Texas,48,45-54 years,45-54,Male,M,1391,1574906,88.3
,2006,2006,Texas,48,55-64 years,55-64,Male,M,2458,1063550,231.1
,2006,2006,Utah,49,35-44 years,35-44,Male,M,21,155133,13.5
,2006,2006,Utah,49,45-54 years,45-54,Male,M,75,144574,51.9
,2006,2006,Utah,49,55-64 years,55-64,Male,M,136,98654,137.9
,2006,2006,Vermont,50,35-44 years,35-44,Male,M,10,43857,
,2006,2006,Vermont,50,45-54 years,45-54,Male,M,40,50625,79.0
,2006,2006,Vermont,50,55-64 years,55-64,Male,M,68,39109,173.9
,2006,2006,Virginia,51,35-44 years,35-44,Male,M,140,573852,24.4
,2006,2006,Virginia,51,45-54 years,45-54,Male,M,455,561358,81.1
,2006,2006,Virginia,51,55-64 years,55-64,Male,M,824,408287,201.8
,2006,2006,Washington,53,35-44 years,35-44,Male,M,78,471954,16.5
,2006,2006,Washington,53,45-54 years,45-54,Male,M,297,479648,61.9
,2006,2006,Washington,53,55-64 years,55-64,Male,M,545,350672,155.4
,2006,2006,West Virginia,54,35-44 years,35-44,Male,M,49,123339,39.7
,2006,2006,West Virginia,54,45-54 years,45-54,Male,M,193,139188,138.7
,2006,2006,West Virginia,54,55-64 years,55-64,Male,M,283,116149,243.7
,2006,2006,Wisconsin,55,35-44 years,35-44,Male,M,66,403420,16.4
,2006,2006,Wisconsin,55,45-54 years,45-54,Male,M,287,427362,67.2
,2006,2006,Wisconsin,55,55-64 years,55-64,Male,M,529,298339,177.3
,2006,2006,Wyoming,56,35-44 years,35-44,Male,M,,33839,
,2006,2006,Wyoming,56,45-54 years,45-54,Male,M,23,42734,53.8
,2006,2006,Wyoming,56,55-64 years,55-64,Male,M,49,31672,154.7
,2007,2007,Alabama,01,35-44 years,35-44,Male,M,82,313008,26.2
,2007,2007,Alabama,01,45-54 years,45-54,Male,M,315,330732,95.2
,2007,2007,Alabama,01,55-64 years,55-64,Male,M,582,259292,224.5
,2007,2007,Alaska,02,35-44 years,35-44,Male,M,13,49529,
,2007,2007,Alaska,02,45-54 years,45-54,Male,M,30,57906,51.8
,2007,2007,Alaska,02,55-64 years,55-64,Male,M,59,39361,149.9
,2007,2007,Arizona,04,35-44 years,35-44,Male,M,71,421172,16.9
,2007,2007,Arizona,04,45-54 years,45-54,Male,M,300,396466,75.7
,2007,2007,Arizona,04,55-64 years,55-64,Male,M,630,314829,200.1
,2007,2007,Arkansas,05,35-44 years,35-44,Male,M,93,188402,49.4
,2007,2007,Arkansas,05,45-54 years,45-54,Male,M,293,194675,150.5
,2007,2007,Arkansas,05,55-64 years,55-64,Male,M,452,158511,285.2
,2007,2007,California,06,35-44 years,35-44,Male,M,359,2690610,13.3
,2007,2007,California,06,45-54 years,45-54,Male,M,1750,2523838,69.3
,2007,2007,California,06,55-64 years,55-64,Male,M,3378,1745333,193.5
,2007,2007,Colorado,08,35-44 years,35-44,Male,M,57,359837,15.8
,2007,2007,Colorado,08,45-54 years,45-54,Male,M,232,362708,64.0
,2007,2007,Colorado,08,55-64 years,55-64,Male,M,358,258484,138.5
,2007,2007,Connecticut,09,35-44 years,35-44,Male,M,50,257335,19.4
,2007,2007,Connecticut,09,45-54 years,45-54,Male,M,150,273509,54.8
,2007,2007,Connecticut,09,55-64 years,55-64,Male,M,268,195718,136.9
,2007,2007,Delaware,10,35-44 years,35-44,Male,M,20,60079,33.3
,2007,2007,Delaware,10,45-54 years,45-54,Male,M,78,61838,126.1
,2007,2007,Delaware,10,55-64 years,55-64,Male,M,122,47550,256.6
,2007,2007,District of Columbia,11,35-44 years,35-44,Male,M,15,41836,
,2007,2007,District of Columbia,11,45-54 years,45-54,Male,M,39,36276,107.5
,2007,2007,District of Columbia,11,55-64 years,55-64,Male,M,95,27694,343.0
,2007,2007,Florida,12,35-44 years,35-44,Male,M,273,1272045,21.5
,2007,2007,Florida,12,45-54 years,45-54,Male,M,1124,1283301,87.6
,2007,2007,Florida,12,55-64 years,55-64,Male,M,2009,1026194,195.8
,2007,2007,Georgia,13,35-44 years,35-44,Male,M,152,703800,21.6
,2007,2007,Georgia,13,45-54 years,45-54,Male,M,509,641729,79.3
,2007,2007,Georgia,13,55-64 years,55-64,Male,M,865,457816,188.9
,2007,2007,Hawaii,15,35-44 years,35-44,Male,M,19,90491,
,2007,2007,Hawaii,15,45-54 years,45-54,Male,M,44,96529,45.6
,2007,2007,Hawaii,15,55-64 years,55-64,Male,M,125,79144,157.9
,2007,2007,Idaho,16,35-44 years,35-44,Male,M,11,97532,
,2007,2007,Idaho,16,45-54 years,45-54,Male,M,79,102642,77.0
,2007,2007,Idaho,16,55-64 years,55-64,Male,M,146,80612,181.1
,2007,2007,Illinois,17,35-44 years,35-44,Male,M,205,901184,22.7
,2007,2007,Illinois,17,45-54 years,45-54,Male,M,797,907322,87.8
,2007,2007,Illinois,17,55-64 years,55-64,Male,M,1348,646453,208.5
,2007,2007,Indiana,18,35-44 years,35-44,Male,M,144,442089,32.6
,2007,2007,Indiana,18,45-54 years,45-54,Male,M,464,462740,100.3
,2007,2007,Indiana,18,55-64 years,55-64,Male,M,727,339042,214.4
,2007,2007,Iowa,19,35-44 years,35-44,Male,M,49,195303,25.1
,2007,2007,Iowa,19,45-54 years,45-54,Male,M,205,220449,93.0
,2007,2007,Iowa,19,55-64 years,55-64,Male,M,344,166890,206.1
,2007,2007,Kansas,20,35-44 years,35-44,Male,M,46,182412,25.2
,2007,2007,Kansas,20,45-54 years,45-54,Male,M,157,201914,77.8
,2007,2007,Kansas,20,55-64 years,55-64,Male,M,232,147281,157.5
,2007,2007,Kentucky,21,35-44 years,35-44,Male,M,131,301797,43.4
,2007,2007,Kentucky,21,45-54 years,45-54,Male,M,391,309577,126.3
,2007,2007,Kentucky,21,55-64 years,55-64,Male,M,620,239119,259.3
,2007,2007,Louisiana,22,35-44 years,35-44,Male,M,105,288615,36.4
,2007,2007,Louisiana,22,45-54 years,45-54,Male,M,379,314801,120.4
,2007,2007,Louisiana,22,55-64 years,55-64,Male,M,683,232419,293.9
,2007,2007,Maine,23,35-44 years,35-44,Male,M,28,92803,30.2
,2007,2007,Maine,23,45-54 years,45-54,Male,M,81,107362,75.4
,2007,2007,Maine,23,55-64 years,55-64,Male,M,151,86326,174.9
,2007,2007,Maryland,24,35-44 years,35-44,Male,M,78,410785,19.0
,2007,2007,Maryland,24,45-54 years,45-54,Male,M,334,418841,79.7
,2007,2007,Maryland,24,55-64 years,55-64,Male,M,628,301745,208.1
,2007,2007,Massachusetts,25,35-44 years,35-44,Male,M,76,467382,16.3
,2007,2007,Massachusetts,25,45-54 years,45-54,Male,M,321,477866,67.2
,2007,2007,Massachusetts,25,55-64 years,55-64,Male,M,561,350195,160.2
,2007,2007,Michigan,26,35-44 years,35-44,Male,M,183,697454,26.2
,2007,2007,Michigan,26,45-54 years,45-54,Male,M,832,751000,110.8
,2007,2007,Michigan,26,55-64 years,55-64,Male,M,1432,558423,256.4
,2007,2007,Minnesota,27,35-44 years,35-44,Male,M,46,369332,12.5
,2007,2007,Minnesota,27,45-54 years,45-54,Male,M,214,398214,53.7
,2007,2007,Minnesota,27,55-64 years,55-64,Male,M,351,277634,126.4
,2007,2007,Mississippi,28,35-44 years,35-44,Male,M,95,190171,50.0
,2007,2007,Mississippi,28,45-54 years,45-54,Male,M,283,200419,141.2
,2007,2007,Mississippi,28,55-64 years,55-64,Male,M,475,153192,310.1
,2007,2007,Missouri,29,35-44 years,35-44,Male,M,114,395972,28.8
,2007,2007,Missouri,29,45-54 years,45-54,Male,M,492,428790,114.7
,2007,2007,Missouri,29,55-64 years,55-64,Male,M,780,318333,245.0
,2007,2007,Montana,30,35-44 years,35-44,Male,M,15,59417,
,2007,2007,Montana,30,45-54 years,45-54,Male,M,67,76219,87.9
,2007,2007,Montana,30,55-64 years,55-64,Male,M,120,62781,191.1
,2007,2007,Nebraska,31,35-44 years,35-44,Male,M,27,116286,23.2
,2007,2007,Nebraska,31,45-54 years,45-54,Male,M,80,128869,62.1
,2007,2007,Nebraska,31,55-64 years,55-64,Male,M,134,94694,141.5
,2007,2007,Nevada,32,35-44 years,35-44,Male,M,32,200257,16.0
,2007,2007,Nevada,32,45-54 years,45-54,Male,M,144,182937,78.7
,2007,2007,Nevada,32,55-64 years,55-64,Male,M,337,144262,233.6
,2007,2007,New Hampshire,33,35-44 years,35-44,Male,M,20,98526,20.3
,2007,2007,New Hampshire,33,45-54 years,45-54,Male,M,64,109575,58.4
,2007,2007,New Hampshire,33,55-64 years,55-64,Male,M,134,79561,168.4
,2007,2007,New Jersey,34,35-44 years,35-44,Male,M,92,649336,14.2
,2007,2007,New Jersey,34,45-54 years,45-54,Male,M,439,650912,67.4
,2007,2007,New Jersey,34,55-64 years,55-64,Male,M,791,459093,172.3
,2007,2007,New Mexico,35,35-44 years,35-44,Male,M,23,126974,18.1
,2007,2007,New Mexico,35,45-54 years,45-54,Male,M,106,140509,75.4
,2007,2007,New Mexico,35,55-64 years,55-64,Male,M,226,111662,202.4
,2007,2007,New York,36,35-44 years,35-44,Male,M,282,1367930,20.6
,2007,2007,New York,36,45-54 years,45-54,Male,M,1055,1365318,77.3
,2007,2007,New York,36,55-64 years,55-64,Male,M,2146,1005180,213.5
,2007,2007,North Carolina,37,35-44 years,35-44,Male,M,189,662610,28.5
,2007,2007,North Carolina,37,45-54 years,45-54,Male,M,617,635454,97.1
,2007,2007,North Carolina,37,55-64 years,55-64,Male,M,1139,492505,231.3
,2007,2007,North Dakota,38,35-44 years,35-44,Male,M,,40075,
,2007,2007,North Dakota,38,45-54 years,45-54,Male,M,47,49496,95.0
,2007,2007,North Dakota,38,55-64 years,55-64,Male,M,58,36716,158.0
,2007,2007,Ohio,39,35-44 years,35-44,Male,M,208,786594,26.4
,2007,2007,Ohio,39,45-54 years,45-54,Male,M,841,857326,98.1
,2007,2007,Ohio,39,55-64 years,55-64,Male,M,1518,637727,238.0
,2007,2007,Oklahoma,40,35-44 years,35-44,Male,M,76,236698,32.1
,2007,2007,Oklahoma,40,45-54 years,45-54,Male,M,363,255732,141.9
,2007,2007,Oklahoma,40,55-64 years,55-64,Male,M,585,196092,298.3
,2007,2007,Oregon,41,35-44 years,35-44,Male,M,52,256122,20.3
,2007,2007,Oregon,41,45-54 years,45-54,Male,M,176,271131,64.9
,2007,2007,Oregon,41,55-64 years,55-64,Male,M,351,224095,156.6
,2007,2007,Pennsylvania,42,35-44 years,35-44,Male,M,170,858379,19.8
,2007,2007,Pennsylvania,42,45-54 years,45-54,Male,M,777,949652,81.8
,2007,2007,Pennsylvania,42,55-64 years,55-64,Male,M,1579,714841,220.9
,2007,2007,Rhode Island,44,35-44 years,35-44,Male,M,24,73668,32.6
,2007,2007,Rhode Island,44,45-54 years,45-54,Male,M,70,77972,89.8
,2007,2007,Rhode Island,44,55-64 years,55-64,Male,M,133,57911,229.7
,2007,2007,South Carolina,45,35-44 years,35-44,Male,M,93,302943,30.7
,2007,2007,South Carolina,45,45-54 years,45-54,Male,M,306,307169,99.6
,2007,2007,South Carolina,45,55-64 years,55-64,Male,M,603,252549,238.8
,2007,2007,South Dakota,46,35-44 years,35-44,Male,M,17,49662,
,2007,2007,South Dakota,46,45-54 years,45-54,Male,M,47,58505,80.3
,2007,2007,South Dakota,46,55-64 years,55-64,Male,M,84,43995,190.9
,2007,2007,Tennessee,47,35-44 years,35-44,Male,M,165,436753,37.8
,2007,2007,Tennessee,47,45-54 years,45-54,Male,M,601,436609,137.7
,2007,2007,Tennessee,47,55-64 years,55-64,Male,M,1007,347067,290.1
,2007,2007,Texas,48,35-44 years,35-44,Male,M,357,1700143,21.0
,2007,2007,Texas,48,45-54 years,45-54,Male,M,1389,1617044,85.9
,2007,2007,Texas,48,55-64 years,55-64,Male,M,2556,1113324,229.6
,2007,2007,Utah,49,35-44 years,35-44,Male,M,23,158848,14.5
,2007,2007,Utah,49,45-54 years,45-54,Male,M,72,148375,48.5
,2007,2007,Utah,49,55-64 years,55-64,Male,M,153,103708,147.5
,2007,2007,Vermont,50,35-44 years,35-44,Male,M,,42625,
,2007,2007,Vermont,50,45-54 years,45-54,Male,M,35,50858,68.8
,2007,2007,Vermont,50,55-64 years,55-64,Male,M,66,40656,162.3
,2007,2007,Virginia,51,35-44 years,35-44,Male,M,129,568133,22.7
,2007,2007,Virginia,51,45-54 years,45-54,Male,M,463,570988,81.1
,2007,2007,Virginia,51,55-64 years,55-64,Male,M,794,421361,188.4
,2007,2007,Washington,53,35-44 years,35-44,Male,M,79,469806,16.8
,2007,2007,Washington,53,45-54 years,45-54,Male,M,316,486262,65.0
,2007,2007,Washington,53,55-64 years,55-64,Male,M,598,366699,163.1
,2007,2007,West Virginia,54,35-44 years,35-44,Male,M,57,122677,46.5
,2007,2007,West Virginia,54,45-54 years,45-54,Male,M,191,138578,137.8
,2007,2007,West Virginia,54,55-64 years,55-64,Male,M,285,120119,237.3
,2007,2007,Wisconsin,55,35-44 years,35-44,Male,M,67,394711,17.0
,2007,2007,Wisconsin,55,45-54 years,45-54,Male,M,324,432100,75.0
,2007,2007,Wisconsin,55,55-64 years,55-64,Male,M,592,312182,189.6
,2007,2007,Wyoming,56,35-44 years,35-44,Male,M,,34080,
,2007,2007,Wyoming,56,45-54 years,45-54,Male,M,43,42943,100.1
,2007,2007,Wyoming,56,55-64 years,55-64,Male,M,66,33393,197.6
,2008,2008,Alabama,01,35-44 years,35-44,Male,M,100,309813,32.3
,2008,2008,Alabama,01,45-54 years,45-54,Male,M,333,334324,99.6
,2008,2008,Alabama,01,55-64 years,55-64,Male,M,551,266305,206.9
,2008,2008,Alaska,02,35-44 years,35-44,Male,M,,48780,
,2008,2008,Alaska,02,45-54 years,45-54,Male,M,29,57503,50.4
,2008,2008,Alaska,02,55-64 years,55-64,Male,M,50,41619,120.1
,2008,2008,Arizona,04,35-44 years,35-44,Male,M,77,421296,18.3
,2008,2008,Arizona,04,45-54 years,45-54,Male,M,307,405720,75.7
,2008,2008,Arizona,04,55-64 years,55-64,Male,M,703,325075,216.3
,2008,2008,Arkansas,05,35-44 years,35-44,Male,M,74,186476,39.7
,2008,2008,Arkansas,05,45-54 years,45-54,Male,M,318,197249,161.2
,2008,2008,Arkansas,05,55-64 years,55-64,Male,M,482,162061,297.4
,2008,2008,California,06,35-44 years,35-44,Male,M,345,2658307,13.0
,2008,2008,California,06,45-54 years,45-54,Male,M,1724,2560191,67.3
,2008,2008,California,06,55-64 years,55-64,Male,M,3388,1809088,187.3
,2008,2008,Colorado,08,35-44 years,35-44,Male,M,43,358974,12.0
,2008,2008,Colorado,08,45-54 years,45-54,Male,M,208,366513,56.8
,2008,2008,Colorado,08,55-64 years,55-64,Male,M,368,270978,135.8
,2008,2008,Connecticut,09,35-44 years,35-44,Male,M,31,250757,12.4
,2008,2008,Connecticut,09,45-54 years,45-54,Male,M,194,276576,70.1
,2008,2008,Connecticut,09,55-64 years,55-64,Male,M,284,200102,141.9
,2008,2008,Delaware,10,35-44 years,35-44,Male,M,17,59094,
,2008,2008,Delaware,10,45-54 years,45-54,Male,M,61,62987,96.8
,2008,2008,Delaware,10,55-64 years,55-64,Male,M,104,49190,211.4
,2008,2008,District of Columbia,11,35-44 years,35-44,Male,M,10,40885,
,2008,2008,District of Columbia,11,45-54 years,45-54,Male,M,46,36765,125.1
,2008,2008,District of Columbia,11,55-64 years,55-64,Male,M,95,28213,336.7
,2008,2008,Florida,12,35-44 years,35-44,Male,M,255,1249539,20.4
,2008,2008,Florida,12,45-54 years,45-54,Male,M,1078,1307051,82.5
,2008,2008,Florida,12,55-64 years,55-64,Male,M,2083,1047537,198.8
,2008,2008,Georgia,13,35-44 years,35-44,Male,M,129,703355,18.3
,2008,2008,Georgia,13,45-54 years,45-54,Male,M,456,656300,69.5
,2008,2008,Georgia,13,55-64 years,55-64,Male,M,804,473199,169.9
,2008,2008,Hawaii,15,35-44 years,35-44,Male,M,18,90153,
,2008,2008,Hawaii,15,45-54 years,45-54,Male,M,65,96841,67.1
,2008,2008,Hawaii,15,55-64 years,55-64,Male,M,132,82148,160.7
,2008,2008,Idaho,16,35-44 years,35-44,Male,M,18,97617,
,2008,2008,Idaho,16,45-54 years,45-54,Male,M,61,103570,58.9
,2008,2008,Idaho,16,55-64 years,55-64,Male,M,134,83736,160.0
,2008,2008,Illinois,17,35-44 years,35-44,Male,M,192,886495,21.7
,2008,2008,Illinois,17,45-54 years,45-54,Male,M,803,914195,87.8
,2008,2008,Illinois,17,55-64 years,55-64,Male,M,1418,665429,213.1
,2008,2008,Indiana,18,35-44 years,35-44,Male,M,125,435713,28.7
,2008,2008,Indiana,18,45-54 years,45-54,Male,M,450,466488,96.5
,2008,2008,Indiana,18,55-64 years,55-64,Male,M,806,349388,230.7
,2008,2008,Iowa,19,35-44 years,35-44,Male,M,49,190772,25.7
,2008,2008,Iowa,19,45-54 years,45-54,Male,M,204,221068,92.3
,2008,2008,Iowa,19,55-64 years,55-64,Male,M,351,172664,203.3
,2008,2008,Kansas,20,35-44 years,35-44,Male,M,27,179529,15.0
,2008,2008,Kansas,20,45-54 years,45-54,Male,M,152,202244,75.2
,2008,2008,Kansas,20,55-64 years,55-64,Male,M,277,152303,181.9
,2008,2008,Kentucky,21,35-44 years,35-44,Male,M,108,297240,36.3
,2008,2008,Kentucky,21,45-54 years,45-54,Male,M,406,313453,129.5
,2008,2008,Kentucky,21,55-64 years,55-64,Male,M,639,246524,259.2
,2008,2008,Louisiana,22,35-44 years,35-44,Male,M,89,284308,31.3
,2008,2008,Louisiana,22,45-54 years,45-54,Male,M,409,318091,128.6
,2008,2008,Louisiana,22,55-64 years,55-64,Male,M,659,241125,273.3
,2008,2008,Maine,23,35-44 years,35-44,Male,M,20,90124,22.2
,2008,2008,Maine,23,45-54 years,45-54,Male,M,69,107756,64.0
,2008,2008,Maine,23,55-64 years,55-64,Male,M,164,88975,184.3
,2008,2008,Maryland,24,35-44 years,35-44,Male,M,83,400986,20.7
,2008,2008,Maryland,24,45-54 years,45-54,Male,M,307,423472,72.5
,2008,2008,Maryland,24,55-64 years,55-64,Male,M,628,308466,203.6
,2008,2008,Massachusetts,25,35-44 years,35-44,Male,M,73,454826,16.1
,2008,2008,Massachusetts,25,45-54 years,45-54,Male,M,250,484459,51.6
,2008,2008,Massachusetts,25,55-64 years,55-64,Male,M,552,360111,153.3
,2008,2008,Michigan,26,35-44 years,35-44,Male,M,155,673403,23.0
,2008,2008,Michigan,26,45-54 years,45-54,Male,M,753,750535,100.3
,2008,2008,Michigan,26,55-64 years,55-64,Male,M,1363,571808,238.4
,2008,2008,Minnesota,27,35-44 years,35-44,Male,M,47,358985,13.1
,2008,2008,Minnesota,27,45-54 years,45-54,Male,M,235,402255,58.4
,2008,2008,Minnesota,27,55-64 years,55-64,Male,M,357,288277,123.8
,2008,2008,Mississippi,28,35-44 years,35-44,Male,M,72,188056,38.3
,2008,2008,Mississippi,28,45-54 years,45-54,Male,M,228,202191,112.8
,2008,2008,Mississippi,28,55-64 years,55-64,Male,M,476,157044,303.1
,2008,2008,Missouri,29,35-44 years,35-44,Male,M,115,386683,29.7
,2008,2008,Missouri,29,45-54 years,45-54,Male,M,572,434639,131.6
,2008,2008,Missouri,29,55-64 years,55-64,Male,M,854,327121,261.1
,2008,2008,Montana,30,35-44 years,35-44,Male,M,,58726,
,2008,2008,Montana,30,45-54 years,45-54,Male,M,72,75749,95.1
,2008,2008,Montana,30,55-64 years,55-64,Male,M,116,65419,177.3
,2008,2008,Nebraska,31,35-44 years,35-44,Male,M,19,113814,
,2008,2008,Nebraska,31,45-54 years,45-54,Male,M,74,129623,57.1
,2008,2008,Nebraska,31,55-64 years,55-64,Male,M,110,98183,112.0
,2008,2008,Nevada,32,35-44 years,35-44,Male,M,24,200547,12.0
,2008,2008,Nevada,32,45-54 years,45-54,Male,M,148,187404,79.0
,2008,2008,Nevada,32,55-64 years,55-64,Male,M,299,147605,202.6
,2008,2008,New Hampshire,33,35-44 years,35-44,Male,M,17,95068,
,2008,2008,New Hampshire,33,45-54 years,45-54,Male,M,74,110952,66.7
,2008,2008,New Hampshire,33,55-64 years,55-64,Male,M,125,82377,151.7
,2008,2008,New Jersey,34,35-44 years,35-44,Male,M,97,633636,15.3
,2008,2008,New Jersey,34,45-54 years,45-54,Male,M,411,660499,62.2
,2008,2008,New Jersey,34,55-64 years,55-64,Male,M,757,467853,161.8
,2008,2008,New Mexico,35,35-44 years,35-44,Male,M,30,124589,24.1
,2008,2008,New Mexico,35,45-54 years,45-54,Male,M,92,141849,64.9
,2008,2008,New Mexico,35,55-64 years,55-64,Male,M,227,115835,196.0
,2008,2008,New York,36,35-44 years,35-44,Male,M,279,1334891,20.9
,2008,2008,New York,36,45-54 years,45-54,Male,M,1022,1379350,74.1
,2008,2008,New York,36,55-64 years,55-64,Male,M,2226,1028452,216.4
,2008,2008,North Carolina,37,35-44 years,35-44,Male,M,173,665631,26.0
,2008,2008,North Carolina,37,45-54 years,45-54,Male,M,609,649401,93.8
,2008,2008,North Carolina,37,55-64 years,55-64,Male,M,1183,508196,232.8
,2008,2008,North Dakota,38,35-44 years,35-44,Male,M,12,39333,
,2008,2008,North Dakota,38,45-54 years,45-54,Male,M,40,49246,81.2
,2008,2008,North Dakota,38,55-64 years,55-64,Male,M,78,38529,202.4
,2008,2008,Ohio,39,35-44 years,35-44,Male,M,217,767564,28.3
,2008,2008,Ohio,39,45-54 years,45-54,Male,M,839,859509,97.6
,2008,2008,Ohio,39,55-64 years,55-64,Male,M,1516,656266,231.0
,2008,2008,Oklahoma,40,35-44 years,35-44,Male,M,99,233642,42.4
,2008,2008,Oklahoma,40,45-54 years,45-54,Male,M,395,258589,152.8
,2008,2008,Oklahoma,40,55-64 years,55-64,Male,M,548,201724,271.7
,2008,2008,Oregon,41,35-44 years,35-44,Male,M,40,254788,15.7
,2008,2008,Oregon,41,45-54 years,45-54,Male,M,155,269633,57.5
,2008,2008,Oregon,41,55-64 years,55-64,Male,M,348,232986,149.4
,2008,2008,Pennsylvania,42,35-44 years,35-44,Male,M,183,839671,21.8
,2008,2008,Pennsylvania,42,45-54 years,45-54,Male,M,763,953280,80.0
,2008,2008,Pennsylvania,42,55-64 years,55-64,Male,M,1469,735644,199.7
,2008,2008,Rhode Island,44,35-44 years,35-44,Male,M,16,71116,
,2008,2008,Rhode Island,44,45-54 years,45-54,Male,M,52,78318,66.4
,2008,2008,Rhode Island,44,55-64 years,55-64,Male,M,130,59045,220.2
,2008,2008,South Carolina,45,35-44 years,35-44,Male,M,97,303051,32.0
,2008,2008,South Carolina,45,45-54 years,45-54,Male,M,353,312924,112.8
,2008,2008,South Carolina,45,55-64 years,55-64,Male,M,588,261004,225.3
,2008,2008,South Dakota,46,35-44 years,35-44,Male,M,,48579,
,2008,2008,South Dakota,46,45-54 years,45-54,Male,M,35,58944,59.4
,2008,2008,South Dakota,46,55-64 years,55-64,Male,M,96,46006,208.7
,2008,2008,Tennessee,47,35-44 years,35-44,Male,M,167,433140,38.6
,2008,2008,Tennessee,47,45-54 years,45-54,Male,M,602,443884,135.6
,2008,2008,Tennessee,47,55-64 years,55-64,Male,M,994,356522,278.8
,2008,2008,Texas,48,35-44 years,35-44,Male,M,326,1707283,19.1
,2008,2008,Texas,48,45-54 years,45-54,Male,M,1411,1653300,85.3
,2008,2008,Texas,48,55-64 years,55-64,Male,M,2538,1160753,218.7
,2008,2008,Utah,49,35-44 years,35-44,Male,M,29,161603,17.9
,2008,2008,Utah,49,45-54 years,45-54,Male,M,76,151061,50.3
,2008,2008,Utah,49,55-64 years,55-64,Male,M,142,108595,130.8
,2008,2008,Vermont,50,35-44 years,35-44,Male,M,,41166,
,2008,2008,Vermont,50,45-54 years,45-54,Male,M,36,50818,70.8
,2008,2008,Vermont,50,55-64 years,55-64,Male,M,72,41833,172.1
,2008,2008,Virginia,51,35-44 years,35-44,Male,M,128,561243,22.8
,2008,2008,Virginia,51,45-54 years,45-54,Male,M,456,579782,78.7
,2008,2008,Virginia,51,55-64 years,55-64,Male,M,798,431700,184.9
,2008,2008,Washington,53,35-44 years,35-44,Male,M,65,465238,14.0
,2008,2008,Washington,53,45-54 years,45-54,Male,M,304,490122,62.0
,2008,2008,Washington,53,55-64 years,55-64,Male,M,670,380160,176.2
,2008,2008,West Virginia,54,35-44 years,35-44,Male,M,44,122091,36.0
,2008,2008,West Virginia,54,45-54 years,45-54,Male,M,170,137573,123.6
,2008,2008,West Virginia,54,55-64 years,55-64,Male,M,286,123431,231.7
,2008,2008,Wisconsin,55,35-44 years,35-44,Male,M,70,383742,18.2
,2008,2008,Wisconsin,55,45-54 years,45-54,Male,M,300,435771,68.8
,2008,2008,Wisconsin,55,55-64 years,55-64,Male,M,588,323790,181.6
,2008,2008,Wyoming,56,35-44 years,35-44,Male,M,,34435,
,2008,2008,Wyoming,56,45-54 years,45-54,Male,M,36,42894,83.9
,2008,2008,Wyoming,56,55-64 years,55-64,Male,M,62,34906,177.6
,2009,2009,Alabama,01,35-44 years,35-44,Male,M,95,307619,30.9
,2009,2009,Alabama,01,45-54 years,45-54,Male,M,344,337354,102.0
,2009,2009,Alabama,01,55-64 years,55-64,Male,M,612,273893,223.4
,2009,2009,Alaska,02,35-44 years,35-44,Male,M,12,47509,
,2009,2009,Alaska,02,45-54 years,45-54,Male,M,45,58273,77.2
,2009,2009,Alaska,02,55-64 years,55-64,Male,M,83,44312,187.3
,2009,2009,Arizona,04,35-44 years,35-44,Male,M,76,417962,18.2
,2009,2009,Arizona,04,45-54 years,45-54,Male,M,314,411600,76.3
,2009,2009,Arizona,04,55-64 years,55-64,Male,M,670,335251,199.9
,2009,2009,Arkansas,05,35-44 years,35-44,Male,M,78,184048,42.4
,2009,2009,Arkansas,05,45-54 years,45-54,Male,M,281,199444,140.9
,2009,2009,Arkansas,05,55-64 years,55-64,Male,M,486,165860,293.0
,2009,2009,California,06,35-44 years,35-44,Male,M,354,2623323,13.5
,2009,2009,California,06,45-54 years,45-54,Male,M,1704,2592114,65.7
,2009,2009,California,06,55-64 years,55-64,Male,M,3328,1884209,176.6
,2009,2009,Colorado,08,35-44 years,35-44,Male,M,35,357973,9.8
,2009,2009,Colorado,08,45-54 years,45-54,Male,M,208,369312,56.3
,2009,2009,Colorado,08,55-64 years,55-64,Male,M,364,284297,128.0
,2009,2009,Connecticut,09,35-44 years,35-44,Male,M,31,241844,12.8
,2009,2009,Connecticut,09,45-54 years,45-54,Male,M,171,279564,61.2
,2009,2009,Connecticut,09,55-64 years,55-64,Male,M,291,207419,140.3
,2009,2009,Delaware,10,35-44 years,35-44,Male,M,24,57387,41.8
,2009,2009,Delaware,10,45-54 years,45-54,Male,M,54,64153,84.2
,2009,2009,Delaware,10,55-64 years,55-64,Male,M,99,50433,196.3
,2009,2009,District of Columbia,11,35-44 years,35-44,Male,M,,41075,
,2009,2009,District of Columbia,11,45-54 years,45-54,Male,M,36,37384,96.3
,2009,2009,District of Columbia,11,55-64 years,55-64,Male,M,62,28822,215.1
,2009,2009,Florida,12,35-44 years,35-44,Male,M,243,1223247,19.9
,2009,2009,Florida,12,45-54 years,45-54,Male,M,1071,1327057,80.7
,2009,2009,Florida,12,55-64 years,55-64,Male,M,2090,1073456,194.7
,2009,2009,Georgia,13,35-44 years,35-44,Male,M,140,693928,20.2
,2009,2009,Georgia,13,45-54 years,45-54,Male,M,487,669102,72.8
,2009,2009,Georgia,13,55-64 years,55-64,Male,M,865,490869,176.2
,2009,2009,Hawaii,15,35-44 years,35-44,Male,M,18,89351,
,2009,2009,Hawaii,15,45-54 years,45-54,Male,M,71,96729,73.4
,2009,2009,Hawaii,15,55-64 years,55-64,Male,M,123,84759,145.1
,2009,2009,Idaho,16,35-44 years,35-44,Male,M,13,97319,
,2009,2009,Idaho,16,45-54 years,45-54,Male,M,65,103656,62.7
,2009,2009,Idaho,16,55-64 years,55-64,Male,M,167,86973,192.0
,2009,2009,Illinois,17,35-44 years,35-44,Male,M,142,869561,16.3
,2009,2009,Illinois,17,45-54 years,45-54,Male,M,781,919753,84.9
,2009,2009,Illinois,17,55-64 years,55-64,Male,M,1390,689207,201.7
,2009,2009,Indiana,18,35-44 years,35-44,Male,M,136,426557,31.9
,2009,2009,Indiana,18,45-54 years,45-54,Male,M,420,468550,89.6
,2009,2009,Indiana,18,55-64 years,55-64,Male,M,746,363071,205.5
,2009,2009,Iowa,19,35-44 years,35-44,Male,M,49,186190,26.3
,2009,2009,Iowa,19,45-54 years,45-54,Male,M,216,220806,97.8
,2009,2009,Iowa,19,55-64 years,55-64,Male,M,389,179549,216.7
,2009,2009,Kansas,20,35-44 years,35-44,Male,M,30,176211,17.0
,2009,2009,Kansas,20,45-54 years,45-54,Male,M,153,202576,75.5
,2009,2009,Kansas,20,55-64 years,55-64,Male,M,280,158526,176.6
,2009,2009,Kentucky,21,35-44 years,35-44,Male,M,116,292679,39.6
,2009,2009,Kentucky,21,45-54 years,45-54,Male,M,379,315593,120.1
,2009,2009,Kentucky,21,55-64 years,55-64,Male,M,633,254045,249.2
,2009,2009,Louisiana,22,35-44 years,35-44,Male,M,100,280737,35.6
,2009,2009,Louisiana,22,45-54 years,45-54,Male,M,392,319795,122.6
,2009,2009,Louisiana,22,55-64 years,55-64,Male,M,655,250776,261.2
,2009,2009,Maine,23,35-44 years,35-44,Male,M,13,86800,
,2009,2009,Maine,23,45-54 years,45-54,Male,M,59,107459,54.9
,2009,2009,Maine,23,55-64 years,55-64,Male,M,132,91855,143.7
,2009,2009,Maryland,24,35-44 years,35-44,Male,M,75,388534,19.3
,2009,2009,Maryland,24,45-54 years,45-54,Male,M,319,430082,74.2
,2009,2009,Maryland,24,55-64 years,55-64,Male,M,662,319104,207.5
,2009,2009,Massachusetts,25,35-44 years,35-44,Male,M,81,441631,18.3
,2009,2009,Massachusetts,25,45-54 years,45-54,Male,M,286,490687,58.3
,2009,2009,Massachusetts,25,55-64 years,55-64,Male,M,555,373184,148.7
,2009,2009,Michigan,26,35-44 years,35-44,Male,M,149,648729,23.0
,2009,2009,Michigan,26,45-54 years,45-54,Male,M,701,748538,93.6
,2009,2009,Michigan,26,55-64 years,55-64,Male,M,1365,591642,230.7
,2009,2009,Minnesota,27,35-44 years,35-44,Male,M,63,348606,18.1
,2009,2009,Minnesota,27,45-54 years,45-54,Male,M,228,404720,56.3
,2009,2009,Minnesota,27,55-64 years,55-64,Male,M,350,301423,116.1
,2009,2009,Mississippi,28,35-44 years,35-44,Male,M,65,184613,35.2
,2009,2009,Mississippi,28,45-54 years,45-54,Male,M,256,202587,126.4
,2009,2009,Mississippi,28,55-64 years,55-64,Male,M,431,161830,266.3
,2009,2009,Missouri,29,35-44 years,35-44,Male,M,112,377640,29.7
,2009,2009,Missouri,29,45-54 years,45-54,Male,M,513,437966,117.1
,2009,2009,Missouri,29,55-64 years,55-64,Male,M,793,338053,234.6
,2009,2009,Montana,30,35-44 years,35-44,Male,M,,57603,
,2009,2009,Montana,30,45-54 years,45-54,Male,M,57,74893,76.1
,2009,2009,Montana,30,55-64 years,55-64,Male,M,117,68092,171.8
,2009,2009,Nebraska,31,35-44 years,35-44,Male,M,19,112325,
,2009,2009,Nebraska,31,45-54 years,45-54,Male,M,75,129628,57.9
,2009,2009,Nebraska,31,55-64 years,55-64,Male,M,116,102028,113.7
,2009,2009,Nevada,32,35-44 years,35-44,Male,M,29,199214,14.6
,2009,2009,Nevada,32,45-54 years,45-54,Male,M,156,190393,81.9
,2009,2009,Nevada,32,55-64 years,55-64,Male,M,319,151534,210.5
,2009,2009,New Hampshire,33,35-44 years,35-44,Male,M,14,91442,
,2009,2009,New Hampshire,33,45-54 years,45-54,Male,M,69,111712,61.8
,2009,2009,New Hampshire,33,55-64 years,55-64,Male,M,135,85290,158.3
,2009,2009,New Jersey,34,35-44 years,35-44,Male,M,83,618037,13.4
,2009,2009,New Jersey,34,45-54 years,45-54,Male,M,354,668642,52.9
,2009,2009,New Jersey,34,55-64 years,55-64,Male,M,750,484788,154.7
,2009,2009,New Mexico,35,35-44 years,35-44,Male,M,21,123673,17.0
,2009,2009,New Mexico,35,45-54 years,45-54,Male,M,99,142722,69.4
,2009,2009,New Mexico,35,55-64 years,55-64,Male,M,240,120139,199.8
,2009,2009,New York,36,35-44 years,35-44,Male,M,265,1299793,20.4
,2009,2009,New York,36,45-54 years,45-54,Male,M,995,1392832,71.4
,2009,2009,New York,36,55-64 years,55-64,Male,M,2170,1061593,204.4
,2009,2009,North Carolina,37,35-44 years,35-44,Male,M,155,659127,23.5
,2009,2009,North Carolina,37,45-54 years,45-54,Male,M,590,659936,89.4
,2009,2009,North Carolina,37,55-64 years,55-64,Male,M,1117,526246,212.3
,2009,2009,North Dakota,38,35-44 years,35-44,Male,M,10,38758,
,2009,2009,North Dakota,38,45-54 years,45-54,Male,M,44,48994,89.8
,2009,2009,North Dakota,38,55-64 years,55-64,Male,M,75,40467,185.3
,2009,2009,Ohio,39,35-44 years,35-44,Male,M,157,746999,21.0
,2009,2009,Ohio,39,45-54 years,45-54,Male,M,725,859705,84.3
,2009,2009,Ohio,39,55-64 years,55-64,Male,M,1372,681340,201.4
,2009,2009,Oklahoma,40,35-44 years,35-44,Male,M,81,232552,34.8
,2009,2009,Oklahoma,40,45-54 years,45-54,Male,M,332,260091,127.6
,2009,2009,Oklahoma,40,55-64 years,55-64,Male,M,548,208075,263.4
,2009,2009,Oregon,41,35-44 years,35-44,Male,M,38,253989,15.0
,2009,2009,Oregon,41,45-54 years,45-54,Male,M,162,267679,60.5
,2009,2009,Oregon,41,55-64 years,55-64,Male,M,364,241568,150.7
,2009,2009,Pennsylvania,42,35-44 years,35-44,Male,M,188,817096,23.0
,2009,2009,Pennsylvania,42,45-54 years,45-54,Male,M,696,956246,72.8
,2009,2009,Pennsylvania,42,55-64 years,55-64,Male,M,1451,763516,190.0
,2009,2009,Rhode Island,44,35-44 years,35-44,Male,M,16,68371,
,2009,2009,Rhode Island,44,45-54 years,45-54,Male,M,58,78748,73.7
,2009,2009,Rhode Island,44,55-64 years,55-64,Male,M,125,61119,204.5
,2009,2009,South Carolina,45,35-44 years,35-44,Male,M,89,298771,29.8
,2009,2009,South Carolina,45,45-54 years,45-54,Male,M,353,317137,111.3
,2009,2009,South Carolina,45,55-64 years,55-64,Male,M,696,269008,258.7
,2009,2009,South Dakota,46,35-44 years,35-44,Male,M,12,47725,
,2009,2009,South Dakota,46,45-54 years,45-54,Male,M,49,58989,83.1
,2009,2009,South Dakota,46,55-64 years,55-64,Male,M,103,47949,214.8
,2009,2009,Tennessee,47,35-44 years,35-44,Male,M,144,427348,33.7
,2009,2009,Tennessee,47,45-54 years,45-54,Male,M,569,448057,127.0
,2009,2009,Tennessee,47,55-64 years,55-64,Male,M,1038,367445,282.5
,2009,2009,Texas,48,35-44 years,35-44,Male,M,297,1715123,17.3
,2009,2009,Texas,48,45-54 years,45-54,Male,M,1343,1686094,79.7
,2009,2009,Texas,48,55-64 years,55-64,Male,M,2601,1212892,214.4
,2009,2009,Utah,49,35-44 years,35-44,Male,M,15,165718,
,2009,2009,Utah,49,45-54 years,45-54,Male,M,74,152428,48.5
,2009,2009,Utah,49,55-64 years,55-64,Male,M,132,113730,116.1
,2009,2009,Vermont,50,35-44 years,35-44,Male,M,10,39653,
,2009,2009,Vermont,50,45-54 years,45-54,Male,M,30,50635,59.2
,2009,2009,Vermont,50,55-64 years,55-64,Male,M,62,43258,143.3
,2009,2009,Virginia,51,35-44 years,35-44,Male,M,103,552177,18.7
,2009,2009,Virginia,51,45-54 years,45-54,Male,M,459,588655,78.0
,2009,2009,Virginia,51,55-64 years,55-64,Male,M,771,446545,172.7
,2009,2009,Washington,53,35-44 years,35-44,Male,M,58,461541,12.6
,2009,2009,Washington,53,45-54 years,45-54,Male,M,307,492755,62.3
,2009,2009,Washington,53,55-64 years,55-64,Male,M,580,395162,146.8
,2009,2009,West Virginia,54,35-44 years,35-44,Male,M,44,120522,36.5
,2009,2009,West Virginia,54,45-54 years,45-54,Male,M,150,137028,109.5
,2009,2009,West Virginia,54,55-64 years,55-64,Male,M,283,127413,222.1
,2009,2009,Wisconsin,55,35-44 years,35-44,Male,M,69,372657,18.5
,2009,2009,Wisconsin,55,45-54 years,45-54,Male,M,308,437732,70.4
,2009,2009,Wisconsin,55,55-64 years,55-64,Male,M,591,337476,175.1
,2009,2009,Wyoming,56,35-44 years,35-44,Male,M,,34914,
,2009,2009,Wyoming,56,45-54 years,45-54,Male,M,29,42649,68.0
,2009,2009,Wyoming,56,55-64 years,55-64,Male,M,68,36568,186.0
,2010,2010,Alabama,01,35-44 years,35-44,Male,M,75,303785,24.7
,2010,2010,Alabama,01,45-54 years,45-54,Male,M,326,337828,96.5
,2010,2010,Alabama,01,55-64 years,55-64,Male,M,561,281236,199.5
,2010,2010,Alaska,02,35-44 years,35-44,Male,M,14,48377,
,2010,2010,Alaska,02,45-54 years,45-54,Male,M,31,57686,53.7
,2010,2010,Alaska,02,55-64 years,55-64,Male,M,75,45625,164.4
,2010,2010,Arizona,04,35-44 years,35-44,Male,M,59,416123,14.2
,2010,2010,Arizona,04,45-54 years,45-54,Male,M,270,414910,65.1
,2010,2010,Arizona,04,55-64 years,55-64,Male,M,700,345619,202.5
,2010,2010,Arkansas,05,35-44 years,35-44,Male,M,72,182698,39.4
,2010,2010,Arkansas,05,45-54 years,45-54,Male,M,287,200528,143.1
,2010,2010,Arkansas,05,55-64 years,55-64,Male,M,463,169291,273.5
,2010,2010,California,06,35-44 years,35-44,Male,M,325,2604693,12.5
,2010,2010,California,06,45-54 years,45-54,Male,M,1586,2608527,60.8
,2010,2010,California,06,55-64 years,55-64,Male,M,3306,1949147,169.6
,2010,2010,Colorado,08,35-44 years,35-44,Male,M,58,358108,16.2
,2010,2010,Colorado,08,45-54 years,45-54,Male,M,168,369391,45.5
,2010,2010,Colorado,08,55-64 years,55-64,Male,M,384,294155,130.5
,2010,2010,Connecticut,09,35-44 years,35-44,Male,M,28,236192,11.9
,2010,2010,Connecticut,09,45-54 years,45-54,Male,M,169,280718,60.2
,2010,2010,Connecticut,09,55-64 years,55-64,Male,M,290,213638,135.7
,2010,2010,Delaware,10,35-44 years,35-44,Male,M,11,56449,
,2010,2010,Delaware,10,45-54 years,45-54,Male,M,52,64477,80.6
,2010,2010,Delaware,10,55-64 years,55-64,Male,M,94,52063,180.6
,2010,2010,District of Columbia,11,35-44 years,35-44,Male,M,,40583,
,2010,2010,District of Columbia,11,45-54 years,45-54,Male,M,37,37648,98.3
,2010,2010,District of Columbia,11,55-64 years,55-64,Male,M,93,29392,316.4
,2010,2010,Florida,12,35-44 years,35-44,Male,M,241,1208471,19.9
,2010,2010,Florida,12,45-54 years,45-54,Male,M,1011,1341368,75.4
,2010,2010,Florida,12,55-64 years,55-64,Male,M,2118,1102877,192.0
,2010,2010,Georgia,13,35-44 years,35-44,Male,M,120,684552,17.5
,2010,2010,Georgia,13,45-54 years,45-54,Male,M,522,677480,77.1
,2010,2010,Georgia,13,55-64 years,55-64,Male,M,869,506329,171.6
,2010,2010,Hawaii,15,35-44 years,35-44,Male,M,20,89247,22.4
,2010,2010,Hawaii,15,45-54 years,45-54,Male,M,67,97044,69.0
,2010,2010,Hawaii,15,55-64 years,55-64,Male,M,113,87027,129.8
,2010,2010,Idaho,16,35-44 years,35-44,Male,M,22,97097,22.7
,2010,2010,Idaho,16,45-54 years,45-54,Male,M,70,103552,67.6
,2010,2010,Idaho,16,55-64 years,55-64,Male,M,120,89637,133.9
,2010,2010,Illinois,17,35-44 years,35-44,Male,M,143,859232,16.6
,2010,2010,Illinois,17,45-54 years,45-54,Male,M,752,919376,81.8
,2010,2010,Illinois,17,55-64 years,55-64,Male,M,1399,711225,196.7
,2010,2010,Indiana,18,35-44 years,35-44,Male,M,87,421041,20.7
,2010,2010,Indiana,18,45-54 years,45-54,Male,M,432,468771,92.2
,2010,2010,Indiana,18,55-64 years,55-64,Male,M,785,374236,209.8
,2010,2010,Iowa,19,35-44 years,35-44,Male,M,47,184384,25.5
,2010,2010,Iowa,19,45-54 years,45-54,Male,M,220,219460,100.2
,2010,2010,Iowa,19,55-64 years,55-64,Male,M,356,185559,191.9
,2010,2010,Kansas,20,35-44 years,35-44,Male,M,41,174860,23.4
,2010,2010,Kansas,20,45-54 years,45-54,Male,M,144,201239,71.6
,2010,2010,Kansas,20,55-64 years,55-64,Male,M,300,163688,183.3
,2010,2010,Kentucky,21,35-44 years,35-44,Male,M,104,289481,35.9
,2010,2010,Kentucky,21,45-54 years,45-54,Male,M,364,316485,115.0
,2010,2010,Kentucky,21,55-64 years,55-64,Male,M,603,261025,231.0
,2010,2010,Louisiana,22,35-44 years,35-44,Male,M,113,279702,40.4
,2010,2010,Louisiana,22,45-54 years,45-54,Male,M,403,320259,125.8
,2010,2010,Louisiana,22,55-64 years,55-64,Male,M,691,258565,267.2
,2010,2010,Maine,23,35-44 years,35-44,Male,M,14,84259,
,2010,2010,Maine,23,45-54 years,45-54,Male,M,59,106990,55.1
,2010,2010,Maine,23,55-64 years,55-64,Male,M,126,94222,133.7
,2010,2010,Maryland,24,35-44 years,35-44,Male,M,65,382477,17.0
,2010,2010,Maryland,24,45-54 years,45-54,Male,M,305,433187,70.4
,2010,2010,Maryland,24,55-64 years,55-64,Male,M,644,329049,195.7
,2010,2010,Massachusetts,25,35-44 years,35-44,Male,M,68,432409,15.7
,2010,2010,Massachusetts,25,45-54 years,45-54,Male,M,318,493605,64.4
,2010,2010,Massachusetts,25,55-64 years,55-64,Male,M,547,384889,142.1
,2010,2010,Michigan,26,35-44 years,35-44,Male,M,178,633321,28.1
,2010,2010,Michigan,26,45-54 years,45-54,Male,M,706,743803,94.9
,2010,2010,Michigan,26,55-64 years,55-64,Male,M,1401,608637,230.2
,2010,2010,Minnesota,27,35-44 years,35-44,Male,M,51,343049,14.9
,2010,2010,Minnesota,27,45-54 years,45-54,Male,M,237,404251,58.6
,2010,2010,Minnesota,27,55-64 years,55-64,Male,M,345,312081,110.5
,2010,2010,Mississippi,28,35-44 years,35-44,Male,M,67,183028,36.6
,2010,2010,Mississippi,28,45-54 years,45-54,Male,M,265,202265,131.0
,2010,2010,Mississippi,28,55-64 years,55-64,Male,M,436,166432,262.0
,2010,2010,Missouri,29,35-44 years,35-44,Male,M,112,371998,30.1
,2010,2010,Missouri,29,45-54 years,45-54,Male,M,519,438180,118.4
,2010,2010,Missouri,29,55-64 years,55-64,Male,M,847,347957,243.4
,2010,2010,Montana,30,35-44 years,35-44,Male,M,16,57203,
,2010,2010,Montana,30,45-54 years,45-54,Male,M,64,73981,86.5
,2010,2010,Montana,30,55-64 years,55-64,Male,M,115,69959,164.4
,2010,2010,Nebraska,31,35-44 years,35-44,Male,M,15,111948,
,2010,2010,Nebraska,31,45-54 years,45-54,Male,M,78,129381,60.3
,2010,2010,Nebraska,31,55-64 years,55-64,Male,M,149,105119,141.7
,2010,2010,Nevada,32,35-44 years,35-44,Male,M,29,197190,14.7
,2010,2010,Nevada,32,45-54 years,45-54,Male,M,136,191660,71.0
,2010,2010,Nevada,32,55-64 years,55-64,Male,M,334,155238,215.2
,2010,2010,New Hampshire,33,35-44 years,35-44,Male,M,13,88578,
,2010,2010,New Hampshire,33,45-54 years,45-54,Male,M,60,111931,53.6
,2010,2010,New Hampshire,33,55-64 years,55-64,Male,M,128,88012,145.4
,2010,2010,New Jersey,34,35-44 years,35-44,Male,M,97,607101,16.0
,2010,2010,New Jersey,34,45-54 years,45-54,Male,M,435,672748,64.7
,2010,2010,New Jersey,34,55-64 years,55-64,Male,M,787,499196,157.7
,2010,2010,New Mexico,35,35-44 years,35-44,Male,M,14,123641,
,2010,2010,New Mexico,35,45-54 years,45-54,Male,M,110,142802,77.0
,2010,2010,New Mexico,35,55-64 years,55-64,Male,M,217,123768,175.3
,2010,2010,New York,36,35-44 years,35-44,Male,M,229,1277108,17.9
,2010,2010,New York,36,45-54 years,45-54,Male,M,949,1397302,67.9
,2010,2010,New York,36,55-64 years,55-64,Male,M,2076,1092206,190.1
,2010,2010,North Carolina,37,35-44 years,35-44,Male,M,126,654333,19.3
,2010,2010,North Carolina,37,45-54 years,45-54,Male,M,577,665134,86.7
,2010,2010,North Carolina,37,55-64 years,55-64,Male,M,1127,540278,208.6
,2010,2010,North Dakota,38,35-44 years,35-44,Male,M,,38826,
,2010,2010,North Dakota,38,45-54 years,45-54,Male,M,31,48767,63.6
,2010,2010,North Dakota,38,55-64 years,55-64,Male,M,83,41934,197.9
,2010,2010,Ohio,39,35-44 years,35-44,Male,M,174,734316,23.7
,2010,2010,Ohio,39,45-54 years,45-54,Male,M,754,855165,88.2
,2010,2010,Ohio,39,55-64 years,55-64,Male,M,1489,703861,211.5
,2010,2010,Oklahoma,40,35-44 years,35-44,Male,M,85,232389,36.6
,2010,2010,Oklahoma,40,45-54 years,45-54,Male,M,327,259747,125.9
,2010,2010,Oklahoma,40,55-64 years,55-64,Male,M,615,213583,287.9
,2010,2010,Oregon,41,35-44 years,35-44,Male,M,43,253587,17.0
,2010,2010,Oregon,41,45-54 years,45-54,Male,M,154,265497,58.0
,2010,2010,Oregon,41,55-64 years,55-64,Male,M,305,248066,123.0
,2010,2010,Pennsylvania,42,35-44 years,35-44,Male,M,160,801861,20.0
,2010,2010,Pennsylvania,42,45-54 years,45-54,Male,M,731,954832,76.6
,2010,2010,Pennsylvania,42,55-64 years,55-64,Male,M,1412,788210,179.1
,2010,2010,Rhode Island,44,35-44 years,35-44,Male,M,10,66820,
,2010,2010,Rhode Island,44,45-54 years,45-54,Male,M,55,78573,70.0
,2010,2010,Rhode Island,44,55-64 years,55-64,Male,M,98,62877,155.9
,2010,2010,South Carolina,45,35-44 years,35-44,Male,M,76,295224,25.7
,2010,2010,South Carolina,45,45-54 years,45-54,Male,M,334,318755,104.8
,2010,2010,South Carolina,45,55-64 years,55-64,Male,M,693,275444,251.6
,2010,2010,South Dakota,46,35-44 years,35-44,Male,M,,47484,
,2010,2010,South Dakota,46,45-54 years,45-54,Male,M,33,58814,56.1
,2010,2010,South Dakota,46,55-64 years,55-64,Male,M,117,49545,236.1
,2010,2010,Tennessee,47,35-44 years,35-44,Male,M,150,422774,35.5
,2010,2010,Tennessee,47,45-54 years,45-54,Male,M,606,450369,134.6
,2010,2010,Tennessee,47,55-64 years,55-64,Male,M,1045,376645,277.4
,2010,2010,Texas,48,35-44 years,35-44,Male,M,322,1723004,18.7
,2010,2010,Texas,48,45-54 years,45-54,Male,M,1296,1702796,76.1
,2010,2010,Texas,48,55-64 years,55-64,Male,M,2622,1257095,208.6
,2010,2010,Utah,49,35-44 years,35-44,Male,M,33,169399,19.5
,2010,2010,Utah,49,45-54 years,45-54,Male,M,60,152996,39.2
,2010,2010,Utah,49,55-64 years,55-64,Male,M,128,118253,108.2
,2010,2010,Vermont,50,35-44 years,35-44,Male,M,,38585,
,2010,2010,Vermont,50,45-54 years,45-54,Male,M,35,50287,69.6
,2010,2010,Vermont,50,55-64 years,55-64,Male,M,70,44514,157.3
,2010,2010,Virginia,51,35-44 years,35-44,Male,M,107,548538,19.5
,2010,2010,Virginia,51,45-54 years,45-54,Male,M,401,593772,67.5
,2010,2010,Virginia,51,55-64 years,55-64,Male,M,787,458904,171.5
,2010,2010,Washington,53,35-44 years,35-44,Male,M,54,459437,11.8
,2010,2010,Washington,53,45-54 years,45-54,Male,M,305,492504,61.9
,2010,2010,Washington,53,55-64 years,55-64,Male,M,676,407699,165.8
,2010,2010,West Virginia,54,35-44 years,35-44,Male,M,32,119829,26.7
,2010,2010,West Virginia,54,45-54 years,45-54,Male,M,132,136513,96.7
,2010,2010,West Virginia,54,55-64 years,55-64,Male,M,284,130627,217.4
,2010,2010,Wisconsin,55,35-44 years,35-44,Male,M,74,366357,20.2
,2010,2010,Wisconsin,55,45-54 years,45-54,Male,M,288,436842,65.9
,2010,2010,Wisconsin,55,55-64 years,55-64,Male,M,614,348708,176.1
,2010,2010,Wyoming,56,35-44 years,35-44,Male,M,,34851,
,2010,2010,Wyoming,56,45-54 years,45-54,Male,M,31,42163,73.5
,2010,2010,Wyoming,56,55-64 years,55-64,Male,M,62,37806,164.0
,2011,2011,Alabama,01,35-44 years,35-44,Male,M,83,297322,27.9
,2011,2011,Alabama,01,45-54 years,45-54,Male,M,325,333025,97.6
,2011,2011,Alabama,01,55-64 years,55-64,Male,M,646,291585,221.5
,2011,2011,Alaska,02,35-44 years,35-44,Male,M,,47594,
,2011,2011,Alaska,02,45-54 years,45-54,Male,M,37,56973,64.9
,2011,2011,Alaska,02,55-64 years,55-64,Male,M,100,47991,208.4
,2011,2011,Arizona,04,35-44 years,35-44,Male,M,85,415289,20.5
,2011,2011,Arizona,04,45-54 years,45-54,Male,M,302,415942,72.6
,2011,2011,Arizona,04,55-64 years,55-64,Male,M,721,359537,200.5
,2011,2011,Arkansas,05,35-44 years,35-44,Male,M,54,181211,29.8
,2011,2011,Arkansas,05,45-54 years,45-54,Male,M,293,198923,147.3
,2011,2011,Arkansas,05,55-64 years,55-64,Male,M,525,175066,299.9
,2011,2011,California,06,35-44 years,35-44,Male,M,350,2594908,13.5
,2011,2011,California,06,45-54 years,45-54,Male,M,1610,2612925,61.6
,2011,2011,California,06,55-64 years,55-64,Male,M,3375,2037687,165.6
,2011,2011,Colorado,08,35-44 years,35-44,Male,M,41,359634,11.4
,2011,2011,Colorado,08,45-54 years,45-54,Male,M,168,365455,46.0
,2011,2011,Colorado,08,55-64 years,55-64,Male,M,431,308910,139.5
,2011,2011,Connecticut,09,35-44 years,35-44,Male,M,37,228766,16.2
,2011,2011,Connecticut,09,45-54 years,45-54,Male,M,148,279277,53.0
,2011,2011,Connecticut,09,55-64 years,55-64,Male,M,287,222464,129.0
,2011,2011,Delaware,10,35-44 years,35-44,Male,M,20,55156,36.3
,2011,2011,Delaware,10,45-54 years,45-54,Male,M,49,64331,76.2
,2011,2011,Delaware,10,55-64 years,55-64,Male,M,114,54717,208.3
,2011,2011,District of Columbia,11,35-44 years,35-44,Male,M,,41470,
,2011,2011,District of Columbia,11,45-54 years,45-54,Male,M,32,37954,84.3
,2011,2011,District of Columbia,11,55-64 years,55-64,Male,M,70,30713,227.9
,2011,2011,Florida,12,35-44 years,35-44,Male,M,227,1195790,19.0
,2011,2011,Florida,12,45-54 years,45-54,Male,M,1030,1347872,76.4
,2011,2011,Florida,12,55-64 years,55-64,Male,M,2042,1148847,177.7
,2011,2011,Georgia,13,35-44 years,35-44,Male,M,118,678210,17.4
,2011,2011,Georgia,13,45-54 years,45-54,Male,M,452,680240,66.4
,2011,2011,Georgia,13,55-64 years,55-64,Male,M,886,528046,167.8
,2011,2011,Hawaii,15,35-44 years,35-44,Male,M,10,88208,
,2011,2011,Hawaii,15,45-54 years,45-54,Male,M,66,94912,69.5
,2011,2011,Hawaii,15,55-64 years,55-64,Male,M,131,88961,147.3
,2011,2011,Idaho,16,35-44 years,35-44,Male,M,20,97241,20.6
,2011,2011,Idaho,16,45-54 years,45-54,Male,M,71,102419,69.3
,2011,2011,Idaho,16,55-64 years,55-64,Male,M,150,93675,160.1
,2011,2011,Illinois,17,35-44 years,35-44,Male,M,162,849203,19.1
,2011,2011,Illinois,17,45-54 years,45-54,Male,M,697,911016,76.5
,2011,2011,Illinois,17,55-64 years,55-64,Male,M,1442,741934,194.4
,2011,2011,Indiana,18,35-44 years,35-44,Male,M,106,415861,25.5
,2011,2011,Indiana,18,45-54 years,45-54,Male,M,425,463124,91.8
,2011,2011,Indiana,18,55-64 years,55-64,Male,M,860,390758,220.1
,2011,2011,Iowa,19,35-44 years,35-44,Male,M,42,182398,23.0
,2011,2011,Iowa,19,45-54 years,45-54,Male,M,178,215790,82.5
,2011,2011,Iowa,19,55-64 years,55-64,Male,M,386,193707,199.3
,2011,2011,Kansas,20,35-44 years,35-44,Male,M,30,173162,17.3
,2011,2011,Kansas,20,45-54 years,45-54,Male,M,145,197635,73.4
,2011,2011,Kansas,20,55-64 years,55-64,Male,M,299,170906,174.9
,2011,2011,Kentucky,21,35-44 years,35-44,Male,M,99,285804,34.6
,2011,2011,Kentucky,21,45-54 years,45-54,Male,M,375,314024,119.4
,2011,2011,Kentucky,21,55-64 years,55-64,Male,M,652,271348,240.3
,2011,2011,Louisiana,22,35-44 years,35-44,Male,M,75,277207,27.1
,2011,2011,Louisiana,22,45-54 years,45-54,Male,M,339,315661,107.4
,2011,2011,Louisiana,22,55-64 years,55-64,Male,M,621,270123,229.9
,2011,2011,Maine,23,35-44 years,35-44,Male,M,14,81284,
,2011,2011,Maine,23,45-54 years,45-54,Male,M,69,105356,65.5
,2011,2011,Maine,23,55-64 years,55-64,Male,M,135,97658,138.2
,2011,2011,Maryland,24,35-44 years,35-44,Male,M,45,375398,12.0
,2011,2011,Maryland,24,45-54 years,45-54,Male,M,291,432288,67.3
,2011,2011,Maryland,24,55-64 years,55-64,Male,M,603,343365,175.6
,2011,2011,Massachusetts,25,35-44 years,35-44,Male,M,73,422208,17.3
,2011,2011,Massachusetts,25,45-54 years,45-54,Male,M,300,492566,60.9
,2011,2011,Massachusetts,25,55-64 years,55-64,Male,M,558,401470,139.0
,2011,2011,Michigan,26,35-44 years,35-44,Male,M,165,615368,26.8
,2011,2011,Michigan,26,45-54 years,45-54,Male,M,754,730402,103.2
,2011,2011,Michigan,26,55-64 years,55-64,Male,M,1537,633616,242.6
,2011,2011,Minnesota,27,35-44 years,35-44,Male,M,42,338497,12.4
,2011,2011,Minnesota,27,45-54 years,45-54,Male,M,201,399715,50.3
,2011,2011,Minnesota,27,55-64 years,55-64,Male,M,387,328203,117.9
,2011,2011,Mississippi,28,35-44 years,35-44,Male,M,77,180041,42.8
,2011,2011,Mississippi,28,45-54 years,45-54,Male,M,258,198988,129.7
,2011,2011,Mississippi,28,55-64 years,55-64,Male,M,429,172376,248.9
,2011,2011,Missouri,29,35-44 years,35-44,Male,M,105,365314,28.7
,2011,2011,Missouri,29,45-54 years,45-54,Male,M,499,431546,115.6
,2011,2011,Missouri,29,55-64 years,55-64,Male,M,826,362805,227.7
,2011,2011,Montana,30,35-44 years,35-44,Male,M,,56938,
,2011,2011,Montana,30,45-54 years,45-54,Male,M,59,71673,82.3
,2011,2011,Montana,30,55-64 years,55-64,Male,M,120,72780,164.9
,2011,2011,Nebraska,31,35-44 years,35-44,Male,M,20,111497,17.9
,2011,2011,Nebraska,31,45-54 years,45-54,Male,M,71,127188,55.8
,2011,2011,Nebraska,31,55-64 years,55-64,Male,M,143,110323,129.6
,2011,2011,Nevada,32,35-44 years,35-44,Male,M,31,194175,16.0
,2011,2011,Nevada,32,45-54 years,45-54,Male,M,129,191393,67.4
,2011,2011,Nevada,32,55-64 years,55-64,Male,M,307,160219,191.6
,2011,2011,New Hampshire,33,35-44 years,35-44,Male,M,17,85398,
,2011,2011,New Hampshire,33,45-54 years,45-54,Male,M,57,110326,51.7
,2011,2011,New Hampshire,33,55-64 years,55-64,Male,M,130,92116,141.1
,2011,2011,New Jersey,34,35-44 years,35-44,Male,M,83,595378,13.9
,2011,2011,New Jersey,34,45-54 years,45-54,Male,M,426,670750,63.5
,2011,2011,New Jersey,34,55-64 years,55-64,Male,M,786,519346,151.3
,2011,2011,New Mexico,35,35-44 years,35-44,Male,M,22,122989,17.9
,2011,2011,New Mexico,35,45-54 years,45-54,Male,M,107,140295,76.3
,2011,2011,New Mexico,35,55-64 years,55-64,Male,M,231,127916,180.6
,2011,2011,New York,36,35-44 years,35-44,Male,M,186,1255091,14.8
,2011,2011,New York,36,45-54 years,45-54,Male,M,917,1391505,65.9
,2011,2011,New York,36,55-64 years,55-64,Male,M,2011,1135032,177.2
,2011,2011,North Carolina,37,35-44 years,35-44,Male,M,146,647693,22.5
,2011,2011,North Carolina,37,45-54 years,45-54,Male,M,591,666509,88.7
,2011,2011,North Carolina,37,55-64 years,55-64,Male,M,1164,562458,206.9
,2011,2011,North Dakota,38,35-44 years,35-44,Male,M,,39029,
,2011,2011,North Dakota,38,45-54 years,45-54,Male,M,37,47733,77.5
,2011,2011,North Dakota,38,55-64 years,55-64,Male,M,69,44128,156.4
,2011,2011,Ohio,39,35-44 years,35-44,Male,M,204,718738,28.4
,2011,2011,Ohio,39,45-54 years,45-54,Male,M,755,839991,89.9
,2011,2011,Ohio,39,55-64 years,55-64,Male,M,1425,734218,194.1
,2011,2011,Oklahoma,40,35-44 years,35-44,Male,M,65,231436,28.1
,2011,2011,Oklahoma,40,45-54 years,45-54,Male,M,296,255576,115.8
,2011,2011,Oklahoma,40,55-64 years,55-64,Male,M,604,221826,272.3
,2011,2011,Oregon,41,35-44 years,35-44,Male,M,41,254183,16.1
,2011,2011,Oregon,41,45-54 years,45-54,Male,M,149,261576,57.0
,2011,2011,Oregon,41,55-64 years,55-64,Male,M,323,257240,125.6
,2011,2011,Pennsylvania,42,35-44 years,35-44,Male,M,163,783168,20.8
,2011,2011,Pennsylvania,42,45-54 years,45-54,Male,M,641,942287,68.0
,2011,2011,Pennsylvania,42,55-64 years,55-64,Male,M,1472,823559,178.7
,2011,2011,Rhode Island,44,35-44 years,35-44,Male,M,12,64525,
,2011,2011,Rhode Island,44,45-54 years,45-54,Male,M,51,77269,66.0
,2011,2011,Rhode Island,44,55-64 years,55-64,Male,M,120,65300,183.8
,2011,2011,South Carolina,45,35-44 years,35-44,Male,M,88,291315,30.2
,2011,2011,South Carolina,45,45-54 years,45-54,Male,M,340,318283,106.8
,2011,2011,South Carolina,45,55-64 years,55-64,Male,M,660,285552,231.1
,2011,2011,South Dakota,46,35-44 years,35-44,Male,M,12,47578,
,2011,2011,South Dakota,46,45-54 years,45-54,Male,M,41,57878,70.8
,2011,2011,South Dakota,46,55-64 years,55-64,Male,M,96,52294,183.6
,2011,2011,Tennessee,47,35-44 years,35-44,Male,M,142,417682,34.0
,2011,2011,Tennessee,47,45-54 years,45-54,Male,M,586,448333,130.7
,2011,2011,Tennessee,47,55-64 years,55-64,Male,M,1064,390788,272.3
,2011,2011,Texas,48,35-44 years,35-44,Male,M,303,1739465,17.4
,2011,2011,Texas,48,45-54 years,45-54,Male,M,1340,1714574,78.2
,2011,2011,Texas,48,55-64 years,55-64,Male,M,2648,1323218,200.1
,2011,2011,Utah,49,35-44 years,35-44,Male,M,23,175185,13.1
,2011,2011,Utah,49,45-54 years,45-54,Male,M,75,152863,49.1
,2011,2011,Utah,49,55-64 years,55-64,Male,M,162,125006,129.6
,2011,2011,Vermont,50,35-44 years,35-44,Male,M,10,37481,
,2011,2011,Vermont,50,45-54 years,45-54,Male,M,28,49040,57.1
,2011,2011,Vermont,50,55-64 years,55-64,Male,M,92,46269,198.8
,2011,2011,Virginia,51,35-44 years,35-44,Male,M,100,541077,18.5
,2011,2011,Virginia,51,45-54 years,45-54,Male,M,389,592031,65.7
,2011,2011,Virginia,51,55-64 years,55-64,Male,M,762,477520,159.6
,2011,2011,Washington,53,35-44 years,35-44,Male,M,75,459553,16.3
,2011,2011,Washington,53,45-54 years,45-54,Male,M,265,487233,54.4
,2011,2011,Washington,53,55-64 years,55-64,Male,M,611,425689,143.5
,2011,2011,West Virginia,54,35-44 years,35-44,Male,M,53,118164,44.9
,2011,2011,West Virginia,54,45-54 years,45-54,Male,M,172,133864,128.5
,2011,2011,West Virginia,54,55-64 years,55-64,Male,M,295,134218,219.8
,2011,2011,Wisconsin,55,35-44 years,35-44,Male,M,57,358435,15.9
,2011,2011,Wisconsin,55,45-54 years,45-54,Male,M,295,431867,68.3
,2011,2011,Wisconsin,55,55-64 years,55-64,Male,M,619,365154,169.5
,2011,2011,Wyoming,56,35-44 years,35-44,Male,M,,34753,
,2011,2011,Wyoming,56,45-54 years,45-54,Male,M,40,40851,97.9
,2011,2011,Wyoming,56,55-64 years,55-64,Male,M,63,39568,159.2
,2012,2012,Alabama,01,35-44 years,35-44,Male,M,102,296236,34.4
,2012,2012,Alabama,01,45-54 years,45-54,Male,M,311,327318,95.0
,2012,2012,Alabama,01,55-64 years,55-64,Male,M,553,293865,188.2
,2012,2012,Alaska,02,35-44 years,35-44,Male,M,,47669,
,2012,2012,Alaska,02,45-54 years,45-54,Male,M,56,55350,101.2
,2012,2012,Alaska,02,55-64 years,55-64,Male,M,70,48658,143.9
,2012,2012,Arizona,04,35-44 years,35-44,Male,M,63,417254,15.1
,2012,2012,Arizona,04,45-54 years,45-54,Male,M,274,414995,66.0
,2012,2012,Arizona,04,55-64 years,55-64,Male,M,703,363552,193.4
,2012,2012,Arkansas,05,35-44 years,35-44,Male,M,68,180860,37.6
,2012,2012,Arkansas,05,45-54 years,45-54,Male,M,264,195883,134.8
,2012,2012,Arkansas,05,55-64 years,55-64,Male,M,514,174995,293.7
,2012,2012,California,06,35-44 years,35-44,Male,M,347,2592886,13.4
,2012,2012,California,06,45-54 years,45-54,Male,M,1553,2604728,59.6
,2012,2012,California,06,55-64 years,55-64,Male,M,3456,2078087,166.3
,2012,2012,Colorado,08,35-44 years,35-44,Male,M,46,362874,12.7
,2012,2012,Colorado,08,45-54 years,45-54,Male,M,175,361245,48.4
,2012,2012,Colorado,08,55-64 years,55-64,Male,M,408,315006,129.5
,2012,2012,Connecticut,09,35-44 years,35-44,Male,M,26,223683,11.6
,2012,2012,Connecticut,09,45-54 years,45-54,Male,M,176,276005,63.8
,2012,2012,Connecticut,09,55-64 years,55-64,Male,M,292,225711,129.4
,2012,2012,Delaware,10,35-44 years,35-44,Male,M,16,54135,
,2012,2012,Delaware,10,45-54 years,45-54,Male,M,56,63780,87.8
,2012,2012,Delaware,10,55-64 years,55-64,Male,M,78,55243,141.2
,2012,2012,District of Columbia,11,35-44 years,35-44,Male,M,10,42714,
,2012,2012,District of Columbia,11,45-54 years,45-54,Male,M,31,37878,81.8
,2012,2012,District of Columbia,11,55-64 years,55-64,Male,M,80,31012,258.0
,2012,2012,Florida,12,35-44 years,35-44,Male,M,217,1194007,18.2
,2012,2012,Florida,12,45-54 years,45-54,Male,M,998,1346718,74.1
,2012,2012,Florida,12,55-64 years,55-64,Male,M,2134,1161317,183.8
,2012,2012,Georgia,13,35-44 years,35-44,Male,M,116,674007,17.2
,2012,2012,Georgia,13,45-54 years,45-54,Male,M,445,680089,65.4
,2012,2012,Georgia,13,55-64 years,55-64,Male,M,855,536288,159.4
,2012,2012,Hawaii,15,35-44 years,35-44,Male,M,12,88954,
,2012,2012,Hawaii,15,45-54 years,45-54,Male,M,61,93332,65.4
,2012,2012,Hawaii,15,55-64 years,55-64,Male,M,148,89482,165.4
,2012,2012,Idaho,16,35-44 years,35-44,Male,M,18,98179,
,2012,2012,Idaho,16,45-54 years,45-54,Male,M,58,100950,57.5
,2012,2012,Idaho,16,55-64 years,55-64,Male,M,133,94830,140.3
,2012,2012,Illinois,17,35-44 years,35-44,Male,M,119,844341,14.1
,2012,2012,Illinois,17,45-54 years,45-54,Male,M,663,898594,73.8
,2012,2012,Illinois,17,55-64 years,55-64,Male,M,1445,752349,192.1
,2012,2012,Indiana,18,35-44 years,35-44,Male,M,103,413266,24.9
,2012,2012,Indiana,18,45-54 years,45-54,Male,M,427,455884,93.7
,2012,2012,Indiana,18,55-64 years,55-64,Male,M,810,395812,204.6
,2012,2012,Iowa,19,35-44 years,35-44,Male,M,38,182107,20.9
,2012,2012,Iowa,19,45-54 years,45-54,Male,M,191,211770,90.2
,2012,2012,Iowa,19,55-64 years,55-64,Male,M,419,195789,214.0
,2012,2012,Kansas,20,35-44 years,35-44,Male,M,31,173214,17.9
,2012,2012,Kansas,20,45-54 years,45-54,Male,M,136,192619,70.6
,2012,2012,Kansas,20,55-64 years,55-64,Male,M,305,173150,176.1
,2012,2012,Kentucky,21,35-44 years,35-44,Male,M,92,283879,32.4
,2012,2012,Kentucky,21,45-54 years,45-54,Male,M,346,309174,111.9
,2012,2012,Kentucky,21,55-64 years,55-64,Male,M,715,272271,262.6
,2012,2012,Louisiana,22,35-44 years,35-44,Male,M,91,276927,32.9
,2012,2012,Louisiana,22,45-54 years,45-54,Male,M,361,309374,116.7
,2012,2012,Louisiana,22,55-64 years,55-64,Male,M,706,273079,258.5
,2012,2012,Maine,23,35-44 years,35-44,Male,M,15,79340,
,2012,2012,Maine,23,45-54 years,45-54,Male,M,62,102822,60.3
,2012,2012,Maine,23,55-64 years,55-64,Male,M,133,98094,135.6
,2012,2012,Maryland,24,35-44 years,35-44,Male,M,61,374088,16.3
,2012,2012,Maryland,24,45-54 years,45-54,Male,M,278,430285,64.6
,2012,2012,Maryland,24,55-64 years,55-64,Male,M,622,348031,178.7
,2012,2012,Massachusetts,25,35-44 years,35-44,Male,M,46,417189,11.0
,2012,2012,Massachusetts,25,45-54 years,45-54,Male,M,241,490450,49.1
,2012,2012,Massachusetts,25,55-64 years,55-64,Male,M,545,407095,133.9
,2012,2012,Michigan,26,35-44 years,35-44,Male,M,156,605252,25.8
,2012,2012,Michigan,26,45-54 years,45-54,Male,M,651,717101,90.8
,2012,2012,Michigan,26,55-64 years,55-64,Male,M,1514,641467,236.0
,2012,2012,Minnesota,27,35-44 years,35-44,Male,M,45,337332,13.3
,2012,2012,Minnesota,27,45-54 years,45-54,Male,M,233,393130,59.3
,2012,2012,Minnesota,27,55-64 years,55-64,Male,M,382,335480,113.9
,2012,2012,Mississippi,28,35-44 years,35-44,Male,M,76,180041,42.2
,2012,2012,Mississippi,28,45-54 years,45-54,Male,M,240,194678,123.3
,2012,2012,Mississippi,28,55-64 years,55-64,Male,M,499,173377,287.8
,2012,2012,Missouri,29,35-44 years,35-44,Male,M,113,363194,31.1
,2012,2012,Missouri,29,45-54 years,45-54,Male,M,443,422316,104.9
,2012,2012,Missouri,29,55-64 years,55-64,Male,M,854,367336,232.5
,2012,2012,Montana,30,35-44 years,35-44,Male,M,12,57351,
,2012,2012,Montana,30,45-54 years,45-54,Male,M,49,69403,70.6
,2012,2012,Montana,30,55-64 years,55-64,Male,M,151,73286,206.0
,2012,2012,Nebraska,31,35-44 years,35-44,Male,M,10,112004,
,2012,2012,Nebraska,31,45-54 years,45-54,Male,M,73,124774,58.5
,2012,2012,Nebraska,31,55-64 years,55-64,Male,M,137,112122,122.2
,2012,2012,Nevada,32,35-44 years,35-44,Male,M,22,194240,11.3
,2012,2012,Nevada,32,45-54 years,45-54,Male,M,103,192276,53.6
,2012,2012,Nevada,32,55-64 years,55-64,Male,M,337,162197,207.8
,2012,2012,New Hampshire,33,35-44 years,35-44,Male,M,11,82879,
,2012,2012,New Hampshire,33,45-54 years,45-54,Male,M,75,108753,69.0
,2012,2012,New Hampshire,33,55-64 years,55-64,Male,M,134,93547,143.2
,2012,2012,New Jersey,34,35-44 years,35-44,Male,M,93,589898,15.8
,2012,2012,New Jersey,34,45-54 years,45-54,Male,M,391,666598,58.7
,2012,2012,New Jersey,34,55-64 years,55-64,Male,M,825,528133,156.2
,2012,2012,New Mexico,35,35-44 years,35-44,Male,M,19,122382,
,2012,2012,New Mexico,35,45-54 years,45-54,Male,M,78,136664,57.1
,2012,2012,New Mexico,35,55-64 years,55-64,Male,M,215,128417,167.4
,2012,2012,New York,36,35-44 years,35-44,Male,M,202,1246162,16.2
,2012,2012,New York,36,45-54 years,45-54,Male,M,923,1380230,66.9
,2012,2012,New York,36,55-64 years,55-64,Male,M,2090,1148476,182.0
,2012,2012,North Carolina,37,35-44 years,35-44,Male,M,163,645118,25.3
,2012,2012,North Carolina,37,45-54 years,45-54,Male,M,560,665126,84.2
,2012,2012,North Carolina,37,55-64 years,55-64,Male,M,1166,567962,205.3
,2012,2012,North Dakota,38,35-44 years,35-44,Male,M,,40089,
,2012,2012,North Dakota,38,45-54 years,45-54,Male,M,33,47218,69.9
,2012,2012,North Dakota,38,55-64 years,55-64,Male,M,67,45059,148.7
,2012,2012,Ohio,39,35-44 years,35-44,Male,M,160,709194,22.6
,2012,2012,Ohio,39,45-54 years,45-54,Male,M,748,822738,90.9
,2012,2012,Ohio,39,55-64 years,55-64,Male,M,1497,741182,202.0
,2012,2012,Oklahoma,40,35-44 years,35-44,Male,M,74,233135,31.7
,2012,2012,Oklahoma,40,45-54 years,45-54,Male,M,318,250571,126.9
,2012,2012,Oklahoma,40,55-64 years,55-64,Male,M,619,223679,276.7
,2012,2012,Oregon,41,35-44 years,35-44,Male,M,32,256455,12.5
,2012,2012,Oregon,41,45-54 years,45-54,Male,M,145,257499,56.3
,2012,2012,Oregon,41,55-64 years,55-64,Male,M,346,258638,133.8
,2012,2012,Pennsylvania,42,35-44 years,35-44,Male,M,146,770966,18.9
,2012,2012,Pennsylvania,42,45-54 years,45-54,Male,M,647,925653,69.9
,2012,2012,Pennsylvania,42,55-64 years,55-64,Male,M,1442,830939,173.5
,2012,2012,Rhode Island,44,35-44 years,35-44,Male,M,,62932,
,2012,2012,Rhode Island,44,45-54 years,45-54,Male,M,57,76143,74.9
,2012,2012,Rhode Island,44,55-64 years,55-64,Male,M,115,65868,174.6
,2012,2012,South Carolina,45,35-44 years,35-44,Male,M,94,291178,32.3
,2012,2012,South Carolina,45,45-54 years,45-54,Male,M,307,315525,97.3
,2012,2012,South Carolina,45,55-64 years,55-64,Male,M,623,286831,217.2
,2012,2012,South Dakota,46,35-44 years,35-44,Male,M,12,48333,
,2012,2012,South Dakota,46,45-54 years,45-54,Male,M,50,56892,87.9
,2012,2012,South Dakota,46,55-64 years,55-64,Male,M,100,53695,186.2
,2012,2012,Tennessee,47,35-44 years,35-44,Male,M,130,416677,31.2
,2012,2012,Tennessee,47,45-54 years,45-54,Male,M,597,443877,134.5
,2012,2012,Tennessee,47,55-64 years,55-64,Male,M,1075,392459,273.9
,2012,2012,Texas,48,35-44 years,35-44,Male,M,308,1762890,17.5
,2012,2012,Texas,48,45-54 years,45-54,Male,M,1270,1714652,74.1
,2012,2012,Texas,48,55-64 years,55-64,Male,M,2708,1354552,199.9
,2012,2012,Utah,49,35-44 years,35-44,Male,M,14,182021,
,2012,2012,Utah,49,45-54 years,45-54,Male,M,66,152995,43.1
,2012,2012,Utah,49,55-64 years,55-64,Male,M,150,128806,116.5
,2012,2012,Vermont,50,35-44 years,35-44,Male,M,,36675,
,2012,2012,Vermont,50,45-54 years,45-54,Male,M,24,47806,50.2
,2012,2012,Vermont,50,55-64 years,55-64,Male,M,60,46539,128.9
,2012,2012,Virginia,51,35-44 years,35-44,Male,M,117,541219,21.6
,2012,2012,Virginia,51,45-54 years,45-54,Male,M,383,587692,65.2
,2012,2012,Virginia,51,55-64 years,55-64,Male,M,764,482681,158.3
,2012,2012,Washington,53,35-44 years,35-44,Male,M,55,461824,11.9
,2012,2012,Washington,53,45-54 years,45-54,Male,M,272,481507,56.5
,2012,2012,Washington,53,55-64 years,55-64,Male,M,605,431400,140.2
,2012,2012,West Virginia,54,35-44 years,35-44,Male,M,44,117087,37.6
,2012,2012,West Virginia,54,45-54 years,45-54,Male,M,158,130870,120.7
,2012,2012,West Virginia,54,55-64 years,55-64,Male,M,276,133420,206.9
,2012,2012,Wisconsin,55,35-44 years,35-44,Male,M,60,353555,17.0
,2012,2012,Wisconsin,55,45-54 years,45-54,Male,M,281,424938,66.1
,2012,2012,Wisconsin,55,55-64 years,55-64,Male,M,670,371285,180.5
,2012,2012,Wyoming,56,35-44 years,35-44,Male,M,,35715,
,2012,2012,Wyoming,56,45-54 years,45-54,Male,M,29,40002,72.5
,2012,2012,Wyoming,56,55-64 years,55-64,Male,M,63,40345,156.2
,2013,2013,Alabama,01,35-44 years,35-44,Male,M,83,296343,28.0
,2013,2013,Alabama,01,45-54 years,45-54,Male,M,286,323076,88.5
,2013,2013,Alabama,01,55-64 years,55-64,Male,M,592,296949,199.4
,2013,2013,Alaska,02,35-44 years,35-44,Male,M,,46996,
,2013,2013,Alaska,02,45-54 years,45-54,Male,M,39,52269,74.6
,2013,2013,Alaska,02,55-64 years,55-64,Male,M,68,48508,140.2
,2013,2013,Arizona,04,35-44 years,35-44,Male,M,62,418675,14.8
,2013,2013,Arizona,04,45-54 years,45-54,Male,M,272,414413,65.6
,2013,2013,Arizona,04,55-64 years,55-64,Male,M,684,369020,185.4
,2013,2013,Arkansas,05,35-44 years,35-44,Male,M,65,180972,35.9
,2013,2013,Arkansas,05,45-54 years,45-54,Male,M,192,192848,99.6
,2013,2013,Arkansas,05,55-64 years,55-64,Male,M,508,176280,288.2
,2013,2013,California,06,35-44 years,35-44,Male,M,306,2585759,11.8
,2013,2013,California,06,45-54 years,45-54,Male,M,1409,2596605,54.3
,2013,2013,California,06,55-64 years,55-64,Male,M,3522,2128335,165.5
,2013,2013,Colorado,08,35-44 years,35-44,Male,M,49,367116,13.3
,2013,2013,Colorado,08,45-54 years,45-54,Male,M,173,357429,48.4
,2013,2013,Colorado,08,55-64 years,55-64,Male,M,390,321261,121.4
,2013,2013,Connecticut,09,35-44 years,35-44,Male,M,31,218835,14.2
,2013,2013,Connecticut,09,45-54 years,45-54,Male,M,130,270342,48.1
,2013,2013,Connecticut,09,55-64 years,55-64,Male,M,283,231003,122.5
,2013,2013,Delaware,10,35-44 years,35-44,Male,M,13,53849,
,2013,2013,Delaware,10,45-54 years,45-54,Male,M,49,62896,77.9
,2013,2013,Delaware,10,55-64 years,55-64,Male,M,119,56665,210.0
,2013,2013,District of Columbia,11,35-44 years,35-44,Male,M,,44698,
,2013,2013,District of Columbia,11,45-54 years,45-54,Male,M,31,38254,81.0
,2013,2013,District of Columbia,11,55-64 years,55-64,Male,M,77,31822,242.0
,2013,2013,Florida,12,35-44 years,35-44,Male,M,195,1191485,16.4
,2013,2013,Florida,12,45-54 years,45-54,Male,M,947,1339420,70.7
,2013,2013,Florida,12,55-64 years,55-64,Male,M,2101,1182200,177.7
,2013,2013,Georgia,13,35-44 years,35-44,Male,M,112,669072,16.7
,2013,2013,Georgia,13,45-54 years,45-54,Male,M,482,680658,70.8
,2013,2013,Georgia,13,55-64 years,55-64,Male,M,964,546288,176.5
,2013,2013,Hawaii,15,35-44 years,35-44,Male,M,19,89858,
,2013,2013,Hawaii,15,45-54 years,45-54,Male,M,60,90138,66.6
,2013,2013,Hawaii,15,55-64 years,55-64,Male,M,129,88232,146.2
,2013,2013,Idaho,16,35-44 years,35-44,Male,M,16,99593,
,2013,2013,Idaho,16,45-54 years,45-54,Male,M,45,99921,45.0
,2013,2013,Idaho,16,55-64 years,55-64,Male,M,153,96391,158.7
,2013,2013,Illinois,17,35-44 years,35-44,Male,M,114,840696,13.6
,2013,2013,Illinois,17,45-54 years,45-54,Male,M,607,885270,68.6
,2013,2013,Illinois,17,55-64 years,55-64,Male,M,1392,768255,181.2
,2013,2013,Indiana,18,35-44 years,35-44,Male,M,99,414185,23.9
,2013,2013,Indiana,18,45-54 years,45-54,Male,M,421,448617,93.8
,2013,2013,Indiana,18,55-64 years,55-64,Male,M,759,404143,187.8
,2013,2013,Iowa,19,35-44 years,35-44,Male,M,41,183245,22.4
,2013,2013,Iowa,19,45-54 years,45-54,Male,M,180,207391,86.8
,2013,2013,Iowa,19,55-64 years,55-64,Male,M,422,199887,211.1
,2013,2013,Kansas,20,35-44 years,35-44,Male,M,31,173912,17.8
,2013,2013,Kansas,20,45-54 years,45-54,Male,M,159,186967,85.0
,2013,2013,Kansas,20,55-64 years,55-64,Male,M,291,175452,165.9
,2013,2013,Kentucky,21,35-44 years,35-44,Male,M,76,282712,26.9
,2013,2013,Kentucky,21,45-54 years,45-54,Male,M,332,305491,108.7
,2013,2013,Kentucky,21,55-64 years,55-64,Male,M,672,276328,243.2
,2013,2013,Louisiana,22,35-44 years,35-44,Male,M,83,278411,29.8
,2013,2013,Louisiana,22,45-54 years,45-54,Male,M,335,304212,110.1
,2013,2013,Louisiana,22,55-64 years,55-64,Male,M,734,277759,264.3
,2013,2013,Maine,23,35-44 years,35-44,Male,M,14,77788,
,2013,2013,Maine,23,45-54 years,45-54,Male,M,55,100466,54.7
,2013,2013,Maine,23,55-64 years,55-64,Male,M,130,99038,131.3
,2013,2013,Maryland,24,35-44 years,35-44,Male,M,50,373074,13.4
,2013,2013,Maryland,24,45-54 years,45-54,Male,M,262,425828,61.5
,2013,2013,Maryland,24,55-64 years,55-64,Male,M,617,354782,173.9
,2013,2013,Massachusetts,25,35-44 years,35-44,Male,M,50,412389,12.1
,2013,2013,Massachusetts,25,45-54 years,45-54,Male,M,273,485507,56.2
,2013,2013,Massachusetts,25,55-64 years,55-64,Male,M,551,415778,132.5
,2013,2013,Michigan,26,35-44 years,35-44,Male,M,143,595741,24.0
,2013,2013,Michigan,26,45-54 years,45-54,Male,M,663,701904,94.5
,2013,2013,Michigan,26,55-64 years,55-64,Male,M,1536,653858,234.9
,2013,2013,Minnesota,27,35-44 years,35-44,Male,M,57,338060,16.9
,2013,2013,Minnesota,27,45-54 years,45-54,Male,M,222,386106,57.5
,2013,2013,Minnesota,27,55-64 years,55-64,Male,M,397,345067,115.1
,2013,2013,Mississippi,28,35-44 years,35-44,Male,M,90,180086,50.0
,2013,2013,Mississippi,28,45-54 years,45-54,Male,M,237,191108,124.0
,2013,2013,Mississippi,28,55-64 years,55-64,Male,M,490,175445,279.3
,2013,2013,Missouri,29,35-44 years,35-44,Male,M,97,363512,26.7
,2013,2013,Missouri,29,45-54 years,45-54,Male,M,429,412727,103.9
,2013,2013,Missouri,29,55-64 years,55-64,Male,M,880,374835,234.8
,2013,2013,Montana,30,35-44 years,35-44,Male,M,14,58343,
,2013,2013,Montana,30,45-54 years,45-54,Male,M,52,66797,77.8
,2013,2013,Montana,30,55-64 years,55-64,Male,M,140,73921,189.4
,2013,2013,Nebraska,31,35-44 years,35-44,Male,M,13,113711,
,2013,2013,Nebraska,31,45-54 years,45-54,Male,M,61,121992,50.0
,2013,2013,Nebraska,31,55-64 years,55-64,Male,M,149,114062,130.6
,2013,2013,Nevada,32,35-44 years,35-44,Male,M,31,193300,16.0
,2013,2013,Nevada,32,45-54 years,45-54,Male,M,138,193498,71.3
,2013,2013,Nevada,32,55-64 years,55-64,Male,M,355,165074,215.1
,2013,2013,New Hampshire,33,35-44 years,35-44,Male,M,15,80272,
,2013,2013,New Hampshire,33,45-54 years,45-54,Male,M,73,106184,68.7
,2013,2013,New Hampshire,33,55-64 years,55-64,Male,M,137,95564,143.4
,2013,2013,New Jersey,34,35-44 years,35-44,Male,M,85,582310,14.6
,2013,2013,New Jersey,34,45-54 years,45-54,Male,M,394,660282,59.7
,2013,2013,New Jersey,34,55-64 years,55-64,Male,M,858,540141,158.8
,2013,2013,New Mexico,35,35-44 years,35-44,Male,M,27,122261,22.1
,2013,2013,New Mexico,35,45-54 years,45-54,Male,M,110,132381,83.1
,2013,2013,New Mexico,35,55-64 years,55-64,Male,M,237,128436,184.5
,2013,2013,New York,36,35-44 years,35-44,Male,M,217,1238806,17.5
,2013,2013,New York,36,45-54 years,45-54,Male,M,924,1368122,67.5
,2013,2013,New York,36,55-64 years,55-64,Male,M,2085,1171313,178.0
,2013,2013,North Carolina,37,35-44 years,35-44,Male,M,158,641402,24.6
,2013,2013,North Carolina,37,45-54 years,45-54,Male,M,602,665579,90.4
,2013,2013,North Carolina,37,55-64 years,55-64,Male,M,1168,577562,202.2
,2013,2013,North Dakota,38,35-44 years,35-44,Male,M,,42065,
,2013,2013,North Dakota,38,45-54 years,45-54,Male,M,34,46509,73.1
,2013,2013,North Dakota,38,55-64 years,55-64,Male,M,70,46140,151.7
,2013,2013,Ohio,39,35-44 years,35-44,Male,M,156,703148,22.2
,2013,2013,Ohio,39,45-54 years,45-54,Male,M,733,805029,91.1
,2013,2013,Ohio,39,55-64 years,55-64,Male,M,1445,753840,191.7
,2013,2013,Oklahoma,40,35-44 years,35-44,Male,M,74,235648,31.4
,2013,2013,Oklahoma,40,45-54 years,45-54,Male,M,305,246628,123.7
,2013,2013,Oklahoma,40,55-64 years,55-64,Male,M,638,226949,281.1
,2013,2013,Oregon,41,35-44 years,35-44,Male,M,32,259262,12.3
,2013,2013,Oregon,41,45-54 years,45-54,Male,M,127,254493,49.9
,2013,2013,Oregon,41,55-64 years,55-64,Male,M,328,259639,126.3
,2013,2013,Pennsylvania,42,35-44 years,35-44,Male,M,162,761555,21.3
,2013,2013,Pennsylvania,42,45-54 years,45-54,Male,M,621,906126,68.5
,2013,2013,Pennsylvania,42,55-64 years,55-64,Male,M,1440,846405,170.1
,2013,2013,Rhode Island,44,35-44 years,35-44,Male,M,14,61904,
,2013,2013,Rhode Island,44,45-54 years,45-54,Male,M,54,74890,72.1
,2013,2013,Rhode Island,44,55-64 years,55-64,Male,M,114,67176,169.7
,2013,2013,South Carolina,45,35-44 years,35-44,Male,M,78,291826,26.7
,2013,2013,South Carolina,45,45-54 years,45-54,Male,M,323,314164,102.8
,2013,2013,South Carolina,45,55-64 years,55-64,Male,M,668,290866,229.7
,2013,2013,South Dakota,46,35-44 years,35-44,Male,M,16,48685,
,2013,2013,South Dakota,46,45-54 years,45-54,Male,M,39,55377,70.4
,2013,2013,South Dakota,46,55-64 years,55-64,Male,M,101,55175,183.1
,2013,2013,Tennessee,47,35-44 years,35-44,Male,M,142,416135,34.1
,2013,2013,Tennessee,47,45-54 years,45-54,Male,M,544,439797,123.7
,2013,2013,Tennessee,47,55-64 years,55-64,Male,M,1101,396342,277.8
,2013,2013,Texas,48,35-44 years,35-44,Male,M,297,1782585,16.7
,2013,2013,Texas,48,45-54 years,45-54,Male,M,1304,1712483,76.1
,2013,2013,Texas,48,55-64 years,55-64,Male,M,2744,1391635,197.2
,2013,2013,Utah,49,35-44 years,35-44,Male,M,14,189984,
,2013,2013,Utah,49,45-54 years,45-54,Male,M,57,153235,37.2
,2013,2013,Utah,49,55-64 years,55-64,Male,M,154,132676,116.1
,2013,2013,Vermont,50,35-44 years,35-44,Male,M,,36110,
,2013,2013,Vermont,50,45-54 years,45-54,Male,M,33,46171,71.5
,2013,2013,Vermont,50,55-64 years,55-64,Male,M,66,46730,141.2
,2013,2013,Virginia,51,35-44 years,35-44,Male,M,81,540937,15.0
,2013,2013,Virginia,51,45-54 years,45-54,Male,M,364,581010,62.6
,2013,2013,Virginia,51,55-64 years,55-64,Male,M,756,490825,154.0
,2013,2013,Washington,53,35-44 years,35-44,Male,M,60,463514,12.9
,2013,2013,Washington,53,45-54 years,45-54,Male,M,248,475522,52.2
,2013,2013,Washington,53,55-64 years,55-64,Male,M,665,437781,151.9
,2013,2013,West Virginia,54,35-44 years,35-44,Male,M,41,116673,35.1
,2013,2013,West Virginia,54,45-54 years,45-54,Male,M,158,127816,123.6
,2013,2013,West Virginia,54,55-64 years,55-64,Male,M,254,133213,190.7
,2013,2013,Wisconsin,55,35-44 years,35-44,Male,M,56,351529,15.9
,2013,2013,Wisconsin,55,45-54 years,45-54,Male,M,278,416520,66.7
,2013,2013,Wisconsin,55,55-64 years,55-64,Male,M,658,380812,172.8
,2013,2013,Wyoming,56,35-44 years,35-44,Male,M,,36234,
,2013,2013,Wyoming,56,45-54 years,45-54,Male,M,27,38616,69.9
,2013,2013,Wyoming,56,55-64 years,55-64,Male,M,65,40897,158.9
,2014,2014,Alabama,01,35-44 years,35-44,Male,M,89,294965,30.2
,2014,2014,Alabama,01,45-54 years,45-54,Male,M,263,319211,82.4
,2014,2014,Alabama,01,55-64 years,55-64,Male,M,583,299971,194.4
,2014,2014,Alaska,02,35-44 years,35-44,Male,M,,46858,
,2014,2014,Alaska,02,45-54 years,45-54,Male,M,49,50766,96.5
,2014,2014,Alaska,02,55-64 years,55-64,Male,M,85,48411,175.6
,2014,2014,Arizona,04,35-44 years,35-44,Male,M,61,420753,14.5
,2014,2014,Arizona,04,45-54 years,45-54,Male,M,234,416655,56.2
,2014,2014,Arizona,04,55-64 years,55-64,Male,M,648,376811,172.0
,2014,2014,Arkansas,05,35-44 years,35-44,Male,M,69,181170,38.1
,2014,2014,Arkansas,05,45-54 years,45-54,Male,M,281,190346,147.6
,2014,2014,Arkansas,05,55-64 years,55-64,Male,M,539,177597,303.5
,2014,2014,California,06,35-44 years,35-44,Male,M,310,2594282,11.9
,2014,2014,California,06,45-54 years,45-54,Male,M,1388,2610846,53.2
,2014,2014,California,06,55-64 years,55-64,Male,M,3354,2186133,153.4
,2014,2014,Colorado,08,35-44 years,35-44,Male,M,47,370831,12.7
,2014,2014,Colorado,08,45-54 years,45-54,Male,M,169,356665,47.4
,2014,2014,Colorado,08,55-64 years,55-64,Male,M,459,327882,140.0
,2014,2014,Connecticut,09,35-44 years,35-44,Male,M,31,214856,14.4
,2014,2014,Connecticut,09,45-54 years,45-54,Male,M,134,265698,50.4
,2014,2014,Connecticut,09,55-64 years,55-64,Male,M,270,235718,114.5
,2014,2014,Delaware,10,35-44 years,35-44,Male,M,,53804,
,2014,2014,Delaware,10,45-54 years,45-54,Male,M,37,62107,59.6
,2014,2014,Delaware,10,55-64 years,55-64,Male,M,99,58183,170.2
,2014,2014,District of Columbia,11,35-44 years,35-44,Male,M,,46078,
,2014,2014,District of Columbia,11,45-54 years,45-54,Male,M,37,38498,96.1
,2014,2014,District of Columbia,11,55-64 years,55-64,Male,M,94,32225,291.7
,2014,2014,Florida,12,35-44 years,35-44,Male,M,187,1200062,15.6
,2014,2014,Florida,12,45-54 years,45-54,Male,M,895,1342259,66.7
,2014,2014,Florida,12,55-64 years,55-64,Male,M,2275,1213403,187.5
,2014,2014,Georgia,13,35-44 years,35-44,Male,M,117,666018,17.6
,2014,2014,Georgia,13,45-54 years,45-54,Male,M,476,681455,69.9
,2014,2014,Georgia,13,55-64 years,55-64,Male,M,967,557884,173.3
,2014,2014,Hawaii,15,35-44 years,35-44,Male,M,14,90583,
,2014,2014,Hawaii,15,45-54 years,45-54,Male,M,86,88890,96.7
,2014,2014,Hawaii,15,55-64 years,55-64,Male,M,139,88291,157.4
,2014,2014,Idaho,16,35-44 years,35-44,Male,M,14,101258,
,2014,2014,Idaho,16,45-54 years,45-54,Male,M,51,99481,51.3
,2014,2014,Idaho,16,55-64 years,55-64,Male,M,159,97888,162.4
,2014,2014,Illinois,17,35-44 years,35-44,Male,M,134,837241,16.0
,2014,2014,Illinois,17,45-54 years,45-54,Male,M,600,874423,68.6
,2014,2014,Illinois,17,55-64 years,55-64,Male,M,1349,782736,172.3
,2014,2014,Indiana,18,35-44 years,35-44,Male,M,83,412821,20.1
,2014,2014,Indiana,18,45-54 years,45-54,Male,M,349,442275,78.9
,2014,2014,Indiana,18,55-64 years,55-64,Male,M,794,410443,193.4
,2014,2014,Iowa,19,35-44 years,35-44,Male,M,27,184278,14.7
,2014,2014,Iowa,19,45-54 years,45-54,Male,M,157,203706,77.1
,2014,2014,Iowa,19,55-64 years,55-64,Male,M,398,202554,196.5
,2014,2014,Kansas,20,35-44 years,35-44,Male,M,35,174440,20.1
,2014,2014,Kansas,20,45-54 years,45-54,Male,M,150,183436,81.8
,2014,2014,Kansas,20,55-64 years,55-64,Male,M,313,177847,176.0
,2014,2014,Kentucky,21,35-44 years,35-44,Male,M,103,281067,36.6
,2014,2014,Kentucky,21,45-54 years,45-54,Male,M,365,301258,121.2
,2014,2014,Kentucky,21,55-64 years,55-64,Male,M,668,279003,239.4
,2014,2014,Louisiana,22,35-44 years,35-44,Male,M,85,279473,30.4
,2014,2014,Louisiana,22,45-54 years,45-54,Male,M,333,299101,111.3
,2014,2014,Louisiana,22,55-64 years,55-64,Male,M,743,282533,263.0
,2014,2014,Maine,23,35-44 years,35-44,Male,M,13,76509,
,2014,2014,Maine,23,45-54 years,45-54,Male,M,55,98198,56.0
,2014,2014,Maine,23,55-64 years,55-64,Male,M,126,99904,126.1
,2014,2014,Maryland,24,35-44 years,35-44,Male,M,51,373239,13.7
,2014,2014,Maryland,24,45-54 years,45-54,Male,M,246,421662,58.3
,2014,2014,Maryland,24,55-64 years,55-64,Male,M,623,361571,172.3
,2014,2014,Massachusetts,25,35-44 years,35-44,Male,M,48,409602,11.7
,2014,2014,Massachusetts,25,45-54 years,45-54,Male,M,256,480774,53.2
,2014,2014,Massachusetts,25,55-64 years,55-64,Male,M,524,424699,123.4
,2014,2014,Michigan,26,35-44 years,35-44,Male,M,148,589118,25.1
,2014,2014,Michigan,26,45-54 years,45-54,Male,M,614,689514,89.0
,2014,2014,Michigan,26,55-64 years,55-64,Male,M,1644,663253,247.9
,2014,2014,Minnesota,27,35-44 years,35-44,Male,M,43,339363,12.7
,2014,2014,Minnesota,27,45-54 years,45-54,Male,M,193,379741,50.8
,2014,2014,Minnesota,27,55-64 years,55-64,Male,M,424,352949,120.1
,2014,2014,Mississippi,28,35-44 years,35-44,Male,M,49,179302,27.3
,2014,2014,Mississippi,28,45-54 years,45-54,Male,M,228,188080,121.2
,2014,2014,Mississippi,28,55-64 years,55-64,Male,M,510,177520,287.3
,2014,2014,Missouri,29,35-44 years,35-44,Male,M,93,363881,25.6
,2014,2014,Missouri,29,45-54 years,45-54,Male,M,461,404453,114.0
,2014,2014,Missouri,29,55-64 years,55-64,Male,M,914,381340,239.7
,2014,2014,Montana,30,35-44 years,35-44,Male,M,15,59159,
,2014,2014,Montana,30,45-54 years,45-54,Male,M,42,65070,64.5
,2014,2014,Montana,30,55-64 years,55-64,Male,M,140,74168,188.8
,2014,2014,Nebraska,31,35-44 years,35-44,Male,M,,114649,
,2014,2014,Nebraska,31,45-54 years,45-54,Male,M,67,119857,55.9
,2014,2014,Nebraska,31,55-64 years,55-64,Male,M,165,115874,142.4
,2014,2014,Nevada,32,35-44 years,35-44,Male,M,19,194330,
,2014,2014,Nevada,32,45-54 years,45-54,Male,M,138,195768,70.5
,2014,2014,Nevada,32,55-64 years,55-64,Male,M,371,169069,219.4
,2014,2014,New Hampshire,33,35-44 years,35-44,Male,M,10,78510,
,2014,2014,New Hampshire,33,45-54 years,45-54,Male,M,39,103730,37.6
,2014,2014,New Hampshire,33,55-64 years,55-64,Male,M,117,97595,119.9
,2014,2014,New Jersey,34,35-44 years,35-44,Male,M,78,578903,13.5
,2014,2014,New Jersey,34,45-54 years,45-54,Male,M,371,653524,56.8
,2014,2014,New Jersey,34,55-64 years,55-64,Male,M,775,553469,140.0
,2014,2014,New Mexico,35,35-44 years,35-44,Male,M,30,121756,24.6
,2014,2014,New Mexico,35,45-54 years,45-54,Male,M,104,129355,80.4
,2014,2014,New Mexico,35,55-64 years,55-64,Male,M,225,128725,174.8
,2014,2014,New York,36,35-44 years,35-44,Male,M,195,1231080,15.8
,2014,2014,New York,36,45-54 years,45-54,Male,M,892,1356049,65.8
,2014,2014,New York,36,55-64 years,55-64,Male,M,2079,1193416,174.2
,2014,2014,North Carolina,37,35-44 years,35-44,Male,M,128,636991,20.1
,2014,2014,North Carolina,37,45-54 years,45-54,Male,M,491,666476,73.7
,2014,2014,North Carolina,37,55-64 years,55-64,Male,M,1132,588034,192.5
,2014,2014,North Dakota,38,35-44 years,35-44,Male,M,,43382,
,2014,2014,North Dakota,38,45-54 years,45-54,Male,M,46,45895,100.2
,2014,2014,North Dakota,38,55-64 years,55-64,Male,M,76,47119,161.3
,2014,2014,Ohio,39,35-44 years,35-44,Male,M,137,698742,19.6
,2014,2014,Ohio,39,45-54 years,45-54,Male,M,685,790089,86.7
,2014,2014,Ohio,39,55-64 years,55-64,Male,M,1519,763947,198.8
,2014,2014,Oklahoma,40,35-44 years,35-44,Male,M,68,237109,28.7
,2014,2014,Oklahoma,40,45-54 years,45-54,Male,M,269,243714,110.4
,2014,2014,Oklahoma,40,55-64 years,55-64,Male,M,667,229841,290.2
,2014,2014,Oregon,41,35-44 years,35-44,Male,M,23,261525,8.8
,2014,2014,Oregon,41,45-54 years,45-54,Male,M,112,254947,43.9
,2014,2014,Oregon,41,55-64 years,55-64,Male,M,320,260712,122.7
,2014,2014,Pennsylvania,42,35-44 years,35-44,Male,M,145,753551,19.2
,2014,2014,Pennsylvania,42,45-54 years,45-54,Male,M,623,889285,70.1
,2014,2014,Pennsylvania,42,55-64 years,55-64,Male,M,1422,859653,165.4
,2014,2014,Rhode Island,44,35-44 years,35-44,Male,M,11,61463,
,2014,2014,Rhode Island,44,45-54 years,45-54,Male,M,58,73684,78.7
,2014,2014,Rhode Island,44,55-64 years,55-64,Male,M,127,68059,186.6
,2014,2014,South Carolina,45,35-44 years,35-44,Male,M,89,291794,30.5
,2014,2014,South Carolina,45,45-54 years,45-54,Male,M,342,313589,109.1
,2014,2014,South Carolina,45,55-64 years,55-64,Male,M,611,295792,206.6
,2014,2014,South Dakota,46,35-44 years,35-44,Male,M,,49216,
,2014,2014,South Dakota,46,45-54 years,45-54,Male,M,41,54290,75.5
,2014,2014,South Dakota,46,55-64 years,55-64,Male,M,124,56094,221.1
,2014,2014,Tennessee,47,35-44 years,35-44,Male,M,127,414480,30.6
,2014,2014,Tennessee,47,45-54 years,45-54,Male,M,538,437653,122.9
,2014,2014,Tennessee,47,55-64 years,55-64,Male,M,1132,400817,282.4
,2014,2014,Texas,48,35-44 years,35-44,Male,M,337,1810280,18.6
,2014,2014,Texas,48,45-54 years,45-54,Male,M,1239,1724118,71.9
,2014,2014,Texas,48,55-64 years,55-64,Male,M,2778,1434534,193.7
,2014,2014,Utah,49,35-44 years,35-44,Male,M,19,197100,
,2014,2014,Utah,49,45-54 years,45-54,Male,M,75,153953,48.7
,2014,2014,Utah,49,55-64 years,55-64,Male,M,139,135973,102.2
,2014,2014,Vermont,50,35-44 years,35-44,Male,M,,35316,
,2014,2014,Vermont,50,45-54 years,45-54,Male,M,25,44692,55.9
,2014,2014,Vermont,50,55-64 years,55-64,Male,M,81,47122,171.9
,2014,2014,Virginia,51,35-44 years,35-44,Male,M,98,540238,18.1
,2014,2014,Virginia,51,45-54 years,45-54,Male,M,352,575329,61.2
,2014,2014,Virginia,51,55-64 years,55-64,Male,M,768,499146,153.9
,2014,2014,Washington,53,35-44 years,35-44,Male,M,46,465746,9.9
,2014,2014,Washington,53,45-54 years,45-54,Male,M,259,473736,54.7
,2014,2014,Washington,53,55-64 years,55-64,Male,M,671,444993,150.8
,2014,2014,West Virginia,54,35-44 years,35-44,Male,M,36,115761,31.1
,2014,2014,West Virginia,54,45-54 years,45-54,Male,M,116,125300,92.6
,2014,2014,West Virginia,54,55-64 years,55-64,Male,M,297,132237,224.6
,2014,2014,Wisconsin,55,35-44 years,35-44,Male,M,63,349810,18.0
,2014,2014,Wisconsin,55,45-54 years,45-54,Male,M,252,408207,61.7
,2014,2014,Wisconsin,55,55-64 years,55-64,Male,M,639,387746,164.8
,2014,2014,Wyoming,56,35-44 years,35-44,Male,M,,36486,
,2014,2014,Wyoming,56,45-54 years,45-54,Male,M,25,37236,67.1
,2014,2014,Wyoming,56,55-64 years,55-64,Male,M,82,40998,200.0
,2015,2015,Alabama,01,35-44 years,35-44,Male,M,81,293263,27.6
,2015,2015,Alabama,01,45-54 years,45-54,Male,M,284,315524,90.0
,2015,2015,Alabama,01,55-64 years,55-64,Male,M,599,303874,197.1
,2015,2015,Alaska,02,35-44 years,35-44,Male,M,13,47139,
,2015,2015,Alaska,02,45-54 years,45-54,Male,M,33,49160,67.1
,2015,2015,Alaska,02,55-64 years,55-64,Male,M,91,48464,187.8
,2015,2015,Arizona,04,35-44 years,35-44,Male,M,65,423311,15.4
,2015,2015,Arizona,04,45-54 years,45-54,Male,M,267,418510,63.8
,2015,2015,Arizona,04,55-64 years,55-64,Male,M,726,386424,187.9
,2015,2015,Arkansas,05,35-44 years,35-44,Male,M,75,181668,41.3
,2015,2015,Arkansas,05,45-54 years,45-54,Male,M,236,188653,125.1
,2015,2015,Arkansas,05,55-64 years,55-64,Male,M,536,180052,297.7
,2015,2015,California,06,35-44 years,35-44,Male,M,300,2603187,11.5
,2015,2015,California,06,45-54 years,45-54,Male,M,1349,2613810,51.6
,2015,2015,California,06,55-64 years,55-64,Male,M,3451,2243148,153.8
,2015,2015,Colorado,08,35-44 years,35-44,Male,M,39,376732,10.4
,2015,2015,Colorado,08,45-54 years,45-54,Male,M,175,357371,49.0
,2015,2015,Colorado,08,55-64 years,55-64,Male,M,424,335092,126.5
,2015,2015,Connecticut,09,35-44 years,35-44,Male,M,27,210923,12.8
,2015,2015,Connecticut,09,45-54 years,45-54,Male,M,125,261042,47.9
,2015,2015,Connecticut,09,55-64 years,55-64,Male,M,309,240641,128.4
,2015,2015,Delaware,10,35-44 years,35-44,Male,M,,53858,
,2015,2015,Delaware,10,45-54 years,45-54,Male,M,49,61796,79.3
,2015,2015,Delaware,10,55-64 years,55-64,Male,M,108,59904,180.3
,2015,2015,District of Columbia,11,35-44 years,35-44,Male,M,,47638,
,2015,2015,District of Columbia,11,45-54 years,45-54,Male,M,17,38854,
,2015,2015,District of Columbia,11,55-64 years,55-64,Male,M,68,32755,207.6
,2015,2015,Florida,12,35-44 years,35-44,Male,M,225,1211622,18.6
,2015,2015,Florida,12,45-54 years,45-54,Male,M,926,1347504,68.7
,2015,2015,Florida,12,55-64 years,55-64,Male,M,2220,1252207,177.3
,2015,2015,Georgia,13,35-44 years,35-44,Male,M,127,664401,19.1
,2015,2015,Georgia,13,45-54 years,45-54,Male,M,470,685211,68.6
,2015,2015,Georgia,13,55-64 years,55-64,Male,M,958,572795,167.3
,2015,2015,Hawaii,15,35-44 years,35-44,Male,M,11,91371,
,2015,2015,Hawaii,15,45-54 years,45-54,Male,M,55,87537,62.8
,2015,2015,Hawaii,15,55-64 years,55-64,Male,M,134,87939,152.4
,2015,2015,Idaho,16,35-44 years,35-44,Male,M,10,102706,
,2015,2015,Idaho,16,45-54 years,45-54,Male,M,51,99160,51.4
,2015,2015,Idaho,16,55-64 years,55-64,Male,M,170,99838,170.3
,2015,2015,Illinois,17,35-44 years,35-44,Male,M,125,833728,15.0
,2015,2015,Illinois,17,45-54 years,45-54,Male,M,502,862821,58.2
,2015,2015,Illinois,17,55-64 years,55-64,Male,M,1339,795855,168.2
,2015,2015,Indiana,18,35-44 years,35-44,Male,M,104,411802,25.3
,2015,2015,Indiana,18,45-54 years,45-54,Male,M,358,436553,82.0
,2015,2015,Indiana,18,55-64 years,55-64,Male,M,819,417344,196.2
,2015,2015,Iowa,19,35-44 years,35-44,Male,M,39,185633,21.0
,2015,2015,Iowa,19,45-54 years,45-54,Male,M,154,200037,77.0
,2015,2015,Iowa,19,55-64 years,55-64,Male,M,366,205254,178.3
,2015,2015,Kansas,20,35-44 years,35-44,Male,M,31,175603,17.7
,2015,2015,Kansas,20,45-54 years,45-54,Male,M,148,179902,82.3
,2015,2015,Kansas,20,55-64 years,55-64,Male,M,289,179663,160.9
,2015,2015,Kentucky,21,35-44 years,35-44,Male,M,84,279552,30.0
,2015,2015,Kentucky,21,45-54 years,45-54,Male,M,324,298014,108.7
,2015,2015,Kentucky,21,55-64 years,55-64,Male,M,688,282516,243.5
,2015,2015,Louisiana,22,35-44 years,35-44,Male,M,80,282149,28.4
,2015,2015,Louisiana,22,45-54 years,45-54,Male,M,305,293480,103.9
,2015,2015,Louisiana,22,55-64 years,55-64,Male,M,715,286824,249.3
,2015,2015,Maine,23,35-44 years,35-44,Male,M,14,75255,
,2015,2015,Maine,23,45-54 years,45-54,Male,M,53,95897,55.3
,2015,2015,Maine,23,55-64 years,55-64,Male,M,125,100839,124.0
,2015,2015,Maryland,24,35-44 years,35-44,Male,M,55,373677,14.7
,2015,2015,Maryland,24,45-54 years,45-54,Male,M,247,417239,59.2
,2015,2015,Maryland,24,55-64 years,55-64,Male,M,573,369551,155.1
,2015,2015,Massachusetts,25,35-44 years,35-44,Male,M,55,407931,13.5
,2015,2015,Massachusetts,25,45-54 years,45-54,Male,M,219,476080,46.0
,2015,2015,Massachusetts,25,55-64 years,55-64,Male,M,547,434675,125.8
,2015,2015,Michigan,26,35-44 years,35-44,Male,M,135,582605,23.2
,2015,2015,Michigan,26,45-54 years,45-54,Male,M,556,679590,81.8
,2015,2015,Michigan,26,55-64 years,55-64,Male,M,1458,671762,217.0
,2015,2015,Minnesota,27,35-44 years,35-44,Male,M,36,342121,10.5
,2015,2015,Minnesota,27,45-54 years,45-54,Male,M,169,373171,45.3
,2015,2015,Minnesota,27,55-64 years,55-64,Male,M,392,360929,108.6
,2015,2015,Mississippi,28,35-44 years,35-44,Male,M,64,178360,35.9
,2015,2015,Mississippi,28,45-54 years,45-54,Male,M,219,185007,118.4
,2015,2015,Mississippi,28,55-64 years,55-64,Male,M,461,179400,257.0
,2015,2015,Missouri,29,35-44 years,35-44,Male,M,93,364319,25.5
,2015,2015,Missouri,29,45-54 years,45-54,Male,M,433,397257,109.0
,2015,2015,Missouri,29,55-64 years,55-64,Male,M,867,388797,223.0
,2015,2015,Montana,30,35-44 years,35-44,Male,M,10,60105,
,2015,2015,Montana,30,45-54 years,45-54,Male,M,51,63712,80.0
,2015,2015,Montana,30,55-64 years,55-64,Male,M,138,74466,185.3
,2015,2015,Nebraska,31,35-44 years,35-44,Male,M,12,116349,
,2015,2015,Nebraska,31,45-54 years,45-54,Male,M,78,117800,66.2
,2015,2015,Nebraska,31,55-64 years,55-64,Male,M,171,117884,145.1
,2015,2015,Nevada,32,35-44 years,35-44,Male,M,41,195462,21.0
,2015,2015,Nevada,32,45-54 years,45-54,Male,M,143,198322,72.1
,2015,2015,Nevada,32,55-64 years,55-64,Male,M,378,173636,217.7
,2015,2015,New Hampshire,33,35-44 years,35-44,Male,M,11,76914,
,2015,2015,New Hampshire,33,45-54 years,45-54,Male,M,51,101669,50.2
,2015,2015,New Hampshire,33,55-64 years,55-64,Male,M,124,99471,124.7
,2015,2015,New Jersey,34,35-44 years,35-44,Male,M,78,575103,13.6
,2015,2015,New Jersey,34,45-54 years,45-54,Male,M,314,645984,48.6
,2015,2015,New Jersey,34,55-64 years,55-64,Male,M,797,566337,140.7
,2015,2015,New Mexico,35,35-44 years,35-44,Male,M,21,122208,17.2
,2015,2015,New Mexico,35,45-54 years,45-54,Male,M,80,126466,63.3
,2015,2015,New Mexico,35,55-64 years,55-64,Male,M,245,129423,189.3
,2015,2015,New York,36,35-44 years,35-44,Male,M,198,1225138,16.2
,2015,2015,New York,36,45-54 years,45-54,Male,M,912,1342527,67.9
,2015,2015,New York,36,55-64 years,55-64,Male,M,2128,1216582,174.9
,2015,2015,North Carolina,37,35-44 years,35-44,Male,M,134,632353,21.2
,2015,2015,North Carolina,37,45-54 years,45-54,Male,M,507,668573,75.8
,2015,2015,North Carolina,37,55-64 years,55-64,Male,M,1167,601543,194.0
,2015,2015,North Dakota,38,35-44 years,35-44,Male,M,,44954,
,2015,2015,North Dakota,38,45-54 years,45-54,Male,M,26,45361,57.3
,2015,2015,North Dakota,38,55-64 years,55-64,Male,M,84,48047,174.8
,2015,2015,Ohio,39,35-44 years,35-44,Male,M,157,693759,22.6
,2015,2015,Ohio,39,45-54 years,45-54,Male,M,679,778380,87.2
,2015,2015,Ohio,39,55-64 years,55-64,Male,M,1539,773289,199.0
,2015,2015,Oklahoma,40,35-44 years,35-44,Male,M,70,239522,29.2
,2015,2015,Oklahoma,40,45-54 years,45-54,Male,M,303,240616,125.9
,2015,2015,Oklahoma,40,55-64 years,55-64,Male,M,719,233771,307.6
,2015,2015,Oregon,41,35-44 years,35-44,Male,M,26,265233,9.8
,2015,2015,Oregon,41,45-54 years,45-54,Male,M,123,256899,47.9
,2015,2015,Oregon,41,55-64 years,55-64,Male,M,335,262454,127.6
,2015,2015,Pennsylvania,42,35-44 years,35-44,Male,M,116,746761,15.5
,2015,2015,Pennsylvania,42,45-54 years,45-54,Male,M,591,874888,67.6
,2015,2015,Pennsylvania,42,55-64 years,55-64,Male,M,1446,871002,166.0
,2015,2015,Rhode Island,44,35-44 years,35-44,Male,M,12,61214,
,2015,2015,Rhode Island,44,45-54 years,45-54,Male,M,40,72233,55.4
,2015,2015,Rhode Island,44,55-64 years,55-64,Male,M,119,69119,172.2
,2015,2015,South Carolina,45,35-44 years,35-44,Male,M,91,291803,31.2
,2015,2015,South Carolina,45,45-54 years,45-54,Male,M,283,313547,90.3
,2015,2015,South Carolina,45,55-64 years,55-64,Male,M,697,301735,231.0
,2015,2015,South Dakota,46,35-44 years,35-44,Male,M,,49847,
,2015,2015,South Dakota,46,45-54 years,45-54,Male,M,35,52928,66.1
,2015,2015,South Dakota,46,55-64 years,55-64,Male,M,105,57153,183.7
,2015,2015,Tennessee,47,35-44 years,35-44,Male,M,110,412670,26.7
,2015,2015,Tennessee,47,45-54 years,45-54,Male,M,527,437153,120.6
,2015,2015,Tennessee,47,55-64 years,55-64,Male,M,1160,406835,285.1
,2015,2015,Texas,48,35-44 years,35-44,Male,M,320,1842223,17.4
,2015,2015,Texas,48,45-54 years,45-54,Male,M,1254,1737956,72.2
,2015,2015,Texas,48,55-64 years,55-64,Male,M,2911,1478988,196.8
,2015,2015,Utah,49,35-44 years,35-44,Male,M,11,203663,
,2015,2015,Utah,49,45-54 years,45-54,Male,M,51,155910,32.7
,2015,2015,Utah,49,55-64 years,55-64,Male,M,150,139660,107.4
,2015,2015,Vermont,50,35-44 years,35-44,Male,M,,34873,
,2015,2015,Vermont,50,45-54 years,45-54,Male,M,36,43567,82.6
,2015,2015,Vermont,50,55-64 years,55-64,Male,M,91,47360,192.1
,2015,2015,Virginia,51,35-44 years,35-44,Male,M,99,541071,18.3
,2015,2015,Virginia,51,45-54 years,45-54,Male,M,350,570969,61.3
,2015,2015,Virginia,51,55-64 years,55-64,Male,M,813,509216,159.7
,2015,2015,Washington,53,35-44 years,35-44,Male,M,44,470727,9.3
,2015,2015,Washington,53,45-54 years,45-54,Male,M,240,474425,50.6
,2015,2015,Washington,53,55-64 years,55-64,Male,M,589,453189,130.0
,2015,2015,West Virginia,54,35-44 years,35-44,Male,M,28,114606,24.4
,2015,2015,West Virginia,54,45-54 years,45-54,Male,M,120,123344,97.3
,2015,2015,West Virginia,54,55-64 years,55-64,Male,M,256,131246,195.1
,2015,2015,Wisconsin,55,35-44 years,35-44,Male,M,69,349529,19.7
,2015,2015,Wisconsin,55,45-54 years,45-54,Male,M,271,400213,67.7
,2015,2015,Wisconsin,55,55-64 years,55-64,Male,M,626,394703,158.6
,2015,2015,Wyoming,56,35-44 years,35-44,Male,M,10,36936,
,2015,2015,Wyoming,56,45-54 years,45-54,Male,M,23,36154,63.6
,2015,2015,Wyoming,56,55-64 years,55-64,Male,M,65,41096,158.2
,2016,2016,Alabama,01,35-44 years,35-44,Male,M,75,289865,25.9
,2016,2016,Alabama,01,45-54 years,45-54,Male,M,249,313212,79.5
,2016,2016,Alabama,01,55-64 years,55-64,Male,M,566,307099,184.3
,2016,2016,Alaska,02,35-44 years,35-44,Male,M,13,48295,
,2016,2016,Alaska,02,45-54 years,45-54,Male,M,32,49240,65.0
,2016,2016,Alaska,02,55-64 years,55-64,Male,M,100,49222,203.2
,2016,2016,Arizona,04,35-44 years,35-44,Male,M,46,425826,10.8
,2016,2016,Arizona,04,45-54 years,45-54,Male,M,289,419842,68.8
,2016,2016,Arizona,04,55-64 years,55-64,Male,M,748,394819,189.5
,2016,2016,Arkansas,05,35-44 years,35-44,Male,M,85,180938,47.0
,2016,2016,Arkansas,05,45-54 years,45-54,Male,M,224,187043,119.8
,2016,2016,Arkansas,05,55-64 years,55-64,Male,M,534,181966,293.5
,2016,2016,California,06,35-44 years,35-44,Male,M,296,2592256,11.4
,2016,2016,California,06,45-54 years,45-54,Male,M,1383,2587209,53.5
,2016,2016,California,06,55-64 years,55-64,Male,M,3562,2273600,156.7
,2016,2016,Colorado,08,35-44 years,35-44,Male,M,41,380896,10.8
,2016,2016,Colorado,08,45-54 years,45-54,Male,M,155,360871,43.0
,2016,2016,Colorado,08,55-64 years,55-64,Male,M,442,341390,129.5
,2016,2016,Connecticut,09,35-44 years,35-44,Male,M,29,206844,14.0
,2016,2016,Connecticut,09,45-54 years,45-54,Male,M,114,253930,44.9
,2016,2016,Connecticut,09,55-64 years,55-64,Male,M,322,244036,131.9
,2016,2016,Delaware,10,35-44 years,35-44,Male,M,16,53302,
,2016,2016,Delaware,10,45-54 years,45-54,Male,M,41,61372,66.8
,2016,2016,Delaware,10,55-64 years,55-64,Male,M,106,61089,173.5
,2016,2016,District of Columbia,11,35-44 years,35-44,Male,M,,49015,
,2016,2016,District of Columbia,11,45-54 years,45-54,Male,M,28,38933,71.9
,2016,2016,District of Columbia,11,55-64 years,55-64,Male,M,74,33129,223.4
,2016,2016,Florida,12,35-44 years,35-44,Male,M,190,1220665,15.6
,2016,2016,Florida,12,45-54 years,45-54,Male,M,924,1352057,68.3
,2016,2016,Florida,12,55-64 years,55-64,Male,M,2313,1288333,179.5
,2016,2016,Georgia,13,35-44 years,35-44,Male,M,122,658812,18.5
,2016,2016,Georgia,13,45-54 years,45-54,Male,M,449,689840,65.1
,2016,2016,Georgia,13,55-64 years,55-64,Male,M,936,586707,159.5
,2016,2016,Hawaii,15,35-44 years,35-44,Male,M,19,90084,
,2016,2016,Hawaii,15,45-54 years,45-54,Male,M,50,89089,56.1
,2016,2016,Hawaii,15,55-64 years,55-64,Male,M,112,90419,123.9
,2016,2016,Idaho,16,35-44 years,35-44,Male,M,19,104468,
,2016,2016,Idaho,16,45-54 years,45-54,Male,M,61,99213,61.5
,2016,2016,Idaho,16,55-64 years,55-64,Male,M,160,102098,156.7
,2016,2016,Illinois,17,35-44 years,35-44,Male,M,107,821881,13.0
,2016,2016,Illinois,17,45-54 years,45-54,Male,M,529,846446,62.5
,2016,2016,Illinois,17,55-64 years,55-64,Male,M,1284,802066,160.1
,2016,2016,Indiana,18,35-44 years,35-44,Male,M,95,406986,23.3
,2016,2016,Indiana,18,45-54 years,45-54,Male,M,379,430256,88.1
,2016,2016,Indiana,18,55-64 years,55-64,Male,M,806,421172,191.4
,2016,2016,Iowa,19,35-44 years,35-44,Male,M,30,186523,16.1
,2016,2016,Iowa,19,45-54 years,45-54,Male,M,143,195453,73.2
,2016,2016,Iowa,19,55-64 years,55-64,Male,M,418,206233,202.7
,2016,2016,Kansas,20,35-44 years,35-44,Male,M,21,176081,11.9
,2016,2016,Kansas,20,45-54 years,45-54,Male,M,121,176906,68.4
,2016,2016,Kansas,20,55-64 years,55-64,Male,M,339,181798,186.5
,2016,2016,Kentucky,21,35-44 years,35-44,Male,M,98,276546,35.4
,2016,2016,Kentucky,21,45-54 years,45-54,Male,M,328,294936,111.2
,2016,2016,Kentucky,21,55-64 years,55-64,Male,M,740,284697,259.9
,2016,2016,Louisiana,22,35-44 years,35-44,Male,M,72,284565,25.3
,2016,2016,Louisiana,22,45-54 years,45-54,Male,M,305,288029,105.9
,2016,2016,Louisiana,22,55-64 years,55-64,Male,M,723,289116,250.1
,2016,2016,Maine,23,35-44 years,35-44,Male,M,19,74400,
,2016,2016,Maine,23,45-54 years,45-54,Male,M,63,93383,67.5
,2016,2016,Maine,23,55-64 years,55-64,Male,M,136,101668,133.8
,2016,2016,Maryland,24,35-44 years,35-44,Male,M,47,370771,12.7
,2016,2016,Maryland,24,45-54 years,45-54,Male,M,234,410673,57.0
,2016,2016,Maryland,24,55-64 years,55-64,Male,M,604,375928,160.7
,2016,2016,Massachusetts,25,35-44 years,35-44,Male,M,37,403734,9.2
,2016,2016,Massachusetts,25,45-54 years,45-54,Male,M,208,466997,44.5
,2016,2016,Massachusetts,25,55-64 years,55-64,Male,M,500,440593,113.5
,2016,2016,Michigan,26,35-44 years,35-44,Male,M,127,573566,22.1
,2016,2016,Michigan,26,45-54 years,45-54,Male,M,557,666112,83.6
,2016,2016,Michigan,26,55-64 years,55-64,Male,M,1586,675923,234.6
,2016,2016,Minnesota,27,35-44 years,35-44,Male,M,47,343430,13.7
,2016,2016,Minnesota,27,45-54 years,45-54,Male,M,160,364694,43.9
,2016,2016,Minnesota,27,55-64 years,55-64,Male,M,414,366436,113.0
,2016,2016,Mississippi,28,35-44 years,35-44,Male,M,62,177426,34.9
,2016,2016,Mississippi,28,45-54 years,45-54,Male,M,205,183409,111.8
,2016,2016,Mississippi,28,55-64 years,55-64,Male,M,412,180593,228.1
,2016,2016,Missouri,29,35-44 years,35-44,Male,M,101,363720,27.8
,2016,2016,Missouri,29,45-54 years,45-54,Male,M,394,389573,101.1
,2016,2016,Missouri,29,55-64 years,55-64,Male,M,878,394130,222.8
,2016,2016,Montana,30,35-44 years,35-44,Male,M,,61309,
,2016,2016,Montana,30,45-54 years,45-54,Male,M,52,62817,82.8
,2016,2016,Montana,30,55-64 years,55-64,Male,M,128,74659,171.4
,2016,2016,Nebraska,31,35-44 years,35-44,Male,M,10,117151,
,2016,2016,Nebraska,31,45-54 years,45-54,Male,M,55,115718,47.5
,2016,2016,Nebraska,31,55-64 years,55-64,Male,M,143,119104,120.1
,2016,2016,Nevada,32,35-44 years,35-44,Male,M,53,196132,27.0
,2016,2016,Nevada,32,45-54 years,45-54,Male,M,159,199958,79.5
,2016,2016,Nevada,32,55-64 years,55-64,Male,M,404,177849,227.2
,2016,2016,New Hampshire,33,35-44 years,35-44,Male,M,,75803,
,2016,2016,New Hampshire,33,45-54 years,45-54,Male,M,68,99382,68.4
,2016,2016,New Hampshire,33,55-64 years,55-64,Male,M,174,101481,171.5
,2016,2016,New Jersey,34,35-44 years,35-44,Male,M,75,567332,13.2
,2016,2016,New Jersey,34,45-54 years,45-54,Male,M,331,631622,52.4
,2016,2016,New Jersey,34,55-64 years,55-64,Male,M,815,575478,141.6
,2016,2016,New Mexico,35,35-44 years,35-44,Male,M,17,121681,
,2016,2016,New Mexico,35,45-54 years,45-54,Male,M,109,123678,88.1
,2016,2016,New Mexico,35,55-64 years,55-64,Male,M,268,130341,205.6
,2016,2016,New York,36,35-44 years,35-44,Male,M,202,1210023,16.7
,2016,2016,New York,36,45-54 years,45-54,Male,M,864,1315608,65.7
,2016,2016,New York,36,55-64 years,55-64,Male,M,2160,1228302,175.9
,2016,2016,North Carolina,37,35-44 years,35-44,Male,M,116,630546,18.4
,2016,2016,North Carolina,37,45-54 years,45-54,Male,M,486,675745,71.9
,2016,2016,North Carolina,37,55-64 years,55-64,Male,M,1162,615907,188.7
,2016,2016,North Dakota,38,35-44 years,35-44,Male,M,14,46029,
,2016,2016,North Dakota,38,45-54 years,45-54,Male,M,16,43941,
,2016,2016,North Dakota,38,55-64 years,55-64,Male,M,75,48380,155.0
,2016,2016,Ohio,39,35-44 years,35-44,Male,M,156,685852,22.7
,2016,2016,Ohio,39,45-54 years,45-54,Male,M,647,763428,84.7
,2016,2016,Ohio,39,55-64 years,55-64,Male,M,1557,777623,200.2
,2016,2016,Oklahoma,40,35-44 years,35-44,Male,M,68,241167,28.2
,2016,2016,Oklahoma,40,45-54 years,45-54,Male,M,260,237339,109.5
,2016,2016,Oklahoma,40,55-64 years,55-64,Male,M,620,235890,262.8
,2016,2016,Oregon,41,35-44 years,35-44,Male,M,34,268831,12.6
,2016,2016,Oregon,41,45-54 years,45-54,Male,M,114,257793,44.2
,2016,2016,Oregon,41,55-64 years,55-64,Male,M,334,263477,126.8
,2016,2016,Pennsylvania,42,35-44 years,35-44,Male,M,153,738226,20.7
,2016,2016,Pennsylvania,42,45-54 years,45-54,Male,M,584,855361,68.3
,2016,2016,Pennsylvania,42,55-64 years,55-64,Male,M,1539,876000,175.7
,2016,2016,Rhode Island,44,35-44 years,35-44,Male,M,14,60824,
,2016,2016,Rhode Island,44,45-54 years,45-54,Male,M,33,70941,46.5
,2016,2016,Rhode Island,44,55-64 years,55-64,Male,M,85,70154,121.2
,2016,2016,South Carolina,45,35-44 years,35-44,Male,M,72,292679,24.6
,2016,2016,South Carolina,45,45-54 years,45-54,Male,M,278,314779,88.3
,2016,2016,South Carolina,45,55-64 years,55-64,Male,M,651,308195,211.2
,2016,2016,South Dakota,46,35-44 years,35-44,Male,M,11,50839,
,2016,2016,South Dakota,46,45-54 years,45-54,Male,M,44,51736,85.0
,2016,2016,South Dakota,46,55-64 years,55-64,Male,M,107,57823,185.0
,2016,2016,Tennessee,47,35-44 years,35-44,Male,M,118,409413,28.8
,2016,2016,Tennessee,47,45-54 years,45-54,Male,M,468,437423,107.0
,2016,2016,Tennessee,47,55-64 years,55-64,Male,M,1161,412145,281.7
,2016,2016,Texas,48,35-44 years,35-44,Male,M,315,1861109,16.9
,2016,2016,Texas,48,45-54 years,45-54,Male,M,1181,1746035,67.6
,2016,2016,Texas,48,55-64 years,55-64,Male,M,2949,1510506,195.2
,2016,2016,Utah,49,35-44 years,35-44,Male,M,13,209297,
,2016,2016,Utah,49,45-54 years,45-54,Male,M,59,158288,37.3
,2016,2016,Utah,49,55-64 years,55-64,Male,M,154,142971,107.7
,2016,2016,Vermont,50,35-44 years,35-44,Male,M,,34411,
,2016,2016,Vermont,50,45-54 years,45-54,Male,M,32,42125,76.0
,2016,2016,Vermont,50,55-64 years,55-64,Male,M,94,47409,198.3
,2016,2016,Virginia,51,35-44 years,35-44,Male,M,85,538721,15.8
,2016,2016,Virginia,51,45-54 years,45-54,Male,M,379,570475,66.4
,2016,2016,Virginia,51,55-64 years,55-64,Male,M,805,519437,155.0
,2016,2016,Washington,53,35-44 years,35-44,Male,M,74,477136,15.5
,2016,2016,Washington,53,45-54 years,45-54,Male,M,220,476106,46.2
,2016,2016,Washington,53,55-64 years,55-64,Male,M,607,461640,131.5
,2016,2016,West Virginia,54,35-44 years,35-44,Male,M,37,112267,33.0
,2016,2016,West Virginia,54,45-54 years,45-54,Male,M,122,121250,100.6
,2016,2016,West Virginia,54,55-64 years,55-64,Male,M,313,129545,241.6
,2016,2016,Wisconsin,55,35-44 years,35-44,Male,M,33,347820,9.5
,2016,2016,Wisconsin,55,45-54 years,45-54,Male,M,247,390463,63.3
,2016,2016,Wisconsin,55,55-64 years,55-64,Male,M,650,399430,162.7
,2016,2016,Wyoming,56,35-44 years,35-44,Male,M,,37270,
,2016,2016,Wyoming,56,45-54 years,45-54,Male,M,21,35410,59.3
,2016,2016,Wyoming,56,55-64 years,55-64,Male,M,71,41032,173.0
,2017,2017,Alabama,01,35-44 years,35-44,Male,M,53,287109,18.5
,2017,2017,Alabama,01,45-54 years,45-54,Male,M,269,309487,86.9
,2017,2017,Alabama,01,55-64 years,55-64,Male,M,635,309412,205.2
,2017,2017,Alaska,02,35-44 years,35-44,Male,M,10,48657,
,2017,2017,Alaska,02,45-54 years,45-54,Male,M,27,47860,56.4
,2017,2017,Alaska,02,55-64 years,55-64,Male,M,74,49121,150.6
,2017,2017,Arizona,04,35-44 years,35-44,Male,M,65,433824,15.0
,2017,2017,Arizona,04,45-54 years,45-54,Male,M,245,420045,58.3
,2017,2017,Arizona,04,55-64 years,55-64,Male,M,760,402826,188.7
,2017,2017,Arkansas,05,35-44 years,35-44,Male,M,60,182119,32.9
,2017,2017,Arkansas,05,45-54 years,45-54,Male,M,225,184579,121.9
,2017,2017,Arkansas,05,55-64 years,55-64,Male,M,626,183689,340.8
,2017,2017,California,06,35-44 years,35-44,Male,M,299,2629932,11.4
,2017,2017,California,06,45-54 years,45-54,Male,M,1286,2570937,50.0
,2017,2017,California,06,55-64 years,55-64,Male,M,3536,2311806,153.0
,2017,2017,Colorado,08,35-44 years,35-44,Male,M,31,390757,7.9
,2017,2017,Colorado,08,45-54 years,45-54,Male,M,146,360888,40.5
,2017,2017,Colorado,08,55-64 years,55-64,Male,M,408,344808,118.3
,2017,2017,Connecticut,09,35-44 years,35-44,Male,M,24,206995,11.6
,2017,2017,Connecticut,09,45-54 years,45-54,Male,M,121,248242,48.7
,2017,2017,Connecticut,09,55-64 years,55-64,Male,M,321,246821,130.1
,2017,2017,Delaware,10,35-44 years,35-44,Male,M,,53717,
,2017,2017,Delaware,10,45-54 years,45-54,Male,M,37,60299,61.4
,2017,2017,Delaware,10,55-64 years,55-64,Male,M,93,62435,149.0
,2017,2017,District of Columbia,11,35-44 years,35-44,Male,M,,50402,
,2017,2017,District of Columbia,11,45-54 years,45-54,Male,M,32,38308,83.5
,2017,2017,District of Columbia,11,55-64 years,55-64,Male,M,66,33144,199.1
,2017,2017,Florida,12,35-44 years,35-44,Male,M,193,1247926,15.5
,2017,2017,Florida,12,45-54 years,45-54,Male,M,917,1357357,67.6
,2017,2017,Florida,12,55-64 years,55-64,Male,M,2374,1321056,179.7
,2017,2017,Georgia,13,35-44 years,35-44,Male,M,113,660149,17.1
,2017,2017,Georgia,13,45-54 years,45-54,Male,M,451,690169,65.3
,2017,2017,Georgia,13,55-64 years,55-64,Male,M,964,599889,160.7
,2017,2017,Hawaii,15,35-44 years,35-44,Male,M,24,91054,26.4
,2017,2017,Hawaii,15,45-54 years,45-54,Male,M,54,87408,61.8
,2017,2017,Hawaii,15,55-64 years,55-64,Male,M,127,89822,141.4
,2017,2017,Idaho,16,35-44 years,35-44,Male,M,11,107640,
,2017,2017,Idaho,16,45-54 years,45-54,Male,M,50,99739,50.1
,2017,2017,Idaho,16,55-64 years,55-64,Male,M,160,103673,154.3
,2017,2017,Illinois,17,35-44 years,35-44,Male,M,99,818631,12.1
,2017,2017,Illinois,17,45-54 years,45-54,Male,M,434,831770,52.2
,2017,2017,Illinois,17,55-64 years,55-64,Male,M,1232,807403,152.6
,2017,2017,Indiana,18,35-44 years,35-44,Male,M,98,407816,24.0
,2017,2017,Indiana,18,45-54 years,45-54,Male,M,365,425052,85.9
,2017,2017,Indiana,18,55-64 years,55-64,Male,M,875,423965,206.4
,2017,2017,Iowa,19,35-44 years,35-44,Male,M,28,189258,14.8
,2017,2017,Iowa,19,45-54 years,45-54,Male,M,155,191550,80.9
,2017,2017,Iowa,19,55-64 years,55-64,Male,M,379,206568,183.5
,2017,2017,Kansas,20,35-44 years,35-44,Male,M,31,178409,17.4
,2017,2017,Kansas,20,45-54 years,45-54,Male,M,114,172777,66.0
,2017,2017,Kansas,20,55-64 years,55-64,Male,M,345,182516,189.0
,2017,2017,Kentucky,21,35-44 years,35-44,Male,M,81,274476,29.5
,2017,2017,Kentucky,21,45-54 years,45-54,Male,M,333,291023,114.4
,2017,2017,Kentucky,21,55-64 years,55-64,Male,M,695,286284,242.8
,2017,2017,Louisiana,22,35-44 years,35-44,Male,M,81,285853,28.3
,2017,2017,Louisiana,22,45-54 years,45-54,Male,M,302,281900,107.1
,2017,2017,Louisiana,22,55-64 years,55-64,Male,M,654,289974,225.5
,2017,2017,Maine,23,35-44 years,35-44,Male,M,,74504,
,2017,2017,Maine,23,45-54 years,45-54,Male,M,41,91090,45.0
,2017,2017,Maine,23,55-64 years,55-64,Male,M,130,102252,127.1
,2017,2017,Maryland,24,35-44 years,35-44,Male,M,49,375417,13.1
,2017,2017,Maryland,24,45-54 years,45-54,Male,M,219,405841,54.0
,2017,2017,Maryland,24,55-64 years,55-64,Male,M,580,382789,151.5
,2017,2017,Massachusetts,25,35-44 years,35-44,Male,M,49,407525,12.0
,2017,2017,Massachusetts,25,45-54 years,45-54,Male,M,229,458827,49.9
,2017,2017,Massachusetts,25,55-64 years,55-64,Male,M,511,447502,114.2
,2017,2017,Michigan,26,35-44 years,35-44,Male,M,111,573211,19.4
,2017,2017,Michigan,26,45-54 years,45-54,Male,M,535,653359,81.9
,2017,2017,Michigan,26,55-64 years,55-64,Male,M,1516,679897,223.0
,2017,2017,Minnesota,27,35-44 years,35-44,Male,M,44,352388,12.5
,2017,2017,Minnesota,27,45-54 years,45-54,Male,M,200,357305,56.0
,2017,2017,Minnesota,27,55-64 years,55-64,Male,M,405,371063,109.1
,2017,2017,Mississippi,28,35-44 years,35-44,Male,M,63,176330,35.7
,2017,2017,Mississippi,28,45-54 years,45-54,Male,M,202,180798,111.7
,2017,2017,Mississippi,28,55-64 years,55-64,Male,M,479,182123,263.0
,2017,2017,Missouri,29,35-44 years,35-44,Male,M,103,366018,28.1
,2017,2017,Missouri,29,45-54 years,45-54,Male,M,356,380692,93.5
,2017,2017,Missouri,29,55-64 years,55-64,Male,M,846,398397,212.4
,2017,2017,Montana,30,35-44 years,35-44,Male,M,,62999,
,2017,2017,Montana,30,45-54 years,45-54,Male,M,39,61362,63.6
,2017,2017,Montana,30,55-64 years,55-64,Male,M,128,74278,172.3
,2017,2017,Nebraska,31,35-44 years,35-44,Male,M,21,119440,17.6
,2017,2017,Nebraska,31,45-54 years,45-54,Male,M,63,113521,55.5
,2017,2017,Nebraska,31,55-64 years,55-64,Male,M,156,119764,130.3
,2017,2017,Nevada,32,35-44 years,35-44,Male,M,35,200506,17.5
,2017,2017,Nevada,32,45-54 years,45-54,Male,M,125,200751,62.3
,2017,2017,Nevada,32,55-64 years,55-64,Male,M,382,182463,209.4
,2017,2017,New Hampshire,33,35-44 years,35-44,Male,M,,75861,
,2017,2017,New Hampshire,33,45-54 years,45-54,Male,M,47,96960,48.5
,2017,2017,New Hampshire,33,55-64 years,55-64,Male,M,146,102887,141.9
,2017,2017,New Jersey,34,35-44 years,35-44,Male,M,84,571349,14.7
,2017,2017,New Jersey,34,45-54 years,45-54,Male,M,326,622934,52.3
,2017,2017,New Jersey,34,55-64 years,55-64,Male,M,848,586428,144.6
,2017,2017,New Mexico,35,35-44 years,35-44,Male,M,23,123566,18.6
,2017,2017,New Mexico,35,45-54 years,45-54,Male,M,76,120363,63.1
,2017,2017,New Mexico,35,55-64 years,55-64,Male,M,266,131169,202.8
,2017,2017,New York,36,35-44 years,35-44,Male,M,160,1213674,13.2
,2017,2017,New York,36,45-54 years,45-54,Male,M,783,1290987,60.7
,2017,2017,New York,36,55-64 years,55-64,Male,M,2163,1244341,173.8
,2017,2017,North Carolina,37,35-44 years,35-44,Male,M,112,629693,17.8
,2017,2017,North Carolina,37,45-54 years,45-54,Male,M,448,675853,66.3
,2017,2017,North Carolina,37,55-64 years,55-64,Male,M,1189,625948,190.0
,2017,2017,North Dakota,38,35-44 years,35-44,Male,M,,46823,
,2017,2017,North Dakota,38,45-54 years,45-54,Male,M,30,42265,71.0
,2017,2017,North Dakota,38,55-64 years,55-64,Male,M,66,48269,136.7
,2017,2017,Ohio,39,35-44 years,35-44,Male,M,154,686438,22.4
,2017,2017,Ohio,39,45-54 years,45-54,Male,M,582,750039,77.6
,2017,2017,Ohio,39,55-64 years,55-64,Male,M,1613,780299,206.7
,2017,2017,Oklahoma,40,35-44 years,35-44,Male,M,56,243215,23.0
,2017,2017,Oklahoma,40,45-54 years,45-54,Male,M,258,233282,110.6
,2017,2017,Oklahoma,40,55-64 years,55-64,Male,M,653,237621,274.8
,2017,2017,Oregon,41,35-44 years,35-44,Male,M,38,276187,13.8
,2017,2017,Oregon,41,45-54 years,45-54,Male,M,119,258521,46.0
,2017,2017,Oregon,41,55-64 years,55-64,Male,M,341,263177,129.6
,2017,2017,Pennsylvania,42,35-44 years,35-44,Male,M,144,740809,19.4
,2017,2017,Pennsylvania,42,45-54 years,45-54,Male,M,545,838522,65.0
,2017,2017,Pennsylvania,42,55-64 years,55-64,Male,M,1576,878742,179.3
,2017,2017,Rhode Island,44,35-44 years,35-44,Male,M,,61287,
,2017,2017,Rhode Island,44,45-54 years,45-54,Male,M,42,69318,60.6
,2017,2017,Rhode Island,44,55-64 years,55-64,Male,M,90,71099,126.6
,2017,2017,South Carolina,45,35-44 years,35-44,Male,M,73,294285,24.8
,2017,2017,South Carolina,45,45-54 years,45-54,Male,M,273,313922,87.0
,2017,2017,South Carolina,45,55-64 years,55-64,Male,M,717,312466,229.5
,2017,2017,South Dakota,46,35-44 years,35-44,Male,M,,52216,
,2017,2017,South Dakota,46,45-54 years,45-54,Male,M,35,50490,69.3
,2017,2017,South Dakota,46,55-64 years,55-64,Male,M,104,57999,179.3
,2017,2017,Tennessee,47,35-44 years,35-44,Male,M,127,411218,30.9
,2017,2017,Tennessee,47,45-54 years,45-54,Male,M,470,436460,107.7
,2017,2017,Tennessee,47,55-64 years,55-64,Male,M,1147,417349,274.8
,2017,2017,Texas,48,35-44 years,35-44,Male,M,341,1903696,17.9
,2017,2017,Texas,48,45-54 years,45-54,Male,M,1217,1759459,69.2
,2017,2017,Texas,48,55-64 years,55-64,Male,M,3093,1544989,200.2
,2017,2017,Utah,49,35-44 years,35-44,Male,M,23,215153,10.7
,2017,2017,Utah,49,45-54 years,45-54,Male,M,66,160339,41.2
,2017,2017,Utah,49,55-64 years,55-64,Male,M,197,145379,135.5
,2017,2017,Vermont,50,35-44 years,35-44,Male,M,,34484,
,2017,2017,Vermont,50,45-54 years,45-54,Male,M,25,41017,61.0
,2017,2017,Vermont,50,55-64 years,55-64,Male,M,87,47235,184.2
,2017,2017,Virginia,51,35-44 years,35-44,Male,M,83,543549,15.3
,2017,2017,Virginia,51,45-54 years,45-54,Male,M,345,563478,61.2
,2017,2017,Virginia,51,55-64 years,55-64,Male,M,786,527784,148.9
,2017,2017,Washington,53,35-44 years,35-44,Male,M,51,493981,10.3
,2017,2017,Washington,53,45-54 years,45-54,Male,M,235,474767,49.5
,2017,2017,Washington,53,55-64 years,55-64,Male,M,662,467346,141.7
,2017,2017,West Virginia,54,35-44 years,35-44,Male,M,34,110093,30.9
,2017,2017,West Virginia,54,45-54 years,45-54,Male,M,110,119434,92.1
,2017,2017,West Virginia,54,55-64 years,55-64,Male,M,284,127473,222.8
,2017,2017,Wisconsin,55,35-44 years,35-44,Male,M,60,351227,17.1
,2017,2017,Wisconsin,55,45-54 years,45-54,Male,M,236,380860,62.0
,2017,2017,Wisconsin,55,55-64 years,55-64,Male,M,652,403332,161.7
,2017,2017,Wyoming,56,35-44 years,35-44,Male,M,,37234,
,2017,2017,Wyoming,56,45-54 years,45-54,Male,M,26,34151,76.1
,2017,2017,Wyoming,56,55-64 years,55-64,Male,M,56,40731,137.5
,2018,2018,Alabama,01,35-44 years,35-44,Male,M,68,286938,23.7
,2018,2018,Alabama,01,45-54 years,45-54,Male,M,240,304355,78.9
,2018,2018,Alabama,01,55-64 years,55-64,Male,M,632,311555,202.9
,2018,2018,Alaska,02,35-44 years,35-44,Male,M,,49425,
,2018,2018,Alaska,02,45-54 years,45-54,Male,M,28,45995,60.9
,2018,2018,Alaska,02,55-64 years,55-64,Male,M,89,48627,183.0
,2018,2018,Arizona,04,35-44 years,35-44,Male,M,56,445473,12.6
,2018,2018,Arizona,04,45-54 years,45-54,Male,M,224,421384,53.2
,2018,2018,Arizona,04,55-64 years,55-64,Male,M,669,413184,161.9
,2018,2018,Arkansas,05,35-44 years,35-44,Male,M,65,183346,35.5
,2018,2018,Arkansas,05,45-54 years,45-54,Male,M,219,181380,120.7
,2018,2018,Arkansas,05,55-64 years,55-64,Male,M,562,185005,303.8
,2018,2018,California,06,35-44 years,35-44,Male,M,281,2652887,10.6
,2018,2018,California,06,45-54 years,45-54,Male,M,1258,2525671,49.8
,2018,2018,California,06,55-64 years,55-64,Male,M,3589,2324453,154.4
,2018,2018,Colorado,08,35-44 years,35-44,Male,M,38,401251,9.5
,2018,2018,Colorado,08,45-54 years,45-54,Male,M,107,359325,29.8
,2018,2018,Colorado,08,55-64 years,55-64,Male,M,422,346525,121.8
,2018,2018,Connecticut,09,35-44 years,35-44,Male,M,31,207605,14.9
,2018,2018,Connecticut,09,45-54 years,45-54,Male,M,140,239597,58.4
,2018,2018,Connecticut,09,55-64 years,55-64,Male,M,340,247296,137.5
,2018,2018,Delaware,10,35-44 years,35-44,Male,M,,54473,
,2018,2018,Delaware,10,45-54 years,45-54,Male,M,37,58741,63.0
,2018,2018,Delaware,10,55-64 years,55-64,Male,M,75,63601,117.9
,2018,2018,District of Columbia,11,35-44 years,35-44,Male,M,,52150,
,2018,2018,District of Columbia,11,45-54 years,45-54,Male,M,25,37836,66.1
,2018,2018,District of Columbia,11,55-64 years,55-64,Male,M,103,33464,307.8
,2018,2018,Florida,12,35-44 years,35-44,Male,M,195,1273783,15.3
,2018,2018,Florida,12,45-54 years,45-54,Male,M,838,1346683,62.2
,2018,2018,Florida,12,55-64 years,55-64,Male,M,2456,1350800,181.8
,2018,2018,Georgia,13,35-44 years,35-44,Male,M,118,661938,17.8
,2018,2018,Georgia,13,45-54 years,45-54,Male,M,440,685506,64.2
,2018,2018,Georgia,13,55-64 years,55-64,Male,M,1011,610792,165.5
,2018,2018,Hawaii,15,35-44 years,35-44,Male,M,12,91257,
,2018,2018,Hawaii,15,45-54 years,45-54,Male,M,53,85366,62.1
,2018,2018,Hawaii,15,55-64 years,55-64,Male,M,140,88712,157.8
,2018,2018,Idaho,16,35-44 years,35-44,Male,M,10,111348,
,2018,2018,Idaho,16,45-54 years,45-54,Male,M,59,100396,58.8
,2018,2018,Idaho,16,55-64 years,55-64,Male,M,165,104779,157.5
,2018,2018,Illinois,17,35-44 years,35-44,Male,M,123,819372,15.0
,2018,2018,Illinois,17,45-54 years,45-54,Male,M,452,810261,55.8
,2018,2018,Illinois,17,55-64 years,55-64,Male,M,1241,807085,153.8
,2018,2018,Indiana,18,35-44 years,35-44,Male,M,91,410260,22.2
,2018,2018,Indiana,18,45-54 years,45-54,Male,M,337,417995,80.6
,2018,2018,Indiana,18,55-64 years,55-64,Male,M,866,425033,203.7
,2018,2018,Iowa,19,35-44 years,35-44,Male,M,32,193396,16.5
,2018,2018,Iowa,19,45-54 years,45-54,Male,M,127,186836,68.0
,2018,2018,Iowa,19,55-64 years,55-64,Male,M,439,206316,212.8
,2018,2018,Kansas,20,35-44 years,35-44,Male,M,30,180333,16.6
,2018,2018,Kansas,20,45-54 years,45-54,Male,M,133,168160,79.1
,2018,2018,Kansas,20,55-64 years,55-64,Male,M,333,182060,182.9
,2018,2018,Kentucky,21,35-44 years,35-44,Male,M,84,275188,30.5
,2018,2018,Kentucky,21,45-54 years,45-54,Male,M,326,285313,114.3
,2018,2018,Kentucky,21,55-64 years,55-64,Male,M,755,287608,262.5
,2018,2018,Louisiana,22,35-44 years,35-44,Male,M,65,287906,22.6
,2018,2018,Louisiana,22,45-54 years,45-54,Male,M,251,274113,91.6
,2018,2018,Louisiana,22,55-64 years,55-64,Male,M,693,289506,239.4
,2018,2018,Maine,23,35-44 years,35-44,Male,M,16,75087,
,2018,2018,Maine,23,45-54 years,45-54,Male,M,39,88172,44.2
,2018,2018,Maine,23,55-64 years,55-64,Male,M,118,102387,115.2
,2018,2018,Maryland,24,35-44 years,35-44,Male,M,51,377414,13.5
,2018,2018,Maryland,24,45-54 years,45-54,Male,M,238,393555,60.5
,2018,2018,Maryland,24,55-64 years,55-64,Male,M,595,385450,154.4
,2018,2018,Massachusetts,25,35-44 years,35-44,Male,M,42,413554,10.2
,2018,2018,Massachusetts,25,45-54 years,45-54,Male,M,182,446807,40.7
,2018,2018,Massachusetts,25,55-64 years,55-64,Male,M,553,451692,122.4
,2018,2018,Michigan,26,35-44 years,35-44,Male,M,126,577666,21.8
,2018,2018,Michigan,26,45-54 years,45-54,Male,M,520,637110,81.6
,2018,2018,Michigan,26,55-64 years,55-64,Male,M,1466,681307,215.2
,2018,2018,Minnesota,27,35-44 years,35-44,Male,M,30,360788,8.3
,2018,2018,Minnesota,27,45-54 years,45-54,Male,M,180,347595,51.8
,2018,2018,Minnesota,27,55-64 years,55-64,Male,M,407,373447,109.0
,2018,2018,Mississippi,28,35-44 years,35-44,Male,M,61,177329,34.4
,2018,2018,Mississippi,28,45-54 years,45-54,Male,M,196,177691,110.3
,2018,2018,Mississippi,28,55-64 years,55-64,Male,M,459,183107,250.7
,2018,2018,Missouri,29,35-44 years,35-44,Male,M,94,370346,25.4
,2018,2018,Missouri,29,45-54 years,45-54,Male,M,326,370384,88.0
,2018,2018,Missouri,29,55-64 years,55-64,Male,M,920,401127,229.4
,2018,2018,Montana,30,35-44 years,35-44,Male,M,,64797,
,2018,2018,Montana,30,45-54 years,45-54,Male,M,39,60396,64.6
,2018,2018,Montana,30,55-64 years,55-64,Male,M,169,73700,229.3
,2018,2018,Nebraska,31,35-44 years,35-44,Male,M,14,121949,
,2018,2018,Nebraska,31,45-54 years,45-54,Male,M,60,111151,54.0
,2018,2018,Nebraska,31,55-64 years,55-64,Male,M,166,119990,138.3
,2018,2018,Nevada,32,35-44 years,35-44,Male,M,24,203505,11.8
,2018,2018,Nevada,32,45-54 years,45-54,Male,M,120,200243,59.9
,2018,2018,Nevada,32,55-64 years,55-64,Male,M,390,185719,210.0
,2018,2018,New Hampshire,33,35-44 years,35-44,Male,M,11,77466,
,2018,2018,New Hampshire,33,45-54 years,45-54,Male,M,79,94149,83.9
,2018,2018,New Hampshire,33,55-64 years,55-64,Male,M,146,104235,140.1
,2018,2018,New Jersey,34,35-44 years,35-44,Male,M,79,565353,14.0
,2018,2018,New Jersey,34,45-54 years,45-54,Male,M,296,602789,49.1
,2018,2018,New Jersey,34,55-64 years,55-64,Male,M,835,588230,142.0
,2018,2018,New Mexico,35,35-44 years,35-44,Male,M,21,126253,16.6
,2018,2018,New Mexico,35,45-54 years,45-54,Male,M,82,118049,69.5
,2018,2018,New Mexico,35,55-64 years,55-64,Male,M,265,130972,202.3
,2018,2018,New York,36,35-44 years,35-44,Male,M,184,1198387,15.4
,2018,2018,New York,36,45-54 years,45-54,Male,M,780,1241263,62.8
,2018,2018,New York,36,55-64 years,55-64,Male,M,2239,1242850,180.2
,2018,2018,North Carolina,37,35-44 years,35-44,Male,M,120,631134,19.0
,2018,2018,North Carolina,37,45-54 years,45-54,Male,M,462,671933,68.8
,2018,2018,North Carolina,37,55-64 years,55-64,Male,M,1223,636355,192.2
,2018,2018,North Dakota,38,35-44 years,35-44,Male,M,10,48016,
,2018,2018,North Dakota,38,45-54 years,45-54,Male,M,23,41137,55.9
,2018,2018,North Dakota,38,55-64 years,55-64,Male,M,70,47869,146.2
,2018,2018,Ohio,39,35-44 years,35-44,Male,M,159,691546,23.0
,2018,2018,Ohio,39,45-54 years,45-54,Male,M,625,733599,85.2
,2018,2018,Ohio,39,55-64 years,55-64,Male,M,1578,779388,202.5
,2018,2018,Oklahoma,40,35-44 years,35-44,Male,M,54,246322,21.9
,2018,2018,Oklahoma,40,45-54 years,45-54,Male,M,208,229029,90.8
,2018,2018,Oklahoma,40,55-64 years,55-64,Male,M,552,238648,231.3
,2018,2018,Oregon,41,35-44 years,35-44,Male,M,14,282597,
,2018,2018,Oregon,41,45-54 years,45-54,Male,M,80,257487,31.1
,2018,2018,Oregon,41,55-64 years,55-64,Male,M,290,261776,110.8
,2018,2018,Pennsylvania,42,35-44 years,35-44,Male,M,113,748035,15.1
,2018,2018,Pennsylvania,42,45-54 years,45-54,Male,M,567,816056,69.5
,2018,2018,Pennsylvania,42,55-64 years,55-64,Male,M,1596,877084,182.0
,2018,2018,Rhode Island,44,35-44 years,35-44,Male,M,,61743,
,2018,2018,Rhode Island,44,45-54 years,45-54,Male,M,32,67536,47.4
,2018,2018,Rhode Island,44,55-64 years,55-64,Male,M,124,71173,174.2
,2018,2018,South Carolina,45,35-44 years,35-44,Male,M,68,297174,22.9
,2018,2018,South Carolina,45,45-54 years,45-54,Male,M,274,311729,87.9
,2018,2018,South Carolina,45,55-64 years,55-64,Male,M,630,317996,198.1
,2018,2018,South Dakota,46,35-44 years,35-44,Male,M,12,53748,
,2018,2018,South Dakota,46,45-54 years,45-54,Male,M,36,49320,73.0
,2018,2018,South Dakota,46,55-64 years,55-64,Male,M,113,58278,193.9
,2018,2018,Tennessee,47,35-44 years,35-44,Male,M,101,414100,24.4
,2018,2018,Tennessee,47,45-54 years,45-54,Male,M,511,432404,118.2
,2018,2018,Tennessee,47,55-64 years,55-64,Male,M,1155,422206,273.6
,2018,2018,Texas,48,35-44 years,35-44,Male,M,347,1946312,17.8
,2018,2018,Texas,48,45-54 years,45-54,Male,M,1229,1762621,69.7
,2018,2018,Texas,48,55-64 years,55-64,Male,M,3184,1570024,202.8
,2018,2018,Utah,49,35-44 years,35-44,Male,M,23,221173,10.4
,2018,2018,Utah,49,45-54 years,45-54,Male,M,65,162894,39.9
,2018,2018,Utah,49,55-64 years,55-64,Male,M,123,147287,83.5
,2018,2018,Vermont,50,35-44 years,35-44,Male,M,,34918,
,2018,2018,Vermont,50,45-54 years,45-54,Male,M,30,39691,75.6
,2018,2018,Vermont,50,55-64 years,55-64,Male,M,94,46990,200.0
,2018,2018,Virginia,51,35-44 years,35-44,Male,M,70,549341,12.7
,2018,2018,Virginia,51,45-54 years,45-54,Male,M,336,552052,60.9
,2018,2018,Virginia,51,55-64 years,55-64,Male,M,796,532585,149.5
,2018,2018,Washington,53,35-44 years,35-44,Male,M,57,509774,11.2
,2018,2018,Washington,53,45-54 years,45-54,Male,M,213,469139,45.4
,2018,2018,Washington,53,55-64 years,55-64,Male,M,704,469403,150.0
,2018,2018,West Virginia,54,35-44 years,35-44,Male,M,33,108963,30.3
,2018,2018,West Virginia,54,45-54 years,45-54,Male,M,125,117479,106.4
,2018,2018,West Virginia,54,55-64 years,55-64,Male,M,347,125636,276.2
,2018,2018,Wisconsin,55,35-44 years,35-44,Male,M,75,356716,21.0
,2018,2018,Wisconsin,55,45-54 years,45-54,Male,M,230,369540,62.2
,2018,2018,Wisconsin,55,55-64 years,55-64,Male,M,637,405508,157.1
,2018,2018,Wyoming,56,35-44 years,35-44,Male,M,,37765,
,2018,2018,Wyoming,56,45-54 years,45-54,Male,M,23,33289,69.1
,2018,2018,Wyoming,56,55-64 years,55-64,Male,M,67,40043,167.3
,2019,2019,Alabama,01,35-44 years,35-44,Male,M,68,286580,23.7
,2019,2019,Alabama,01,45-54 years,45-54,Male,M,227,298707,76.0
,2019,2019,Alabama,01,55-64 years,55-64,Male,M,538,312875,172.0
,2019,2019,Alaska,02,35-44 years,35-44,Male,M,,49965,
,2019,2019,Alaska,02,45-54 years,45-54,Male,M,18,44498,
,2019,2019,Alaska,02,55-64 years,55-64,Male,M,78,48070,162.3
,2019,2019,Arizona,04,35-44 years,35-44,Male,M,61,453981,13.4
,2019,2019,Arizona,04,45-54 years,45-54,Male,M,242,422444,57.3
,2019,2019,Arizona,04,55-64 years,55-64,Male,M,653,420745,155.2
,2019,2019,Arkansas,05,35-44 years,35-44,Male,M,61,184214,33.1
,2019,2019,Arkansas,05,45-54 years,45-54,Male,M,226,177974,127.0
,2019,2019,Arkansas,05,55-64 years,55-64,Male,M,604,185818,325.0
,2019,2019,California,06,35-44 years,35-44,Male,M,290,2672579,10.9
,2019,2019,California,06,45-54 years,45-54,Male,M,1221,2480371,49.2
,2019,2019,California,06,55-64 years,55-64,Male,M,3582,2331519,153.6
,2019,2019,Colorado,08,35-44 years,35-44,Male,M,42,410797,10.2
,2019,2019,Colorado,08,45-54 years,45-54,Male,M,133,358522,37.1
,2019,2019,Colorado,08,55-64 years,55-64,Male,M,403,347948,115.8
,2019,2019,Connecticut,09,35-44 years,35-44,Male,M,18,209855,
,2019,2019,Connecticut,09,45-54 years,45-54,Male,M,127,230814,55.0
,2019,2019,Connecticut,09,55-64 years,55-64,Male,M,293,247875,118.2
,2019,2019,Delaware,10,35-44 years,35-44,Male,M,,55361,
,2019,2019,Delaware,10,45-54 years,45-54,Male,M,25,56871,44.0
,2019,2019,Delaware,10,55-64 years,55-64,Male,M,91,64598,140.9
,2019,2019,District of Columbia,11,35-44 years,35-44,Male,M,,53422,
,2019,2019,District of Columbia,11,45-54 years,45-54,Male,M,23,37134,61.9
,2019,2019,District of Columbia,11,55-64 years,55-64,Male,M,83,33520,247.6
,2019,2019,Florida,12,35-44 years,35-44,Male,M,187,1290616,14.5
,2019,2019,Florida,12,45-54 years,45-54,Male,M,788,1327978,59.3
,2019,2019,Florida,12,55-64 years,55-64,Male,M,2464,1374993,179.2
,2019,2019,Georgia,13,35-44 years,35-44,Male,M,140,665809,21.0
,2019,2019,Georgia,13,45-54 years,45-54,Male,M,438,678591,64.5
,2019,2019,Georgia,13,55-64 years,55-64,Male,M,963,622328,154.7
,2019,2019,Hawaii,15,35-44 years,35-44,Male,M,10,92091,
,2019,2019,Hawaii,15,45-54 years,45-54,Male,M,55,83829,65.6
,2019,2019,Hawaii,15,55-64 years,55-64,Male,M,126,87900,143.3
,2019,2019,Idaho,16,35-44 years,35-44,Male,M,17,114920,
,2019,2019,Idaho,16,45-54 years,45-54,Male,M,47,101802,46.2
,2019,2019,Idaho,16,55-64 years,55-64,Male,M,146,106369,137.3
,2019,2019,Illinois,17,35-44 years,35-44,Male,M,124,818830,15.1
,2019,2019,Illinois,17,45-54 years,45-54,Male,M,420,790615,53.1
,2019,2019,Illinois,17,55-64 years,55-64,Male,M,1186,804184,147.5
,2019,2019,Indiana,18,35-44 years,35-44,Male,M,80,413531,19.3
,2019,2019,Indiana,18,45-54 years,45-54,Male,M,328,410007,80.0
,2019,2019,Indiana,18,55-64 years,55-64,Male,M,806,425919,189.2
,2019,2019,Iowa,19,35-44 years,35-44,Male,M,32,196197,16.3
,2019,2019,Iowa,19,45-54 years,45-54,Male,M,138,182609,75.6
,2019,2019,Iowa,19,55-64 years,55-64,Male,M,471,205215,229.5
,2019,2019,Kansas,20,35-44 years,35-44,Male,M,34,182577,18.6
,2019,2019,Kansas,20,45-54 years,45-54,Male,M,109,164077,66.4
,2019,2019,Kansas,20,55-64 years,55-64,Male,M,325,181402,179.2
,2019,2019,Kentucky,21,35-44 years,35-44,Male,M,57,274334,20.8
,2019,2019,Kentucky,21,45-54 years,45-54,Male,M,310,278933,111.1
,2019,2019,Kentucky,21,55-64 years,55-64,Male,M,667,287826,231.7
,2019,2019,Louisiana,22,35-44 years,35-44,Male,M,70,290218,24.1
,2019,2019,Louisiana,22,45-54 years,45-54,Male,M,235,266781,88.1
,2019,2019,Louisiana,22,55-64 years,55-64,Male,M,649,288597,224.9
,2019,2019,Maine,23,35-44 years,35-44,Male,M,,75986,
,2019,2019,Maine,23,45-54 years,45-54,Male,M,34,85439,39.8
,2019,2019,Maine,23,55-64 years,55-64,Male,M,123,102201,120.4
,2019,2019,Maryland,24,35-44 years,35-44,Male,M,47,381504,12.3
,2019,2019,Maryland,24,45-54 years,45-54,Male,M,183,381969,47.9
,2019,2019,Maryland,24,55-64 years,55-64,Male,M,580,388761,149.2
,2019,2019,Massachusetts,25,35-44 years,35-44,Male,M,59,417665,14.1
,2019,2019,Massachusetts,25,45-54 years,45-54,Male,M,192,433198,44.3
,2019,2019,Massachusetts,25,55-64 years,55-64,Male,M,488,453400,107.6
,2019,2019,Michigan,26,35-44 years,35-44,Male,M,115,579993,19.8
,2019,2019,Michigan,26,45-54 years,45-54,Male,M,470,619041,75.9
,2019,2019,Michigan,26,55-64 years,55-64,Male,M,1448,680215,212.9
,2019,2019,Minnesota,27,35-44 years,35-44,Male,M,43,368434,11.7
,2019,2019,Minnesota,27,45-54 years,45-54,Male,M,143,338551,42.2
,2019,2019,Minnesota,27,55-64 years,55-64,Male,M,358,374640,95.6
,2019,2019,Mississippi,28,35-44 years,35-44,Male,M,84,177500,47.3
,2019,2019,Mississippi,28,45-54 years,45-54,Male,M,216,174343,123.9
,2019,2019,Mississippi,28,55-64 years,55-64,Male,M,489,183200,266.9
,2019,2019,Missouri,29,35-44 years,35-44,Male,M,109,375017,29.1
,2019,2019,Missouri,29,45-54 years,45-54,Male,M,340,361189,94.1
,2019,2019,Missouri,29,55-64 years,55-64,Male,M,880,401982,218.9
,2019,2019,Montana,30,35-44 years,35-44,Male,M,12,66489,
,2019,2019,Montana,30,45-54 years,45-54,Male,M,49,59353,82.6
,2019,2019,Montana,30,55-64 years,55-64,Male,M,136,73015,186.3
,2019,2019,Nebraska,31,35-44 years,35-44,Male,M,16,123878,
,2019,2019,Nebraska,31,45-54 years,45-54,Male,M,57,109261,52.2
,2019,2019,Nebraska,31,55-64 years,55-64,Male,M,143,119759,119.4
,2019,2019,Nevada,32,35-44 years,35-44,Male,M,28,207654,13.5
,2019,2019,Nevada,32,45-54 years,45-54,Male,M,122,199314,61.2
,2019,2019,Nevada,32,55-64 years,55-64,Male,M,389,189422,205.4
,2019,2019,New Hampshire,33,35-44 years,35-44,Male,M,,78361,
,2019,2019,New Hampshire,33,45-54 years,45-54,Male,M,56,90663,61.8
,2019,2019,New Hampshire,33,55-64 years,55-64,Male,M,158,105037,150.4
,2019,2019,New Jersey,34,35-44 years,35-44,Male,M,82,565072,14.5
,2019,2019,New Jersey,34,45-54 years,45-54,Male,M,289,586501,49.3
,2019,2019,New Jersey,34,55-64 years,55-64,Male,M,806,590363,136.5
,2019,2019,New Mexico,35,35-44 years,35-44,Male,M,27,128478,21.0
,2019,2019,New Mexico,35,45-54 years,45-54,Male,M,116,115753,100.2
,2019,2019,New Mexico,35,55-64 years,55-64,Male,M,309,130258,237.2
,2019,2019,New York,36,35-44 years,35-44,Male,M,160,1199172,13.3
,2019,2019,New York,36,45-54 years,45-54,Male,M,741,1201262,61.7
,2019,2019,New York,36,55-64 years,55-64,Male,M,2139,1244122,171.9
,2019,2019,North Carolina,37,35-44 years,35-44,Male,M,105,634295,16.6
,2019,2019,North Carolina,37,45-54 years,45-54,Male,M,431,664670,64.8
,2019,2019,North Carolina,37,55-64 years,55-64,Male,M,1144,646738,176.9
,2019,2019,North Dakota,38,35-44 years,35-44,Male,M,,49153,
,2019,2019,North Dakota,38,45-54 years,45-54,Male,M,25,40304,62.0
,2019,2019,North Dakota,38,55-64 years,55-64,Male,M,84,47408,177.2
,2019,2019,Ohio,39,35-44 years,35-44,Male,M,129,694155,18.6
,2019,2019,Ohio,39,45-54 years,45-54,Male,M,537,715272,75.1
,2019,2019,Ohio,39,55-64 years,55-64,Male,M,1601,776529,206.2
,2019,2019,Oklahoma,40,35-44 years,35-44,Male,M,59,250188,23.6
,2019,2019,Oklahoma,40,45-54 years,45-54,Male,M,199,225845,88.1
,2019,2019,Oklahoma,40,55-64 years,55-64,Male,M,503,238552,210.9
,2019,2019,Oregon,41,35-44 years,35-44,Male,M,24,287088,8.4
,2019,2019,Oregon,41,45-54 years,45-54,Male,M,90,256507,35.1
,2019,2019,Oregon,41,55-64 years,55-64,Male,M,296,259421,114.1
,2019,2019,Pennsylvania,42,35-44 years,35-44,Male,M,132,756651,17.4
,2019,2019,Pennsylvania,42,45-54 years,45-54,Male,M,506,792480,63.9
,2019,2019,Pennsylvania,42,55-64 years,55-64,Male,M,1559,874819,178.2
,2019,2019,Rhode Island,44,35-44 years,35-44,Male,M,11,62555,
,2019,2019,Rhode Island,44,45-54 years,45-54,Male,M,39,65511,59.5
,2019,2019,Rhode Island,44,55-64 years,55-64,Male,M,97,71376,135.9
,2019,2019,South Carolina,45,35-44 years,35-44,Male,M,63,301410,20.9
,2019,2019,South Carolina,45,45-54 years,45-54,Male,M,255,308762,82.6
,2019,2019,South Carolina,45,55-64 years,55-64,Male,M,613,323337,189.6
,2019,2019,South Dakota,46,35-44 years,35-44,Male,M,12,54810,
,2019,2019,South Dakota,46,45-54 years,45-54,Male,M,38,48303,78.7
,2019,2019,South Dakota,46,55-64 years,55-64,Male,M,126,58485,215.4
,2019,2019,Tennessee,47,35-44 years,35-44,Male,M,93,417533,22.3
,2019,2019,Tennessee,47,45-54 years,45-54,Male,M,447,426905,104.7
,2019,2019,Tennessee,47,55-64 years,55-64,Male,M,1255,426239,294.4
,2019,2019,Texas,48,35-44 years,35-44,Male,M,347,1978928,17.5
,2019,2019,Texas,48,45-54 years,45-54,Male,M,1148,1762790,65.1
,2019,2019,Texas,48,55-64 years,55-64,Male,M,2931,1591565,184.2
,2019,2019,Utah,49,35-44 years,35-44,Male,M,19,225425,
,2019,2019,Utah,49,45-54 years,45-54,Male,M,50,166434,30.0
,2019,2019,Utah,49,55-64 years,55-64,Male,M,167,148584,112.4
,2019,2019,Vermont,50,35-44 years,35-44,Male,M,,35215,
,2019,2019,Vermont,50,45-54 years,45-54,Male,M,30,38510,77.9
,2019,2019,Vermont,50,55-64 years,55-64,Male,M,88,46408,189.6
,2019,2019,Virginia,51,35-44 years,35-44,Male,M,94,553854,17.0
,2019,2019,Virginia,51,45-54 years,45-54,Male,M,323,540317,59.8
,2019,2019,Virginia,51,55-64 years,55-64,Male,M,783,536633,145.9
,2019,2019,Washington,53,35-44 years,35-44,Male,M,49,523054,9.4
,2019,2019,Washington,53,45-54 years,45-54,Male,M,221,464461,47.6
,2019,2019,Washington,53,55-64 years,55-64,Male,M,659,469642,140.3
,2019,2019,West Virginia,54,35-44 years,35-44,Male,M,30,107501,27.9
,2019,2019,West Virginia,54,45-54 years,45-54,Male,M,121,115010,105.2
,2019,2019,West Virginia,54,55-64 years,55-64,Male,M,286,123655,231.3
,2019,2019,Wisconsin,55,35-44 years,35-44,Male,M,47,360703,13.0
,2019,2019,Wisconsin,55,45-54 years,45-54,Male,M,242,358687,67.5
,2019,2019,Wisconsin,55,55-64 years,55-64,Male,M,647,406441,159.2
,2019,2019,Wyoming,56,35-44 years,35-44,Male,M,,38482,
,2019,2019,Wyoming,56,45-54 years,45-54,Male,M,25,32804,76.2
,2019,2019,Wyoming,56,55-64 years,55-64,Male,M,47,39311,119.6
---,,,,,,,,,,,
"Dataset: Multiple Cause of Death, 1999-2020",,,,,,,,,,,
Query Parameters:,,,,,,,,,,,
Sex: Male,,,,,,,,,,,
Ten-Year Age Groups: 35-44 years; 45-54 years; 55-64 years,,,,,,,,,,,
UCD - ICD-10 113 Cause List: Ischemic heart diseases (I20-I25),,,,,,,,,,,
Year/Month: 1999; 2000; 2001; 2002; 2003; 2004; 2005; 2006; 2007; 2008; 2009; 2010; 2011; 2012; 2013; 2014; 2015; 2016; 2017;,,,,,,,,,,,
2018; 2019,,,,,,,,,,,
Group By: Year; State; Ten-Year Age Groups; Sex,,,,,,,,,,,
Show Totals: Disabled,,,,,,,,,,,
Show Zero Values: True,,,,,,,,,,,
Show Suppressed: True,,,,,,,,,,,
"Calculate Rates Per: 100,000",,,,,,,,,,,
Rate Options: Default intercensal populations for years 2001-2009 (except Infant Age Groups),,,,,,,,,,,
---,,,,,,,,,,,
Help: See http://wonder.cdc.gov/wonder/help/mcd.html for more information.,,,,,,,,,,,
---,,,,,,,,,,,
"Query Date: Apr 23, 2026 12:27:04 AM",,,,,,,,,,,
---,,,,,,,,,,,
"Suggested Citation: Centers for Disease Control and Prevention, National Center for Health Statistics. National Vital Statistics",,,,,,,,,,,
"System, Mortality 1999-2020 on CDC WONDER Online Database, released in 2021. Data are from the Multiple Cause of Death Files,",,,,,,,,,,,
"1999-2020, as compiled from data provided by the 57 vital statistics jurisdictions through the Vital Statistics Cooperative",,,,,,,,,,,
"Program. Accessed at http://wonder.cdc.gov/mcd-icd10.html on Apr 23, 2026 12:27:04 AM",,,,,,,,,,,
---,,,,,,,,,,,
Messages:,,,,,,,,,,,
1. Totals are not available for these results due to suppression constraints. More Information:,,,,,,,,,,,
http://wonder.cdc.gov/wonder/help/faq.html#Privacy.,,,,,,,,,,,
---,,,,,,,,,,,
Caveats:,,,,,,,,,,,
"1. As of April 3, 2017, the underlying cause of death has been revised for 125 deaths in 2014. More information:",,,,,,,,,,,
http://wonder.cdc.gov/wonder/help/mcd.html#2014-Revision.,,,,,,,,,,,
2. Circumstances in Georgia for the years 2008 and 2009 have resulted in unusually high death counts for the ICD-10 cause of,,,,,,,,,,,
"death code R99, ""Other ill-defined and unspecified causes of mortality."" Caution should be used in interpreting these data.",,,,,,,,,,,
More information: http://wonder.cdc.gov/wonder/help/mcd.html#Georgia-Reporting-Anomalies.,,,,,,,,,,,
3. Circumstances in New Jersey for the year 2009 have resulted in unusually high death counts for the ICD-10 cause of death code,,,,,,,,,,,
"R99, ""Other ill-defined and unspecified causes of mortality"" and therefore unusually low death counts in other ICD-10 codes,",,,,,,,,,,,
"most notably R95, ""Sudden Infant Death Syndrome"" and X40-X49, ""Unintentional poisoning."" Caution should be used in",,,,,,,,,,,
interpreting these data. More information: http://wonder.cdc.gov/wonder/help/mcd.html#New-Jersey-Reporting-Anomalies.,,,,,,,,,,,
"4. Circumstances in California resulted in unusually high death counts for the ICD-10 cause of death code R99, ""Other",,,,,,,,,,,
"ill-defined and unspecified causes of mortality"" for deaths occurring in years 2000 and 2001. Caution should be used in",,,,,,,,,,,
interpreting these data. More information: http://wonder.cdc.gov/wonder/help/mcd.html#California-Reporting-Anomalies.,,,,,,,,,,,
5. Data are Suppressed when the data meet the criteria for confidentiality constraints. More information:,,,,,,,,,,,
http://wonder.cdc.gov/wonder/help/mcd.html#Assurance of Confidentiality.,,,,,,,,,,,
6. Death rates are flagged as Unreliable when the rate is calculated with a numerator of 20 or less. More information:,,,,,,,,,,,
http://wonder.cdc.gov/wonder/help/mcd.html#Unreliable.,,,,,,,,,,,
"7. Deaths of persons with Age ""Not Stated"" are included in ""All"" counts and rates, but are not distributed among age groups,",,,,,,,,,,,
"so are not included in age-specific counts, age-specific rates or in any age-adjusted rates. More information:",,,,,,,,,,,
http://wonder.cdc.gov/wonder/help/mcd.html#Not Stated.,,,,,,,,,,,
"8. The population figures for year 2020 are bridged-race estimates of the July 1 resident population, from the Vintage 2020",,,,,,,,,,,
"postcensal series released by NCHS on September 22, 2021. The population figures for year 2019 are bridged-race estimates of the",,,,,,,,,,,
"July 1 resident population, from the Vintage 2019 postcensal series released by NCHS on July 9, 2020. The population figures for",,,,,,,,,,,
"year 2018 are bridged-race estimates of the July 1 resident population, from the Vintage 2018 postcensal series released by NCHS",,,,,,,,,,,
"on June 25, 2019. The population figures for year 2017 are bridged-race estimates of the July 1 resident population, from the",,,,,,,,,,,
"Vintage 2017 postcensal series released by NCHS on June 27, 2018. The population figures for year 2016 are bridged-race",,,,,,,,,,,
"estimates of the July 1 resident population, from the Vintage 2016 postcensal series released by NCHS on June 26, 2017. The",,,,,,,,,,,
"population figures for year 2015 are bridged-race estimates of the July 1 resident population, from the Vintage 2015 postcensal",,,,,,,,,,,
"series released by NCHS on June 28, 2016. The population figures for year 2014 are bridged-race estimates of the July 1 resident",,,,,,,,,,,
"population, from the Vintage 2014 postcensal series released by NCHS on June 30, 2015. The population figures for year 2013 are",,,,,,,,,,,
"bridged-race estimates of the July 1 resident population, from the Vintage 2013 postcensal series released by NCHS on June 26,",,,,,,,,,,,
"2014. The population figures for year 2012 are bridged-race estimates of the July 1 resident population, from the Vintage 2012",,,,,,,,,,,
"postcensal series released by NCHS on June 13, 2013. Population figures for 2011 are bridged-race estimates of the July 1",,,,,,,,,,,
"resident population, from the county-level postcensal Vintage 2011 series released by NCHS on July 18, 2012. Population figures",,,,,,,,,,,
"for 2010 are April 1 Census counts. The population figures for years 2001 - 2009, are bridged-race estimates of the July 1",,,,,,,,,,,
"resident population, from the revised intercensal county-level 2000 - 2009 series released by NCHS on October 26, 2012.",,,,,,,,,,,
Population figures for 2000 are April 1 Census counts. Population figures for 1999 are from the 1990-1999 intercensal series of,,,,,,,,,,,
July 1 estimates. Population figures for Infant Age Groups are the number of live births. <br/><b>Note:</b> Rates and population,,,,,,,,,,,
"figures for years 2001 - 2009 differ slightly from previously published reports, due to use of the population estimates which",,,,,,,,,,,
were available at the time of release.,,,,,,,,,,,
